text,labels
#جاري_التحقيق-الحلقة الحادية عشر الأربعاء 15 رمضان - 24 يوليو 2013 الإعلامي خالد صلاح … … #يوسف_الح…,2
صحيفة الشرق القطرية/ #أوباما: #ميانمار لن تنجح إذا قمع #المسلمون #أخبار - عبر تطبيق نبض,2
فيه 3 شباب لابسين خوذ وشايلين عصيان بيوقفوا العربيات الملاكي عشوائيا ناصبة فندق شبرد الكورنيش لو عسكري واحد وقف حيمشيهم …,2
#اسكندرية : الاسكندرية على مر العصور ستظل مركز الحضارة والثقافة والنور للعالم د/ طه حسين,2
شفت كل شي بالحياه بس اول مرة اشوف شب حامل طبلة بالرابية بطبل عشان ال #عشنا_وشفنا,0
_96 سامي يعبث بتاريخ الزعيم جعل اكبر افراحنا الفوز ببطولة اولمبي #ارحل,1
الاثنين.. نظر طعن علاء عبدالفتاح ضد حبسه,2
ما يدعو للضحك والرثاء معا انا الإخوان بسبب غبائهم الفطري و نقيصتي الخيانة و الجبن المتأصلتين بهما يظنون ان الفرد يدافع عن بقائه لا وطنه #مصر,0
"خليكوا فاكرين ان #6ابريل دول كانوا بيقولوا #مرسي عايز يأخون القضاء لما حب يطهره""",2
وبعز الكلام سكت الكلام #عبدالحليم_حافظ,2
الثائر الحقيقي هو الذي يؤمن ان الجاهزية الثورية هيا صمام امان ثورته ووطنه لاينبغي ان يثق في احد #اليمن #الشعب_يقول_كلمته …,2
هجوم البلطجية تحت حماية الجيش والشرطة انطلق فى بورسعيد والزقازيق وبنها جرائم جديدة فى ملف عصابة الانقلاب الملف اكتظ وفاض,0
إخلاء سبيل #سما_المصرىوغرامة 20 ألف جنيه لاتهامها ببث قناة #فلول بدون ترخيص,2
أيامنا هذه هى أيام اختلال مفزع لمعايير الحكم على الأمور فى المجال العام فى مصر وفى بلاد العرب,0
صورة متحركة لهدف #ميسي /,2
المشرف على لجنة بالفيوم ليس القاضي المعلن عنه,2
قبل حدوث #الحرب_العالمية_الثالثة ستظهر قوى اخرى غير #روسيا و #الصين على هيئة دول او تحالفات عظمى #تنظير #سياسي,2
شعب #هاشتاج بطبعه :) :) :),2
القبض على الإخواني أسامة ياسين واعترافات خطيرة بالفرقة 95 إخوان #السادة_المحترمون …,2
"فيديو صادم أب روسي يدع ابنه يدخن و""الأم"" تضحك #العربية #روسيا",2
شاهدوا لقطات من جنازة محمد وليد الجفالى - قصه لحسن الخاتمه على هذا الرابط :,2
حرية الحركة الطلابية وحقها فى العمل السياسى جزءأصيل من الحريات العامة التى ناضلنا من أجلها منذ السبعينياتالثورة تفرض لائحة طلابية ديمقراطية,3
وهو مين ممكن يسمحلك انك تقابله ف اليوم 5 مرات غير #ربنا :),2
شاهد: لقاء دعمرو خالد ودأحمد جمال الدين مع لميس الحديدي وحديث مفصل حول إنشاء حزب مصر في برنامج: هنا العاصمة,2
الأسواني:لماذا تصر الولايات المتحدة على استمرارها في دعم مرسي للنهاية رغم قتله للمصريين وقمعه للتظاهرات …,0
#اوعى_تنسى عاشوا رجاله وماتوا اسود :(,3
2) اعترف بالمطالب المشروعة المتعلقة بحكومة إنقاذ وطني وتعديل الدستور وتقنين وضع جماعة الإخوان كإطار للحوار، 3) أقر بإلزامية نتائج الحوار,3
انضم الآن لحزب مصر المستقبل وسجل بياناتك على هذا الرابط,2
#عيد_الأم الام هي عيد الحياة,3
رونالدو هو أعظم لاعب في تاريخ #ريال_مدريد #رياضة,3
"نشرت 10 صور على فيس بوك في الألبوم ""إجتماع الدكتور مع فريق محافظة الغرب""",2
الأقباط المعينين في مجلس الشوري خانوا انفسهم ووطنهم وكنيستهم لقد رفضت عرض أن يكون اسمي ضمن المعينين وكنت اتمني أن ي,0
مسودة الدستور الطائفي الجديد,2
وقد يكون إنقاذ الدستور بالفعل بالتفكير في دستور توافقي مؤقت، لكن لمدة عامين فقط، وبتحديد أغلبية خاصة (أغلبية الثلثين) لاعتماده في الاستفتاء,2
انا عشت اول سنة في تويتر ببضن عالناس كلها #اعترافات_ليلية,2
قمت بإعادة تصنيف وترتيب قائمة أحلى الكتب وأضفت إليها كتبا جديدة وسأقدمها مقروءة ومرئية قبل المعرض بإذن اللهنهاركم سعيدسلام عليكم,2
مبروك علينا جامعة الدول إستايل! #مصر #صلاح_سالم #قبح,2
لمـا حـد يـبـعـد عــنــك مــتـزعـلــش!!! افـكــر امــك وهـى بـتـقـولـك #ربنا يـبـعـد عـنــك #ولاد_الحــــــرام #,2
#مصر_القوية |11-حذرنا من خطر تحول سلطات الدولة لمجرد سند لسلطة عسكرية لا تفهم سياسة ولا تعي معنى الدولة ومهامها وحدودها خارج فكرة حمل السلاح,0
رسالة نارية من والد الشهيد مينا اسكندر لمرسي,2
غنيمة الطيور الجارحةمقال رائع لوائل عبد الفتاح,2
من غرائب الانقلاب كل ضيوف مصر من سياسيين واعلاميين اوروبيين وامريكيين يهود او اعداء للاسلام,0
"دلوقتي على طريق الله ""روح العبادة "" على النهار 1 :) #مصطفى_حسني ^__^",2
حمزاوى: لابد من تأمين الانتخابات أو تأجيلها لضمان نجاحها,2
الأسواني: كيف استخدم المتعصبون الأسبان ستار الدين في قتل مئات آلاف من المسلمين ف الأندلس؟! >> … … …,2
توفيت إلى رحمة الله السيدة أمل عبد الرحمن شمعة زوجى صديقى وأخى تامر دويدار صلاة الجنازة غداً بعد صلاة الظهر بمسجد الحصرى 6اكتوبر، ادعوا لها,2
يوسف الحسينى وتفاصيل مقابلتة بالرئيس عبر تويتر الان عن الببلاوى,2
عن الحب والصبر - رسالة للشباب - بسمة أمل,2
شاهد - الداخلية تنفي علاقتها بضابط أمن الدولة المقبوض عليه,2
_ #ليبيا #السودان #حركة_كايدينهم #مصر,2
بيان بيقول إيه ؟,2
#الشروق | #النيابة_الإدارية توقف رئيس مدينة العياط و معاونيه عن العمل لتبوير أراضي زراعية #,2
الصحافة العالمية ومحاكمة مرسي او جلوبو البرازيلية: مرسي متحديا ومعلنا نفسه الرئيس الشرعي الوحيد ويرفض ارتداء زي,1
#الشروق آلاف العراقيين في الخارج يقترعون ضمن الانتخابات التشريعية لبلادهم: بدأ آلاف العراقيين المقيمين #مصر,2
خمس الاف متابع بـ 200 ريال #سلمان_العودة #تغريدة #اقتباس #طارق #السويدان #طارق_السويدان #أعجبني #العريفي # 376,2
يا رب لك الحمد أن جمعت شمل أسرتي,3
لابد من إقالة وزير الداخلية ومدير أمن بورسعيد ومحافظها فورا أرسلت للدكتور الكتاتني مطالبا بجلسة استثنائية غدا لمجلس الشعب,0
عرض الاسبوع 44 ألف متابع #أذكار_المساء #بصراحه_مليت_من #خد_موقف_من #علمتني_الحياة #الحياة_تحتاج_إلى_شيئين [935531],2
#غرد_بصورة #غرد_بذكر_الله,2
"إذا كان هناك عمل واحد يدخلك الجنة ,فما هو ؟ شاركوني بآرائكم يا شباب و خاطرة جديدة مع هايد بارك",2
المحنة اخرها فرحة #الاهلي_الافريقي,1
ولأنني أرررى #السعاده بتقوويسسسة #ثغرك ددعووت الله بأن لااايمسسس الــححزززن #قلبك,2
هذه ثقه افخر بها و تكليف ثقيلهل من المفترض ان يتم حمله لجمع التوقيعات؟ ما هي مقتراحاتكم للبدايه العمليه ؟هل يتطوع احد للمساعده؟,2
"بالفيديو زياد العليمي لـ #البرادعي: ""اللي أقولوه هيمشي جوه ائتلاف شباب #الثورة"" التفاصيل والفيديو على الرابط",2
#حاول متخونش ثقة حد فيك,2
سبحان الله وبحمد سبحان الله العظيم سبحان الله وبحمده سبحان الله العظيم #غرد_بذكر_الله,2
شاهد - آخر كلام: عصيان بورسعيد هل يصمد؟ هل ينتصر؟ #,2
الوطن | الجمعية التأسيسية الأخطاء ذاتها مجدداً | عمرو حمزاوي:,2
أنا كُلِ مَا قـ(ؤ)ـول التوبه يا بويِ ترميني الم'ـقـ(ج)ـادير يا عينِ #عبدالحليم_حافظ,2
هم العادلي ومبارك إتحاكموا على إيه؟,2
ملخص الحلقة السابعة من برنامج #قصة_الأندلس لمشاهدة الحلقة اضغط على الرابط التالي: لو,2
طلعت بالكلام ده كله من صورة؟ المفروض ابقى قليل الادب و ارفض التصوير مع اي حد؟,2
بيخسروا #الرجاله عشان بنات فتسيبهم #البنات عشان الرجاله,2
الأدمن: اتفرج على احلى مقاطع #امريكا_بالعربي حلقة 27,2
أَسْتَغْفِر اللَّهَ الْعَظِيم الَّذِي لَا إِلَهَ إِلَّا هُوَ الْحَيَّ الْقَيُّومَ وَأَتُوب إِلَيْهِ #استغفار #اذكار…,2
#في_حاجة_صح ان الجيش المصرى قوى ومتماسك,0
بعد ما افتى المفتى بـحرمة استخدام الكهرباء في أغراض غير مشروعة افهم من كدا ان كابريهات وملاهى شارع الهرم هيتقفلوا !؟ #سؤال_برئ,2
#المصدر|محافظ #القليوبية محمد عبدالظاهر يقرر تغيير اسم ميدان المؤسسة ب #شبرا_الخيمة إلى ميدان محمد علي ووضع تمثال لهفي إطار مشروع التطوير,2
شاهد - بعد تشييع جنازته والدة الشهيد محمد الشافعي في آخر كلام #,2
أمانة الجوف تنير طريقي زلوم - سكاكا وكبري لايجة #الجوف #دومة #القريات #عرعر #سكاكا #القريات #زلوم #سكاكا_الجوف,2
انا لو خلفت ولد هسمية #عبد #الفتاح :) اهو لو مطلعش #مشير يطلع #عنتيل :) :),2
مداخلتي مع برنامج مانشيت بالأمس حول تجمهر انصار مرسي في الفعاليات الثقافية المصرية في باريس ومحاولاتهم تعطيلها …,2
زعيم شعب البيادة 50% فى الثانوية وزعيم الشعب الحر دكتوراة من اكبر جامعات العالم,1
ما بعد أردوغان #اسماعيل_ياشا #قرأت_لكم #مقال_اليوم #تركيا #اردوغان,2
لو يوسف الحسيني شخص عادي مش إعلامي كان اللواء المحافظ قاله سيادتك ؟! …,1
شاهد - آخر كلام: موقعة الإعلان الدستوري المكمل تلوح في الأفق,2
عايزين نقلكم إنه لازم يكون عندنا نفس طويل #السادة_المحترمون,2
كيف ترجو النهضة والتقدم من شخص يعتقد أن المنحلة أخلاقيا تضع اللولب في جيبها؟,0
تطبيق الحدالادنى والاقصى للأجور سيؤدى الى زياده البطاله كان بيعمل برنامج الطبعة الاولى دلوقتى بقى برنامج الان…,2
#ذات_مومنت لما تكون #ماسك ذله ع صاحبك ;) = #__ #حبيبى يارقه فاكر ولا #لأ 3:) # ☺,2
أنا أبكي !! وأدري أن دموع العين خذلان وملح !! #محمود درويش,0
#موافي و #عنان يؤسسان حزبيين لخوض الانتخابات البرلمانية #,2
بنك التنمية والائتمان الزراعي يواصل تسلم محصول #القمح من المزارعينووزارة الزراعة تخصص 10 مليارات جنيه للتوريد #…,2
شاهد - موقف يوسف الحسيني مع أحد شباب الإخوان إشارة رابعة وقدامها بوسة # #,2
#عاجل #الرياض #مكة #خواطر #غرد_بصورة #غرد_بصوره #دبي #غرد_بذكر_الله [31475501],2
5 ألم أقل لكم إنها ممارسة فاضحة لازدواجية المعايير وتخوين المعارضين أملي أن لا تبتلع بعض قطاعات الرأي العام الطعم مجددا,0
678 ماحدش يجبرك على حاجة روحي الفيلم الكويس وقاطعي الوحش,1
#سؤال: حد يعرف ليه #باسم خد اجازه النهارده ؟ :),2
2014 بوسطن,2
الأن #السادة_المحترمون مع #يوسف_الحسيني على #,2
#عدلى_منصور :مصر أخلصت فى الحرب والسلام سلام المنتصرين وأخلصت للسلام الذي التزم به الطرف الأخر,3
من ذكريات صفحتنا || 30 يناير 2011,2
بعد قليل تبدأ الندوة الأسبوعية دعلاء الأسواني في مركز إعداد القادة بالعجوزة >> التفاصيل على هذا الرابط:,2
القائد #خطاب وحديثه عن بدايات دخوله لـ #الشيشان #الجهاد #جبهة_النصرة #الجبهة_الإٍسلامية #الدولة_الإٍسلامية …,2
متابعة الأحداث اليومية والأخبار في الصحف والإنترنت بقت بتستنزف من طاقة الواحد ما لا قبل له بتعويضه،حرقة دم ومناقشة بديهي,0
انا و العيال #اوسكار2014 في #جدة لو يدي اطول شوي كان طلعت احلا من صورة ايلين و برادلي كوبر 😕,2
رُب دعاء خالص صادق ترفعه إلي السماء يجلب لك الخير و يأتي بفرج و يُزيل الهم يا رب,3
الخلاف الآن بين القوى المدنية و التيارات الدينية و محاولة إقحام المجلس العسكرى الغرض منها إظهار التيار المدنى كراغب فى تدخلهم!,2
ﺍﻧﺖ ﺍﻟﺒﻌﻴﺪ ﺍﻟﻠﻲ ﻟﻪ ﺍﻟﺪﺭﺏ ﻳﻘﺼﺮ ﺑﻠﻘﺎﻙ ﻭﻻ‌ ﻵ‌ﺧﺮ ﺍﻟﻌﻤﺮ ﺑﻨﻄﺮﻙ ﺗﻐﻴﺐ ﻗﺎﺻﺪ ﺃﻭ ﺗﺠﻠﻰ ﻭﺗﻈﻬﺮ ﺃﻭﻟﻚ ﻓﻲ ﺑﺎﻟﻲ ﻭﻓﻲ ﻗﻠﺒﻲ ﺁﺧﺮﻙ #عبدالمجيد,1
بوابة الشروق| حملة #المشير: #السيسي لن يشكل أو يدعم حزبًا سياسيًا طوال مدة رئاسته لـ #مصر,2
#تويت_كأنك_ناشط_ايام_حرب_اكتوبر الاسرائليين بيضربونا على الحدود يا منى #البرادعى استايل :),1
الأداء المخزي لبعض الشخصيات التي كنا نسميها مستقلة يثبت أن كل ما في الأمر أنها لم تأخذ فرصتها في النفاق لمبارك لأن كل الكراسي كانت محجوزة,0
هيئة مستشارى قضايا الدولة ترفض تعديلات الدستور مؤكدة انه يفتح الباب للفساد وشهد شاهد من اهلها,0
#فلسطين| مصلحة السجون الاسرائيلية تعزل و تنقل أكثر من 100 معتقل اداري فلسطيني بعد أن أعلنوا إضرابهم عن الطعام منذ 4 أيام…,2
#غلطت_م_الأول_رنا_سماحه,2
#ولاد_البلد #المنصورة #مصراوي فيديو صيادو #نبروه مهددون بقطع الرزق بسبب تلوث مياه البحر,2
الإخوان ناسيين إن إدانة اعتداءات التحرير بتطلع من منظمات حقوقية وثورية ومكتفين بإستخدامها للزياط لفض التحرير مش لعلاج المشكلة من جذورها,2
يامحمد كلمهم في البيت قولهم شافوني وأنا بازعق وعجبتهم ولا لأ؟,2
"الفراشة رغم جمالها فهي ""حشرة "" والصبار رغم قسوته فهو ""زهرة"" لا تحكم علي الناس من أشكالهم بل أحكم عليهم بما تحتويه قلوبهم",1
الحلقة 17 من #قصة_الأندلس,2
طبقاً لقوانين الطبيعة أي تنظيم بيكذب ويصدق كذبه يبقى لازم يخسر وبسرعة,2
أوامر النهي والعبادة فعل مضارع,2
منع برنامج الاراجوز باسم يوسف والقضاء اغلق كل القنوات المحترمة قتلوا حرية الرأى والاعلام وحرقوها,0
الدنيا بخير نصت المادة 11 من قانون الاجراءات الجنائية على : إذا,2
يسقط يسقط حكم الجليزرز #رجعوا مويس,2
#كلمة_حلوة *اصرف ما في الجيب يأتيك ما في الغيب * إن للحسنة نورا في الوجه وضياء في القلب وأثرا في الخلق #مما_راق_لي,3
أنا رايح فين؟ أنا راجع تاني #عمرو #الغربة,2
اتهام ذوات الأشخاص أو نواياهم و دوافعهم لا يثبت شيئا ناقش الفكرة لا الشخص,2
"احمد موسي: باسم يوسف صرصار ينداس بالجزم, أول مرة يقول حاجة صح لغة الصراصير معروفة بين الحشرات ومذاق الجزم له عشاقه فردتين لبيادة",2
ادين بشدة استمرار الانتهاكات والاعتداء على المعتصمين السلميين عند مجلس الوزراء,0
1 الكاتب القبطى رفيق حبيب: هدف الانقلاب التخلص من جماعة الإخوان المسلمين والمعركة ضد التيار الإسلامي,2
اولاد رجال الاعمال الاوساخ واولاد تجار المخدرات واولاد الجنرالات والمعرصين والمعرصات متجمعين فى مكان واحد فقط ! تايم لاين #حازم_عبد_العظيم,0
#نفسك_فى_أية_فى_الجنة_ أستمتع بصحبة النبي صلى الله عليه وسلم ! ~,2
"""0_999: #الواتساب_معلق هههههههههههههههههههههههههههههههههههههههههههه """,2
أشارك في وقفة صامتة بالإسكندرية يدعو إليها شباب مصر تضامنا مع ضحايا التعذيب وإدانة لتلك الممارسات,1
قرارات الرئيس انقلاب علي الديمقراطية واحتكار كامل للسلطة وطن يبحث عن حلول يدفعه رئيسه لمزيد من المشكلات الثورة لن تقبل ديكتاتورا جديدا,0
2004 #مثير #جريمه مشاهده 63 #سينما #افلام #عالم_سكر #حصري # …,2
"تابعوا الأن #نقطة_لقاءضيف #يوسف_الحسينى السفيرعزت سعد,السفير السابق في موسكو",2
دول وصلونا لمرحلة النفور من اي اغنية وطنية لاننا بقينا نحسها بتمجد فيهم مش ف مصر #عشان_خاطر_ماسر,2
#شاهد #صوت_الناس : #محلب يلتقى رئيس الاتحاد العام لـ #نقابات_العمال لبحث مطالب #العمال - مطالب,2
تعرف على بعض أراء د/ عبد المنعم أبو الفتوح الاقتصادية وموقفه من البنوك ومن الحد الأدنى للإجور د/ عبد المنعم,2
"الليلة الساعة 11 #السادة_المحترمون مع #يوسف_الحسيني ضيف الحلقة دجابر جاد نصار, رئيس جامعة القاهرة",2
من قام ليلة القدر إيماناً واحتساباً غُفر له ما تقدم من ذنبه قف بين يدى الرحمن وأطل الوقوف وقل يا رب أتيتك بذنوب كثيرة و أنت العفو الكريم,3
#ليبيا: ميناء #الزويتينة لن يفتح قبل تقييم الأضرار التي لحقت به #,2
#جمال #خيال #حقيقه #جميل #درر #حكم #أعجبني #حكمه #بقلمي #شوق #بوح #شعر #قصيد #رتويت خمس الاف متابع بـ 200 ريال 745,2
حجم المسؤولية على قنوات اون تي في سيزداد أكثر مع المرحلة المقبلة #السادة_المحترمون,2
حسبي الله ونعمه الوكيل فيك يامرسى انت وكلابك وخرفانك تعرية وسحل متظاهر والقبض عليه بقصر الإت,0
#وزير_التموين : ضبط 97 طن منتجات غير صالحة للاستهلاك,2
حتى فى أصعب لحظات عمره لم يفشى مرسي اسرار خيانة سيسي ولم يقل شيئا شائنا ضد الخونة والقتلى,1
لما الناس تهاجمك عشان ظلمك وكذبك تقوم تطلع لهم فيديوهات لناس كانت بتشكر فيك افتكر إن المنحرفة بدل ما تتوب بتقعد تفتكر شرفها اللي ضيعته,0
"""#محلب"" : معدل الفقر زاد مع ازدياد الدعم والحالة الأمنية مستقرة والشرطة تبذل جهودا لتحسينها #مصر",2
الوسط يحيى ذكرى العبور بوضع أكاليل الزهور على قبر الجندى المجهول ، الشعب يريد عبور جديد,2
امثال #حازم_عبد_العظيم ده نعمل فيه ايه,2
#مرتضي_منصور و #السبكي امام #النائب_العام لتقديم بلاغ ضد #محلب بسبب منع فيلم #حلاوة_روح #نقابة_الاعلام_الاليكترونى,2
للاسف ما يسمى صفحة التراس باسم يوسف بدأوا يستعملوا لغة سيئة جدا وانا بعد ما ساندتها لا استطيع مساندة هذا الاسلوب السيئ,0
"#التحرير | بالصور جورج كلوني ""أشهر عزاب هوليوود"" يخطب بريطانية من أصل لبناني خطب الممثل جورج كلوني للصور …",2
لو منصب المرشد مستوياته أعلى من الرئيس يبقى يتهتفله كام يسقط يسقط؟,2
اعلام العار يكذب كالعادة لتشويه صورة الرئيس مرسي مسئولو السجن يؤكدون انه لم يطلب أى ميزة او استثناء دع الكلاب تنبح,0
#الدون #الكوماندور #كريستيانو_رونالدو #7 مقارنة توضح الكثير ✨✨🌟 454,2
بلاش الخيال المريض ده وكفاية عداء وكره للاخوان,0
خايف انا خايف لو امشي لك سنيـن ويجف قلبي من الظمى وانزف حنين ما نلتقـي ! #عبدالمجيد,2
#الاهلي_الافريقي مش زي فرحه الصفاقسي ^-^,2
مسلسل الموسم كامل 2013 #غموض #جريمه مشاهده #سينما #افلام #عالم_سكر # #,2
شاركوا مكفوفين #الاسكندرية,2
مئات القتلى والمفقودين في انهيار أرضي بأفغانستان #افغانستان #انهيار_ارضي #قتلى #مفقودين,2
عرض الاسبوع 40 ألف متابع #شوارعنا #فن_تتقنه_النساء #ذلك_الشخص #شي_ودك_تجربه #بوح #درر #عجبني #حلو #مكه [2063421],2
صباح حنون وهادى بصوت #ماهر زين على كل فولورى الحلوين :) #سمكة_بتصبح ☺,3
د عبد المنعم أبو الفتوح: البعض يصور الاسلاميين وكأنهم الهكسوس، بينما تقضي قواعد اللعبة الديمقراطية ان يصل للحكم,2
اطلقوا اسم رابعة العدوية على مدرسة بالمغرب وحديقة بتركيا والانقلاب يطمسها مع اشارتها ليخفوا اكبر مذبحة فى تاريخ مصر,0
"#خالد_علي: رفع أسعار #الغاز ""إجرام سياسي""",0
عندما يحكم الخروفالحالة العصبية البائسة لبعض أنصار مرسي جعلتهم يحتجون على المقال قبل أن يكملوا قراءته للآخر,0
"حان الان وقت صلاه المغرب لــ #الأقصر #مصر 6:19 ,",2
عرض الاسبوع 40 ألف متابع #شوارعنا #فن_تتقنه_النساء #ذلك_الشخص #شي_ودك_تجربه #بوح #درر #عجبني #حلو #مكه [2073653],2
#نبض_الاخوان ا بالفيديو حازم #الببلاوي: إعلان جماعة #الإخوان جماعه إرهابية قرار سياسي وليس قانونيًا,2
"وأصبح تفجير البيوت وحرق عشش الفقراء ""أعمال قتالية"" في نظر الجيش المصري ! #سيناء #مصر #",0
احدى عشر منظمة حقوقية مصرية تدين القمع المستمر لحريات الشعباية انتخابات الان هى مسرحية عبثية,2
طبعا إستفتاء مارس كان أكثر شرفا من إستفتاء الإخوان على الأقل أشرف عليه قضاء حقيقي وكانت الإنتهاكات فيه لا تقارن بإستفتاء الإخوان,1
شارك في الاستفتاء عبى صفحة كلنا خالد سعيد,2
الرئيس القادم يجب أن يكون خادما لهذا الشعب,2
#حط_نفسك_مكان_البنت,2
(ذلكم بأنه إذا دعي الله وحده كفرتم وإن يشرك به تؤمنوا فالحكم لله العلي الكبير) [غافر:12] #أحبك_ربي,3
ما يصدر عني أقوله هنا مباشرة أو عن طريق رابط أمدكم به هنا غير ذلك ليس مني و لا أنا منه,2
د جابر نصار يتقدم بالشكر لتبنى قناة أون تي في إنقاذ مستشفى الحروق بجامعة القاهرة #مصر # #الإمارات #السعودية,2
القطاع الخاص الوطني و المبادرات الأهلية و موارد الدولة,2
الأهم من تشكيل لجنة الخمسين ان يصاغ الدستور بطريقة موضوعية #السادة_المحترمون,2
القسم قال هاتولهم بلطجية يعني دة عادي في الاسكندرية ويا عيني عليكي يا مصر,2
الثورة مستمرة,2
من لم يذق طعم الهزيمة لن يشعر بمتعه الانتصار #مارك ماركيز,2
هل محمد حسنين #هيكل ولونا الشبل وغسان بن جدو هم من كانوا يشكلون عقلية المشاهد العربي في قناة الجزيرة,2
"الحمد لله كما ينبغى لجلال وجهه وعظيم سلطانه #اذكر_الله """,2
#اللهم بك أصبحنا وبك امسينا وبك نحيا وبك نموت واليك النشور,2
المسابقه عباره عن عمل فيلم تسجيلي عن دور الاطباء فى الصراعات المسلحه ياريت حضرتك تساعدنا فى نشر الاك,2
الآن على الهواء: حلقة خاصة من آخر كلام على 12398,2
كلما ظهر مسئول إخواني على الشاشات استخدم آية قرآنية لتبرير أفعاله، لن أستغرب إذا أصبح شعار مصلحة الضرائب في عهد الإخوان (إدفع بالتي هي أحسن),2
#عمال #مترو أنفاق #لندن يعتزمون الإضراب ليومين بسبب تخفيضات مزمعة في الوظائف #سكاي_نيوز_عربية,2
ممنوع التصوير و الاقتراب,2
حكمة الأسبوع: لكي يصدقك الناس عندما تشكو من إرث الإخفاقات الهائلة التي تركها لك النظام السابق لا ترث عن نفس النظام سياساته الفاشلة,0
الفترة الاخيرة شهدت تنامي في العلاقات بين روسيا والعالم العربي #السادة_المحترمون,2
عرض 10 ألاف متابع #صباح_الخير #بعد_منتصف_الليل #غرد_بذكر_الله #صور_كنك_بنت #لو_كنت_المتحكم_بالتويتر [2187367],2
#شبشب_ابوصباع الشبشب كان مضبوط بس الصباع كان كبير شوية,2
01:01 #علامات,2
و جدير بالذكر ان الدب الروسى بيشجع جماعات مسلحه #بوتين طلع داعم للإرهاب #اوكرانيه #مصر,0
مداخلة نجيب ساويرس مع الإبراشيي وتعليقه على إستقالة دالبرادعي وأحداث مصر,3
لن يعود لمصر توازنها الا بحل سياسي يبدأ بالشفافية و المصداقية وبحكومة انقاذ وطني من أجل استعادة الأمن وتعافي الاقتصاد وبدستور لكل المصريين,1
تعليق صباح على تسجيل #حمدين_صباحي بشأن محاكمة #السيسي #تحيا_مصر #مصر #الاخوان #باسم_طلع_حرامي #حركة_كايدينهم,1
انهيار اقتصادى شنيع وانهيارات امنية وسياسية واعلامية غير مسبوقة مصر لن تجد طعاما وشرابا لشعبها خلال شهور اذا استمر الانقلاب,2
لغير أهل القانون: هناك فارق بين إسناد سلطة التشريع من خلال إعلان دستورى للجنة التأسيسية، أو حتى رئيس الجمهورية، وبين إهدار السلطة القضائية,2
أبواب مغلقة | رهانات النظام السياسي البريطاني,2
#أشاهد_الآن #أوتار_القلوب_الموسم_1_الحلقة_24 على شاهدنت عبر,2
احيي اخواني في حزب البناء والتنمية (الجماعة الاسلامية) علي موقفهم الوطني الرائع، حيث قدموا مصلحة الوطن علي انفسهم،وكانوا سببا في جمع الكلمة1,3
ياخى الفجيكات دول يتحبوا من غير مقدمات كده :) #نوبة,3
انتهى زمن #الرئيس الذي يمنح وجاء زمن الشعب الذي يجد ويعتز بكرامته؛ وما اعتمدته لكم هو بعض حقكم؛ فأنتم الذين تمنحون ولست …,1
إن ذكر الرحمن يُذهب الأحزان #أحبك_ربي,3
رضا عبدالسلام: كلام دعبدالمنعم أبوالفتوح الاقرب إلى الناس وهو علامة من علامات مصر هو شخصية مصرية مضحية حتى النخاع,3
"""6: #متحرر #متحررين_بصمت #تحرر_متزوجين #تحرش محارم",2
يافدي النصر ويازين الملعب غايه في الروعه والجمال ️️️️️️️️️  # #النصر_الشباب …,2
نتمنى التوفيق لأخواتنا المسيحيين فى إختيار رئيس للكنيسة المصرية هذه المؤسسة الوطنية التى يعتز بها كل مصري,2
أتقدم بخالص التهنئة إلى الإخوة الأقباط بمناسبة عيد الميلاد المجيد أعاده الله على مصر بالأمن والرخاء,3
كلامي ليس له علاقة بمصالحةو لا نيلة اعلي دولة القانون و ناخد حقنا منهم بالقانون بس المكارثية اللي شغالة دي مصيبة,2
واخيرا بعد غياب 3 اسابيع يعود قطع النور من جديد #النور_قطع =,2
ولما تبص #حواليك هتعرف انك #احسن من ناس #كتير عشان كده #لازم تقول #الحمد_لله,3
"#ولاد_البلد #المنصورة #مصراوي أهالي السائق القتيل يهاجمون قوات الداخلية، ويرددون هتافات "" الداخلية بلطجية"" أمام",2
خراب وطن عند قوم فوائد - باسم يوسف :: بوابة الشروق :: نسخة الموبايل ::,2
حركة انت الريس تطالب بعودة الفريق شفيق لمصر,2
هو انا عشان بعمل الصح وبغير من نفسى للأحسن ابقى كده معقده #مجتمع_مريض #حافظ_مش_فاهم :),0
تريكه معانا كل رمز حلو فى مصر من شعبنا وشعبهم بيادة وطرطور وبلاوى ومطرب ورقاصة,1
بالفيديو عاكشة: والله هيفاء وهبى ست مش طرية واللى يتجوزها يبقى خد خازوق #مصر #توفيق_عكاشة,0
الذين انتخبوا شفيق ليسوا بالضرورة فلول الفلول ببساطة هم كل من اشترك واستفاد من فساد مبارك لا يمكن للثورة ان تتحالف معهم لانها قامت ضدهم,0
تابعواالأن #نقطة_لقاءمع #يوسف_الحسينى دمجدى عبد الحميد المنسق العام للجنة الشعبية المشاركة في إعداد الدستور …,2
الأمن مستقر بـ #جنوب سيناءوتأمين كامل للقناة,2
اقسم بالله هاصلي علي النبي اللهم صلي علي سيدنا محمد #باسم,2
#يوسف_الحسيني مش كل اللي مربي لحية يبقى إخواني وإرهابي #السادة_المحترمون,2
مازالنا فى إنتظار الإعلان عن التحقيق مع الرؤوس الكبرى للنظام هل إقتصر الفساد على قيادات الصف الثانى؟!,1
ربنا يبارك فيكم,3
#الزمالك لجماهيرة #رجعوا_الجماهير,2
_ #_ #اكتوبر #الاخوان_جماعة_ارهابية خرائر الاخوان,0
"""لجنة الخمسين"" لتعديل دستور 2012 المعطل أسماء الأعضاء والجهات التي يمثلونها",2
_ غيب تقارنى الجونة بالغردقة!,2
#حط_صورتك_وانت_صغير كوغى الصغير فرق 25 سنه بين الصورتين ^_^,2
إحترام الحق أهم من إحترام القانون ولا سبيل إلا بجعل القانون ينصاع للحق لكي يحترمه الناس,0
في جنة الخلد يا بطل العبور، في جنة الخلد يا شاذلي في قلوبنا ستبقى # #25,3
النواب عصام سلطان والبلتاجى وحاتم عزام يصلون العصر قبل الصعود للمنصة,2
عاجل الجنازة اتأجلت الي صلاه العصر,2
ما هي صفة مكتب الارشاد ليجتمع لبحث حكم المحكمة الدستورية، هو مرسي واخد بكرة مرضي؟,0
#كامب_ديفيد منطقة (أ) بين قناة السويس والخط 58 كم غير مسموح لمصر بوجود أكثر من فرقة مشاة ميكانيكي واحدة,2
المهندس صلاح عبد الكريم عضو الهيئة العليا لحزب الوسط ومرشح الوسط لمقعد نقيب المهندسين ضيف الجزيرة مباشر مصر,2
الكاتب الصحفي جمال فهمي وكيل نقابة الصحفيين ضيف برنامج نقطة لقاء النهاردة مع يوسف الحسينيتابعونا,2
"بالصور- وأد فتنة مرتضى-شوبير برعاية #السيسى ""عشان #مصر""",2
مع الانقلاب الدموى هزيمة دموية لمنتخب مصر بالستة من يقتل الستات فى الشوارع تقتله غانا بالستات فى التصفيات,0
الى كل من ليس لديه امل فى تحقيق اهداف #ثورة_يناير وكل من سقطت آمالهم بعدما حدثت الثوره الثانيه #30_يونيه احب,1
طيب طالما الاكل بقى فاحشه يا ريت #عمرو_اديب يفسرلنا ازاي #لميس_الحديدي كانت في حمله #جمال_مبارك و هو واقف برنامجه,0
الحقيقة العارية,0
رابط تحميل المعصرة عدد اليوم:مايطلبه المواطنون للرئيس الميمون والأبواب الثابتة ورسوم عمرو سليمأتمنى تعجبكم,0
و كانت هذه القشة التي قسمت ظهر البعير # #مصر,2
__7 القدر هو ان تبقى #مصر اما الأمل فهو في الحراك الوطني على ان يكون حكيما مستفيدا من تراكم الخبرة و ليس الاعتماد على اسماء,2
سأنتخب عمرو موسى ما هو أكيد يعنى مش هينتخب يسارى أو إسلامى,1
وزير الغلابة #باسم_عودة معتقل ف سجون العسكر ل #افضل_منتج_لاكرم_شعب #انا_مش_رقم #انتفاضة_السجون,3
لا يوجد تيار بقوة هذا الشعب العظيم الذي قام بالثوره,3
ماليزيا بوليهإخوان إخّيهمقال اليوم في الشروق وعرض لهجوم مهاتير محمد على إستخدام الشعارات الدينية في الإنتخابات,2
فرقة الكوشة عاملين عرض عرائس عملاقة لمسيرة #شبرا - محتاجين متطوعين للمساعدة الساعة 12 ونص عند دوران شبرا 10,2
نوت لأحد أعضاء الصفحه حول ترشح دعبد المنعم أبو الفتوحما رأيكم؟,2
#جمال #خيال #حقيقه #جميل #درر #حكم #أعجبني #حكمه #بقلمي #شوق #بوح #شعر #قصيد #رتويت خمس الاف متابع بـ 200 ريال 404,2
"أد محمد عثمان #الخشت يكتب #للوطن ""#الإسلام والسينما وحريه #الابداع (1-3) "" فى وسط حالة التراجع العام فى",2
"""_97: ههههه عادي مالها ال14 سنه :)"" أجدع ناس و فخور جداً بيكم",3
شرف المؤمن قيام الليل,2
الانقلاب الذى يسرق الشرعية وينهب شعبه ليس غريبا عليه انه يسرق حقوق البث لمباراة كرة قدم,2
الشتا اللي فات سمير فريد: صورة من مستقبل السينما المصرية عندما تنتصر الثورة,2
سنحقق أهداف الثورة عندما نسترجع قيم أكتوبر: رؤية مستنيرة، خطة عقلانية مدروسة، عمل جماعي منضبط، إنكار للذات شعب واحد وطن واحد,2
اصحاب المحلات فى شرم احتفلوا بالانقلاب واذاعوا تسلم الايادى اليوم تظاهروا ضد الانقلاب بكره تشوفو مصر,0
"عدم السماح لغير المنتمين الازهر الشريف اعتلاء منابر المساجد ""كفاية عك"" #في_حاجة_صح",1
"توفي إلي رحمة الله اليوم أخي ""محمد وليد الجفالي"" من السعودية أشهد الله أن هذا الشاب قبل أن يتوفي بشهرين ترك",2
_1418 لا يخوي ذا رأي وين ذوق #استرجل,2
الوطن|باسم يوسف ضيف خيمة الوطنشاركونا بالأسئلة المباشرة للمشاركة,2
الشعب المصري يقرر ولا يطالب دعبد المنعم أبو الفتوح خلال مداخلة هاتفية مع يسري فودة,2
الإخوان ليس لديهم إلكترون وطنيةجريدة الدستورقال الإعلامى يوسف الح #الاخوان #يكفي,2
من ساند مبارك وكان فاسدا أو ايد مرسي ومان إرهابيا لا بد أن يحاكم #السادة_المحترمون,2
#خايف #بحبك #نفسي #انتي,2
#اخبار_الزمالك : #ميدو: خلع #عمر_جابر لقميصه وفاءً #_ #اخبار_الرياضة_المصرية_والعالمية_اليوم #اخب,2
"صورة مرسى على المسجد الأقصى و أغنية السيسى على التلفزيون الإسرائيلى شتان الفارق""",1
الوسط سيسعى لدفع شخصيات وكيانات جادة دون اشتراط عضويتهم بالوسط لشغل مواقع ومقاعد المسؤولية التنفيذية والتشريع,2
"مداخلة الدكتور عمرو خالد في برنامج ""آخر النهار"" مع الإعلامي خالد صلاح من جنوب السودان، ضمن الوفد الشعبي الذي يزور",2
10 يمكنكم الاطلاع على منطلقات البرنامج من خلال وسيتم اعلان تفاصيل البرنامج بعد فتح باب الترشيح بشكل رسمى,2
لما بيدافعوا على ارضهم برا هيعملو ايه ؟؟؟! #ليلة_الابطال,2
) لما بنات الاخوان بيشيلوا ار ب جي يبقى الرجالة تش…,2
كيف يعتدى البلطجية ابناء مبارك على الناس امام 5 الاف فرد امن وشاشات التليفزيون ويعترفون بجريمتهم في بيان ولا يقبض عليهم ولا حتى يحقق معهم,0
اللهم اغفر لأمواتنا وارحمهم وعافهم واعف عنهم واكرم نُزلهم ووسع مدخلهم واجمعنا بهم في جنانك #دعاء #دعائي #غرد_بذكر_الله #أدعية #يارب,3
عمرو حمزاوى يقوم الآن بجولة فى بعض المقار الانتخابية بمصر الجديدة للاطمئنان على سير العملية الانتخابية ويؤكد,2
خلصنا من وين طلع لنا خيري أخلص يا خيري,2
الآن محاضره عن الصحابي الجليل وخليفة رسول الله #عثمان_بن_عفان #ذو_النورين #إذاعه_القرآن,3
"علاء الأسواني يكتب مقاله الأسبوعي بعنوان: ""ست خطوات للتمكين"" >> … … ينشرصباح غد في جريدة المصري اليوم",2
"""_: "" #التأسيسية "" على وشك الانفجار بعد عودة التهديد بالانسحاب """,2
لا قتل الناس في بورسعيد برصاص الشرطة ولا تعذيب المعتقلين ولا الغاء القانون لصالح مرسي في الاعلان الدستوري لا شيء اقلق أمريكا مثل محاكمة مرسي,0
أيها المتحدثون عن شرع الله هل يوجد في شرع الله تهمة اسمها العيب في الذات الملكية هل من شرع الله التعاون العسكري مع امريكا لتحتل العراق,1
قضايا العشوائيات مرتبطة بالتعليم والصحة وحياة من يعيشون فيها #السادة_المحترمون,2
أهي صهيونية وتدعم #حماس وتُعمّر #غزة بذات الوقت؟ أتريد تدمير الأمة فتقف ضد الانقلاب على من احتفلت #اسرائيل بعزله؟ أكل تلك التناقضات #قطر ؟,1
ده كان كلامـــــــــي في الشوط الاول #الزمالك #الزمالك_الافريقي #الاهلي #بتروجيت #مصر,2
ف #مصر #شخصية_مريبة متعرفش #بيشتغل لحساب مين بالظبط اسمو #نجيب_ساويرس بيعمل #قناة #لجاسوس اسمه #يسرى_فودة ليستضيف #عميل_برخصة اس…,0
فضلت اتريق على اللي شغلهم الساعة 8 واتريق واتريق لغاية ما مطلوب مني في 10 دقائق اكون لابس ونازل وخمس دقائق وابقى فى الشغل #فجأة,0
المحافظة هي اللي عملت الأكشاك وسلمتها لباعة الكتب وأنا كنت مهندس مشروع التطوير للشارع وشاهد على ذلك,2
أهنئ الدكتور محمد مرسى بفوزه برئاسة جمهورية مصر العربية كأول رئيس يختاره الشعب المصرى ، نتمنى له التوفيق و السداد,3
وزارة كفاءات مستقلةونائب عام جديدولجنة لقانون الإنتخابات :مطالب شعبية وبديهية لحلحلة الأزمة التي تشل البلادمن أين يأتي العناد وغياب الرؤية؟,2
33 المسلمين عظماء بالفكر النبيل المتحضر مش بالقتل يا ابى جهل,1
-نوران ازيك -الحمد لله -وحشانى مابتسأليش ليه -وانتِ مش وحشانى ،انا اصلاً مابطئكيش ،ولا انتِ ، ادخلى فالموضوع عاوزه منى ايه ؟! #فى_عالم_موازى,2
مهمتنا تغيير المعيار و فتح افاق جديدة حتى و لو كانت غير مقبول في البداية,2
الوفد - شاهد - استمرار هدم العمارات المخالفة خلف #المحكمة_الدستورية ب #المعادى,2
ندين اعمال العنف التي لجات لها عناصر تخريبية في محيط مبني جامعة الدول العربية #السادة_المحترم…,0
#منى_سيف : لا للمحاكمات العسكرية للجواسيس اللى بيتعاونوا مع اسرائيل ! #تويت_كأنك_ناشط_ايام_حرب_اكتوبر,0
يَسّر النبي  للمرأة طريق الوصول إلى الجنة في مقابل التزامها ومحافظتها على أربع أمور▼ #يوم_المرأة_العالمي …,2
قلت للرئيس شباب الثورة لفقت ضدهم التهم من اجهزة الأمن وانت تسال اجهزة الأمن عن الأبرياء فيهم هل تتوقع ان تعترف اجهزة الأمن بالتلفيق وتعتذر,0
فلبيني أسلم قبل 20 يوماً في مكتب الدعوة ، وذهب إلى العمرة الأسبوع الماضي، وتوفى بالأمس عند دخوله المسجد …,2
حلقة الغش ممنوع معايا اللي إتذاعت النهارده لسه واصلاني لو في حد يحب يتفرج عليها سلام عليكم,2
لما إنت عارف مجموعة الشيوعيين بالإسم ابقى قدم فيهم بلاغ ولاتنشر الكلام على عواهنهكلامك واضح يارجل الحوار,0
#هننضف_لو بطلنا تحرش,0
لا حياة لفكرة لم تتقمص روح الإنسان، ولم تصبح كائنا حيا يدب على وجه الأرض في صورة بشر #سيد_قطب,2
انزل الشارع,2
السلطة تمارس إجراما سياسيا ضد الفقراء,0
لن نسمح بإبادة جماعية في جنوب السودان #العربية #كينيا #السودان,2
قسوة مخيفة في رفض الآخر الفكري أو السياسي أو الديني وتشويهه وتخوينه تمهيدا لنزع إنسانيته وممارسة العنف ضده,0
للوضوح في لحظة تغيير وخطر تمر بها مصر، منذ ٣٠ يونيو لم أشارك في لقاءات سياسية أو حزبية، دوري الآن هو العمل لعصمة الدم ولوقف العنف وللمصالحة,2
سوريا مباشر: انفجار ضخم في مبنى حزب البعث بالقرب من دوار السبع بحرات في #حلب | مدونة #سوريا,2
_ بيان د/ عبد المنعم ابو الفتوح بشأن الاحداث,2
#المواطن_المصري نص حياته حلم ! وحلم حياته نص كيلو لحمه :),2
نقولها لمين؟ ولا لمين؟ #حمدين_صباحي #باسم_طلع_حرامي #حمدي_قنديل القائمه طووووويله كملوا معايا ====== #عاشق_مصر,2
انتي اصلا مافيك فايده #كلمه_بتتقال_في_البيت_كل_يوم,0
ارحمونا #ثانوية_عامة,2
هو ليه احنا لسه محتفظين بصورهم رغم ان كل واحد شاف حياته #ليه !,2
"""_: نيوزويك: مصلحة الجيش في الدستور تطالبه بالوقوف في صف الإخوان """,2
د عبد المنعم أبو الفتوح على قناة الحرة: علاقتنا بكل من حولنا من الدول علاقة احترام و تقدير و تحكمها مصلحة مصر,2
لكل عملة وجهان الانقلاب الدموى قتل واصاب واعتقل مائة الف مصرى لكنه كشف المعدن الحقيقي لاعظم شعوب الدنيا شاهده العالم باعجاب اليوم,1
عاجل | #محاكمة_مرسي | مرسي للقاضي : الانقلاب الى زوال و القاضي يقطع صوت مرسي داخل المحكمة لايك + كومونتر لنستمر #يوسف |واحد من أهم الموضوعات التى تهم الباحث أو الإعلامى الجاد,2
تحقيقات واحكام كالمطر لمعارضى الانقلاب ولا حس او خبر عن تحقيقات فى مذابح الحرس والمنصة ورمسيس والنهضة ورابعة,2
تفاصيل الحادث المروّع و ذكريات الغرفة 2133,2
"إسعاف #مبارك إثر تعرضه لوعكة صحية أثناء محاكمته في ""قضية القرن"" #حسني_مبارك #مصر",2
اليوم اختبار حقيقي لمجلس الشعب اما ان يكون على مستوى المسئولية فيكتسب الشرعية و احترام الناس وأمان ان يتواطا مع العسكري فيخسر كل شيء,1
يا غنوة مبتكملش يا دمع يا محبوس ليه كل ما أحلم حلم بقى يتقلبلى كابوس #محمد_محسن,0
د أبو الفتوح مع متطوعي الحملة هناك إعلام مغرض يضخم حالة الانفلات الأمني لإخافة السائحين,2
"شاهد - آخر كلام: هل, كيف, ولماذا قتل أسامة بن لادن ؟ وماذا بعد؟ # #",2
الرياض #القصيم #واحد_فاضي #الهلال #السعودية #النصر #النصر_الهلال #البدائع #الزلفي #حفرالباطن #مكة #جدة [2656114],2
يوم السبت القادم 10 سبتمبر وكل يوم سبت الساعة 6 مساءاً لقاء المتطوعين الجدد فى القاهرة بمقر الحملة 243 ش رمسيس,2
أبو الفتوح : الأنفلات الأمنى صناعة ولكن علينا مساعدة رجال الأمن الشرفاء على القيام بواجبه,1
#الوفد ضبط 6 إخوان بحوزتهم منشورات مناهضة للجيش والشرطة: ألقت مباحث الإسكندرية القبض على 6 أعضاء #الوفد,2
في طريقي إلى التحرير لكي أقول لا لمواطنة الخرونج,2
مباشر 6 إبريل/ #مصر #اسيوط مصرع وإصابة 7 في مشاجرة بالأعيرة النارية بين أبناء العمومة بأسيوط لقى فلاح مصرعه,2
"#الوطن| ""الزراعة"" بـ #أسيوط: 15% زيادة في نسبة توريد #القمح",2
دورية إسرائيلية تخترق خط الانسحاب الحدودي مع #لبنان,2
المصرى اليوم يوقف 3 صحفيين بتهمة تسريب الفيديو ويقيم دعوى قضائية ضد رصد ثم يقول أن الفيديو مفبرك!,2
#ولاد_البلد #المنصورة #مصراوي بالصور فريق أطفالنا أحلامنا يحتفل باليوم العالمي لـ #أطفال_الشوارع,2
المصريون يتطلعون وهم يحتفلون مع قواتهم المسلحة اليوم بذكرى نصر أكتوبر إلى مستقبلٍ يليق بهم وبتضحياتهم وبشهداءهم الشعب يري,2
الابراشى ينتخب الشيطان لو نافس الاخوان وينتخبه لو دخل ضد الرسول الشيطان لازم ينتخب الى زيه,0
أنا حزين ! مرض #نفسي قاتل ربما يردئ بحالك الى #حياة بائسة جدا ف أحذرؤ منها ، #لان الايجابية حتى لو كان الحزن ع قلبك #لابد…,0
الاشتباكات اللي حصلت يتحملها الجميع لكن الخطأ السياسي كان القرار بالدعوة لمظاهرة مؤيدة للرئيس في نفس مكان وزمان مظاهرة معارضة,0
شاهد - آخر كلام: يسري فوده في ضيافة باسم يوسف #,2
لن أمل من تكرارها: أيام كان رئيسكم مرسي يحسن أحسنت أنا وغيري إليهلكنه منذ أن بدأ الكذب وإخلاف الوعود وتسبب في إسالة الدماء لا يستحق الإحسان,0
شاهد - آخر كلام: خسر المنتخب وبكى وفرح المصريون - حسن المستكاوي #,2
مسحت الريتويت اللي فات شكله مش تمام,2
هذا أوان توحد القوى المدنية والثورية معا لاستكمال أهداف الثورة ومواجهة أى محاولات هيمنة أو انفراد من أى طرف معا نبنى التيار الشعبى المصرى,2
هذه مطالب الميدان التي أدافع عنها بالكامل وأرفض فقط توظيفها قبل إعلان نتائج الرئاسية، ولهذا ابتعدت أطالب الإخوان بالعودة للجماعة الوطنية,2
الصداقة تزرع الحياة أزهارًا #مي_زيادة,3
ليس سيئاً تماماً أن نري الشفيق هارباًصحيح القصاص حلولكن العار برضه حلو,2
قسما بربي لو رأيتك أمامي لجعلتك جثه هامده تأكل منها الكلاب,0
على الدكتور مرسى أن يحقن دماء المصريين ويرحل بانتخابات رئاسية مبكرة,2
2009936 129 جميع أرقام #الأهلى #مصر في #دوري_أبطال_أفريقيا من البداية وحتى 2059,2
حقيقة لقاء #زينة و #أحمد_عز #صباح_الخير_يا_عرب #1,2
رمز الجد والسخرية,1
تحدد مواصفات انتخاب لأعضاء لجنة الدستور وهي مختلفة تماماً عن مواصفات البرلماني بعد ان ينجح اعضاء اللجنة لو وجدنا مثلا ان السلفيين او,2
النادي الاهلي هو النادي الرسمي للدولة #المادة_لاولى,3
التحرش الجنسي ظاهرة لا توجد الا في مجتمع همجي مختل القيم الدين عقيدة ومعاملة وليس فقط طقوس وشعارات يجب أن ترقي العقوبة الي مستوي الجريمة,0
#شعر #النصر #الهلال #متصدر_لا_تكلمني #الامارات #عمان #سوريا #غرد_بالخير #رتويت #دعاء [288884],2
شباب الحملة بالمنيا,2
السباحة إزاى السياح ييجوا و محافظ الأقصر إرهابي,0
اليوم السابع | #محلب: تجربة #الانتخابات_الرئاسية في #مصر ستترك علامة بارزة في العالم,2
لو انت ساكن فى مدينة نصر، فى اتوبيس نقل عام ازرق رقمه ١٠١١ بيروح من ك٤٥ مروراً باول عباس لحد #جامعة_القاهرة (خدمة مميزة ب ٢ ج) #2,2
احمد رؤف اخيرا جاب جووون #في_حاجة_صح,2
"وعلى طريقة الكتاتني:""وبناء عليه؟"" أقول مبروك لحزب الدستور تقديمه لأوراقه اليوم وأتمنى أن يكون لاعبا أساسيا في الحياة السياسية في مصر :)",2
مرسي رئيسي #هاشتاج انتخبوا العرص,1
واكتر ناس تآمنهم ما بيجي الجرح غير منهم وناس انت بعيد عنهم بتنسي معاهم الاحزان #صلاح_جاهين,1
دعلاء الأسواني : ماذا تفعل اذا اكتشفت أن محاميك فاشل او بلا ضمير؟! >> …,2
== #قحبة #حب #بكارة #زب_كبير #مساج #دلوعة #تونس #بيروت,2
"#الشروق تعليقًا على فتوى ""برهامي"" لميس الحديدي: المواقع السلفية مواقع جنسية وحزب النور: دعم الشرعي #مصر",2
من أعذب مفردات #الحياة وأجملها هو #اعطاء العذر لغياب البعض ! [[ لان سيد #البشر تحدث عن #التماس العذر ]] ، صلوات الله ع…,3
إوعي تفرطي في الدورارات اللي معاكيعشان نهضة خيرت الشاطر العظيمة هتمرمط الجنيه وملايين الدورارات هتأمن مستقبلك,1
ما رأيكم في حلقة أمس مع عمرو الليثي ؟؟؟,2
حكاية ايه؟,2
وزارة جديدة بالكامل بما فيها رئيسها تمثل الثورة ولاتشمل أى من عناصر حكومة الرئيس السابق هى الطريق لإكساب المصداقية وثقة الشعب,2
شاهد الفيديو الكامل لتعرف الإجابة وستجده عندي على التايم لاين أيام الإنتخايات الرئاسية,2
الشمس لا تنتظر استيقاظك لتمنحك النور ولا الزهر ينتظر اقترابك ليمنحك العطر كن مثلهما وبادر بخدمة من حولك,1
الذين يدافعون عن مرشحهم المفضل بالشتائم يشبهون الدبة التى قتلت صاحبها وهي تهش الذبابة بحجر طرحت أسئلة موضوعية عن ابو الفتوح الذي احترمه,2
الطاقة البشرية اذا ما احسن استغلالها هى رصيدا و ليست عبئا قوتنا فى عددنا,3
التليفزيون يتجاهل أفلام التراث المصري ويجب أن لا ننسى أبطال السينما المصرية # …,2
موقفي غير هذا يا نجاد وأرجو مراجعة ما قلت في اليوم السابع ومع هالة سرحان بالأمس,2
وبنضحك على شان نتصدق لكن ولا واحد بيصدق وبنفرح خااالص ال يعني مبنتألمش #ذكرى,2
والله يانجم إنت الوحيد اللي لما بيغني لمصر بصدقه ربنا يحميك ومبروك # #عيد_تحرير_سي…,3
ألف صورة لألف شهيد من شهداء مجازر #رابعة و #النهضة و #رمسيس و #الدقي … # وبيقولك #تحيا_ماسر,2
#كلمة_بكره_اسمعها قومي زاكري,2
#ثورة_الانترنت احنا بنطالب حركة #6_ميجا بالأنضمام معانا ونبقى ايد واحدة بقى,0
رئيس حزب النور الوهابي ظهر على الجزيرة وظل يلعن في وثيقة السلمي عندما قال له المذيع ان المجلس العسكري المسئول الاول عن الوثيقة رفض التعليق,0
هوة بالنسبة للأقباط انتوا نسيتة مذبحة #ماسبيرو واللى كان بطلها المجلس العسكر اللى كان #السيسى فيه وكان رئيس,1
عصام-سلطان/137923242939959 المستشار عبد الرازق,2
حزن أم كره؟,0
ماذا فعلت بمصرنا الغالية ياسيسي؟ ماذا فعلت بازهرنا الشريف يا طيب؟ 12 الف طالب ماليزى يرفضون اكمال تعليمهم,0
وزارة التخطيط تضع مشروعا لاصلاح الاقتصاد في مارس 2014 ليبدأ فى يونيو التالى طبعا لشعبهم,0
لبنان.. التيار الوطني الحر يلوح بالاستقالة من الحكومة,2
#السيسي يحارب رابعة السيسي يحارب سيناء السيسي يحارب دلجا هو الراجل ده تخصص حرب مع مصريين بس ولا إيه ؟!,0
أيام و ليالي تهل علينا بين ثناياها إشراقات فأيامه بركات و لياليه ركعات و ساعاته دعوات و قرآن و صيام و صلوات,2
"هام: على السلطة الحاكمة أن تحترم الشعب المصري وتخبرنا عن خارطة الطريق إذا صوت غالبيتهم بـ ""لا"":",2
احسلك تبعد وتسبنى اصل انت هواك راح يتعبنى #دينا_الوديدي,2
الندوة الأسبوعية للدكتور علاء الأسواني بمركز شبابيك - المقطم الليلة الخميس السابعة مساءً التفاصيل->,2
ماحدش عنده #ضحكة سلف ؟؟ # - يشعر بـ الحزن,2
ياصاحبى فى رحلتى ياسندى فى شدتى يامؤنسى فى وحدتى ياناصرى إذا إنقطعت حجتى يانورى فى ظلمتى يا أملى فى كربتى لاتتركنى,2
#ذات_مومنت,2
جامع ايمينينو في #اسطنبول #تركيا_بعيون_عربية #تركيا #طرابزون #السعودية,2
كتاب الحرب القذرة عن دور المخابرات في حرب الجزائر يتم تطبيقه بحذافيره في مصر يا أمة (اقرأ) أنصح بقراءته والكتاب متوفر…,2
علاء الاسواني: رأيي أننا متحضرون لكننا نعيش في دولة غير متحضرة أقرأ المقال كامل,1
"أشارك اليوم في مبادرة فودافون لمحو الأمية, العلم قوة, سفيرا للمبادرة ومتطوعا لتحقيق الهدف القومي بأن تصبح مصر بلا أمية",3
كان والدي قد كتب هذه المقالة بعد القبض عليه بيومين الدنيا الجميلة ليس هناك في الدنيا أجمل من أولئك الشبان الذين,2
حسن الرداد و حورية فرغلي ضيفا #يوسف_الحسيني الليلة في #السادة_المحترمون في تمام الساعة 11م على # …,2
#الاخوان عرفوا غلطهم و هينضموا لصفوف الثوار و وحدة وطنية و توحيد مطالب و مجلس رئاسى و حكومة البرادعى,2
شاهد - القضية واحد واحد واحد صفر في آخر كلام #,0
حزب مصر الحرية، نحن في الخطوة الأخيرة ولم يعد بيننا وبين التأسيس إلا أيام دعونا نتمسك بمشروعنا ونتابع العمل شكرا,2
بين التفجير ومستشفي الشرطة ساعة لنقل المصابين لو المرور كويس الاصابات بسيطة خضة صداع زعل طرقعة صباع وزغللة,2
#كلمه_بتتقال_في_البيت_كل_يوم ماتشبعون من الجوال ٢٤وهو بايدكم هالحكي ينقال حتى لوتوني ماسكته اهم شيء ينقال 😏,2
امشي في الشارع وكل ما تشوف حد خد # معاه #اتجنن,2
لكي لا ندور في حلقة مفرغة يجب فورا دعوة كافة الأطراف المعنية لتقييم الوضع الأمني واتخاذ الخطوات المطلوبة لتستعيد مصر سيطرتها علي سيناء,2
"الراقيل ما بيقريش ورا السِت الي بيطولها #فيفي_عبده الي تقول""",2
#خلق_جميل الاحسان الى الجار,3
شكرا إن حضرتك دورت على المعلومة واقتنعتأنا ليس لي مصلحة وأكتب مايرضي ضميري والعلم عند الله,3
طيب إرسوا لكو على بر هو المواطن قلع نفسه ولا المتظاهرين قلعوه ولا قطاع الأمن المركزي عراه وقطاع حقوق الإنسان لبسهعايزين وساخة ليها منطق,2
كوفيه ستوك سيتي عاملة زي الكوفية بتاعتنا #أولد #وايت_نايتس,2
الوطن | الدستور عن رفض حظر الاتجار بالبشر (16) | عمرو حمزاوي:,2
انتشار الجيش المصرى فى شوارع وميادين القاهرة لم يحدث فى سيناء قبل نكسة 1967 جيش لم يعرف الحرب فى 40 عاما استعد خلالها ليخوض حربا ضد شعبه,2
شكر خالص للانقلاب جعلتنا نعرف من هم الاخوان,1
الانسحاب من عضوية التأسيسية ومن لجنتها الاستشارية موقف وطني، التأسيسية فاقدة للشرعية الأخلاقية والقانونية والسياسية، ومسودتها للدستور كارثية,2
هيئة الطيران المدني تمنح أول رخصة تشغيل دولي من مطار #الجوف إلى #القاهرة لشركة نسما بمعدل 3 رحلات أسبوعياً بداية من يونيو المقبل #عسير,2
حزب النور ( الغاية تبرر الرزيلة ) #مرار_طافح,2
قد تكون الخطوة الأولي لتصحيح المسار جمعية تأسيسية توافقية لتعديل الدستور وإعداد قانون انتخابات جديد يتم طرحهما للإستفتاء,2
##وزير_الداخلية يحدد 20 جريمة كبيرة موجبة للتوقيف منها الابتزاز #السعودية …,2
الله يبارك فيكي يا هند,3
#اعترافات_الطفولة استغفر الله العظيم كانت تراودني تساؤلات تكفيرية,2
الطريق إلى جهنم - أنا عايز أخويا عصام,2
الغرب لم يرحم عندما قدر ولم يخش الله في دماء واعراض الناس ومحاولته الالتفاف حول الثوره محا,2
الإصرار علي الإستفتاء في ظل وطن ممزق وغليان شعبي وغياب أمني وقضاء معطل واعلام محاصر هو انعدام للإحساس بالمسؤولية نحو مصر,0
اقبال المصريين على التصويت فى الانتخابات ضمانة لبرلمان يعبر عن الشعب ، وانتخاب ممثلين لشباب الثورة ضمانة لبرلمان يستكمل مهام ثورتنا,3
في مثل هذا اليوم عام 1886 ولدت هذه الفتاة التي فتنت الأدباء والشعراء في عصرها! - #مي_زيادة في ذكرى مولدها …,2
انقلاب لصوصي دموى هل يمكن ان يحالف التوفيق بلدا يديره انقلاب؟ وبكره تشوفو مصر,0
اندية الدورى تقاضى اتحاد الاذاعة والتليفزيون للحصول على اموالها الضائعة ودرية تقولهم: فتشنى فتش!!,2
#إبراهيم_محلب هايدخل التاريخ وهايحل مشكلة سد النهضة وإبقو إفتكرو إن مدرستى#دى_لاسال قدمت هدية لمصر من أحد خريجيها الناجحين,3
العجوز مضاوي الرشيد ترد على سلمان العودة # #السعودية #الرياض #جدة # #بريدة #مكة #ابها #الدمام #المدينة,2
معلومة أنا بدخل عالسوشيال ميديا عشان أعوض النقص في حياتي الحقيقية أو أقول اللي نفسي أعبر عنه في الحقيقه و مش عارف #إعترافات_ليلية,2
شاهد - دسعد الحسيني: نترقب ما سوف يتم من بيان المشير #22 #,2
"#السعاده ان يكون من نحب بخير وعافيه فنحن نشعر بهم ونهتم لامرهم حتى لو لم نراهم 3""",3
احنا اسكندرانية ونعجبوك,3
"نيابة #أكتوبر تأمر بحبس ""محرز"" 15 يومًا بعد تسلم تحريات #الأمن الوطني - #البديل للتفاصيل",2
اسألوا البرادعي عما فعله في العراق #باسم_طلع_حرامي …,0
مش مهم يكون عندي فولورز كتير المهم اسخف على,2
يا جماعه لو حد هنا بيحب صفحتنا يعمل دعوه للاصدقاء عنده عشان نكبر اكتر واكتر ملحوظه البوست دا اللي بيحب الاسماعيلي فقط اقصد الرجاله وبس #ميدو,2
#شنطة_سيلين_٢٠١٤ #سيلين #شامواه السعر٢٠٠﷼ #هاي_كوالتي عرض خاص لمدة أسبوع #عروضات_خاصه #تخفيضات #الواتس_اب 0506968396,2
كان معى في ذلك الوقت الاستاذ عمرو مصطفي السعيد نجل وزير الاقتصاد الأسبق دمصطفي السعيد الذي شاركنا في الثورة ومعه حرمه ووالدة زوجته وشقيقيه5,2
شاهد - آخر كلام: الإسرائيليون في رحم مصر انزعج لو سمحت #,2
الحيوان من يتجرد من أنسانيته ويبرر قتلهم لمجرد أختلافه معهم #رابعه_العدويه يا حيواااااان شغل مخك,0
"هما شعب واحنا شعب, يحبون الرقص والنفاق والانحلال نحن نحب العلم والعمل والالتزام يوم امس كان فاصلا بين الشعبين",1
بسمة أمل - قصة سقراط مع النميمة: في هذه الأيام وللأسف كثرت الشائعات والنميمة وأصبح الكثير -إلا من رحم ربي من,0
صفعة لناشطة هي صفعة على وجوهنا جميعا، اعتداءات وحشية أمام مقر جماعة غير شرعية تخرج على القانون وتحكم لتفكيك الدولة، الإخوان في مواجهة مصر!,0
وجعتكو التويتة اللي فاتت يا إخوان معلهش تيجي فين دي جنب وجع أمهات الجندي وجيكا وكل اللي إتقتلوا في عهدكم وتحت ظل كذب رئيسكم مخلف الوعود,0
#حط_نفسك_مكان_البنت أهو حط نفسه!,2
المعونة الأمريكية ليست معونة من الشعب الأمريكي للشعب المصري كما يتزعمون …,2
"أبرز عناوين #الصحف ""#الإسرائيلية"" صباح يوم الثلاثاء",2
الي مش هيتفرج #علي الفديو #ده هيفوتو #نص #عمرو :],2
قلت للرئيس نحن سعداء بالتخلص من حكم العسكر ولكننا قلقون من حكم الاخوان انت رئيس منتخب لكنك تنتمي الى جماعة غير قانونية وتمويلها غير معروف,1
احلى أغنية تيتر في رمضان اغنية شيرين - مشاعر من مسلسل حكاية حياة | النسخة الاصلية #مصر #كلام_في_الحب,3
هل نتصور ان المجلس العسكري قد فوجيء بترشيح الشاطر للرئاسة بينما هو الذى منحه العفو الصفقة واضحة اكدها الاستاذ الهلباوي الاخواني الشريف,2
"""بحبك"" أرسلها لزوجتك أرسليها لزوجك - جرب و هتدعيلى",2
الجيش يطلق التنوير بجزيرة الرمادي بعد مواجهات عنيفة مع الثوار,3
شاهد - آخر كلام: كيف نحمي أمن مصر القومي #,2
شجاعة بنات مصر الثوريات لا تقلق نظام مبارك فقط لكنها تزعج الجبناء فاقدى النخوة الذين يقبلون الذل من اجل السلامة ويرفضون الثورة لكرامتهم,1
شاهد - آخر كلام: ماذا حدث مع أحمد عرفة كيف نقرأه الآن #,2
د ابو الفتوح : اذا انتخبنا رئيسا يجب أن نظل نراقبه ونقيم أدائه فلا تؤمن الفتنة على الحي فهذه بلدنا ولن,2
اسم الباشا إيه؟,2
#السيسي عين #عدلي_منصور رئيس مؤقت وعدلي طرطور رقى السيسي لرتبة #مشير الله يديم المحبة #مصر,1
#بلاغ_لمباحث_الانترنت اللى يعرف المعلومات دى لتزم يكون مشارك فى العمليه,2
_3 في الحقيقة نفسي ولكن الموضوع مش في يدي,2
مسخرة السنين 3 دقائق ضحك مع #توفيق_عكاشة شوفه بيقول ايه على هيفاء وهبى:,2
يوم 7/7، يوم هام في مشروع (العلم قوة) وهدفه جذب وتسكين 100 ألف أمي داخل الفصول، في يوم واحد، عن طريق 10 ألاف,3
كن شريفاً امينا ً لا لأن الناس يستحقون الشرف والأمانة بل لأنك انت لا تستحق الضعة والخيانة #عباس العقاد,1
مواضيع الفايسبووك : #الحب / # الخيانة / #عنيبات_الموسطاشات / #كرة_القدو / #الالتراس ◀سؤال: واش غير هاد الشي اللي,2
ابتسامتك ^_^ #خلق_جميل,3
انشاء مراكز أهلية وخاصة لتأهيل وتدريب المعلمين مع رفع مستوى الدخل للمعلمين حتى يتسنى لهم القيام بواجبهم,2
حظر انشطة ٦ ابريل نشوة الانتصار تعمي عن قراءةالتاريخ او فهمه #مبارك #بن_علي #القذافي #علي_صالح,2
بدلا من أن تسعي لإثبات أن غيرك سيدخل النار خيرٌ لك ان تسعي لكي تدخل أنت الجنة !,2
أليسَ جميلاً عِندَما تَعلمْ أنّ هُناكَ شَخصٌ يَعيشُ مِنْ أجْلِك ولاْ يُرِيدُ اَنْ يفْقِدك ! #كلمتين_وبس #اوعى_تنسى #ريتويت #الأمل_روح,2
دعمرو فى المؤتمر الصحفى :-النائب لة دور رئيسي فى مراقبة السلطة التنفيذية و الرقابة على اداء الجهاز الامني,2
#ورد_للتو | أبو زهري: #الحكومة جاهزة للخروج من الحكم فور تشكيل حكومة #الوحدة_الوطنية,2
انا لو نفسي اخطط و ارتب و اصرف فلوس الدنيا عشان اشوه الاخوان مش حاعرف اخترع حد زي صفوت حجازي,0
انتا فرحة قت لعندي بعد عمر من التعب #شيرين,2
نفاق بديع,0
صورة كمان #سيلفي بقي بين #السيسي و #عدلي_منصور قبل الرياسة,2
#خلق_جميل نقول الحمد لله على كل حاجة لأن ربنا مش بيعمل حاجة وحشة أبدا,3
قصة عمّار مُلهمة! قصة الشاب عمار بوقس الذي لا يتحرك فيه الا لسانه وعينيه وحقق مالم يستطع تحقيقه الآخرين!,2
بلاغ للنائب العام ضدي بتهمة اهانة الرئيس بسبب حلقة الوسادة الرئاسيةاتمنى ان يوقع الرئيس مرسي ع الوسادة ليفوت الفرصة على المغرضين:),2
مين ليلى عبد اللطيف؟,2
لسان العرب بين الألسنة كزمن الربيع بين الأزمنة #اليوم_العالمي_للغة_العربية,3
قوات من #الشرطة و #العسكر لقتل #الطلبة مش ناسيين #عمرو_خلاف #محمد_عادل #شريف_عاطف وغيرهم كتييييير,0
ليس هناك إلى أساس قانونى لهذه المطالبة لنا أو لغيرنًا إنما أردت أن أدلل أنهم خصونا بعناية خاصة :)))))))),2
#اعتراف #لا_تتكلم_عن_الرجولة_وانت,2
الارهاب تطور وصار من الحكومات ترهب الناس بالتفجيرات ثم تعلن انهم ارهابيين ومن يقول لهالا الاعلام ملكها,0
لإمتحانات 3-5 و أنا لسه عارفة النهاردة و انتوا تقريباً كنتوا عاملينها مفاجأة ! #جامعة_المنصورة #كلية_تجارة,2
الانقلاب ضاق حتى بمن كان يعتبرهم علماء معتدلين من امثال الشيخ الحوينى !؟والدور ماشى ومش حيخلوا ؟!#انقلاب_3يوليو #مصر_الليلة,0
#لما الموب بتاعي يبوظ #بس الايام مش سيباناااااا مش سيباناااا في حالنا :) :) 2,1
أبو الفتوح فى الدويقة: كانت تحكمنا عصابة لم نر مثيلا لها فى التاريخ - بوابة الشروق,0
مدرسة السخط في مصر أصبح لها تلاميذ وياويلنا يوم يتخرج هؤلاء التلاميذمقالي اليوم في الشروق,2
كلما رأيت أطفالا مشردين ، جائعين ، محاصرين ، لاجئين ، نازحين ، أشعر بالخيانة ، الخيانة فقط #سوريا #أطفال_سوريا …,0
يعتبر الأسواني موقفه من شفيق لحظة فخر في تاريخه يمتد الفخر لأولاده وأحفاده عندما وقف امام صبي مبارك وكشفه امام الشعب فاضطر المشير الى طرده,3
#فولورز_اسلاموفيتش_بيعملوا_لبعض_فولو #فولورز_عفركوش_بيعملو_فولو_لبعض ايه ده,2
شاهد - آخر كلام: علاء عبدالفتاح الحر البطل أحمد حرارة #,2
#2 اسكندرية مساء الفل عليكم يا اسكندرانية معادكم مع نشرة (5) مساءً ريزو بيقولك :,2
#فولورز_عفركوش_بيعملو_فولو_لبعض #فولورز_اسلاموفيتش_بيعملوا_لبعض_فولو #فولورز_جميــلة_و_صاحب_تويتر_هيولعوها_تانى باك وقتى جدا,2
#وزارة_العدل ترفع مقترحا لـ #مجلس_الوزراء لاعتماد صندوق حكومي للنفقة على المطلقات والأرامل بحيث لا يقل المبلغ عن الضمان الاجتماعي,2
الوفاء الشهامة العفو قصة من روائع الحضارة الإسلامية - استمع لحلقة جديدة من حلقات بسمة أمل,3
خلي بالك من لغاليغك!,2
ديحيى ابو الحسن 730 مع جمال عنايت أوربت ،دمحمد صبحى 9 قناة 25 ، دمحسوب 930,2
موعد صلاة الجمعة-#بوسطن(إن الذين يتلون كتاب الله وأقاموا الصلاة وأنفقوا مما رزقناهم سرا وعلانية يرجون تجارة لن تبور),2
رابط تحميل وقراءة المعصرة عدد اليوم: أضغاث فكرية مسامرات صيفية هلاوس بصرية كوابيس مرئية مع فقرات قلمين وسفاسف الأمور,2
خالص العزاء فى الشهيد جندى القوات المسلحة وفى الشهداء المعتصمين سلميا سلامة أرواح وضمان حريات المصريين مسئولية من يديرون البلاد,1
لازم كلنا نروح ننتخب اليوم لأنها أمانة وواجب وطني انتخب لتشعر بحق الملكية في بلدك~عمرو خالد,3
لم تحرق الكنائس فقط، حرقت مدارس و مسارح و عيادات و حضانات و ملاجئ فهمنا الرسالة، الهدف حرق اي قيمة مشتركة، اي دور مجتمعي للمسيحي,2
كويس يا انشراح,2
تحية لرجـــالة #الإتحادية ;) يا ريتني كنت معاااااكم,2
استهداف مقرات الاخوان ثم التيار الشعبي ثم الوفد هي خطة محكمة لاخلاء هذه الشقق و تأجيرها مفروش,1
تعرف على المدعو #محمد_فودة الذي يدعم #السيسي بمؤتمرات في محافظات #مصر بصحبة الممثلة #غادة_عبدالرازق!,2
"#أخبار_مصر #اخبار #مصر | #عاجل| #انفجار قنبلة بدائية الصنع بمنطقة #الطالبية في شارع #الهرم انفجرت قنبلة بدائية """,2
ذكرى استعادة #سيناء ستمثل عيدا للعسكرية والدبلوماسية المصرية,3
مشايخ البيادة عكس اسمائهم احمد الطيب اقسي قلب مسلم على جمعه ألغى صلاة الجمعه احمد كريمة ابخل فى الحق,0
شلالات فكتوريا #زمبابوي,2
من لايعرف أمه إلا يوما في #السنة فهو عاق لها ومن يصلها ويهديها ويبرها #كل_يوم فلا معنى لـ #عيد_الأم عنده فعيد الأم مناسبة للعا…,1
شاهد - آخر كلام: الاعتداء على أحمد أبو بركة المستشار القانوني لحزب الحربة والعدالة #,2
72 وفقا لنص المادة 60 وبناءا على تفسيرها قرر الاجتماع المشترك بأغلبيته المعايير ب 50 و50 أما المعايير والآليات في مشروعي فكانت مختلفة,2
أ/عصام سلطان على قناة الحياة برنامج الحياة اليوم في مناظرة قوية عن أداء المج,2
"شبكة العملاق | رصد| بث مباشر الآن لفعالية طلابية بجامعة #أسيوط بعنوان ""مش #25 #11 #",2
كان سيصبح حظ مرسي أفضل في الحكم لو لم يكن قد اهتم بقراءة سيرة قائد جماعته حسن البنا، بقدر إهتمامه بقراءة سيرة نيلسون مانديلا,1
#مقال: #المسؤولية_المجتمعية لـ #الجامعات تتعدى أسوارها المصدر: #صحيفة_الحياة، السبت 26 جمادى الآخرة 1435هـ 26,2
فصل 16طالبا إخوانيا بجامعة #أسيوط لاقتحام الإدارة وبحوزتهم #مولوتوف …,2
اي أمرأة تصنع الحب والايثار والاهتمام والعطف والحنان مؤهلة ان تصبح أم مثالية حتى لو كانت مارلين مونرو! #فيفي_عبده_الام_المثالية,3
الاختيارات مش عاجبانى,0
"اذا كنا بنقول انه رحمة للعالمين طب لما تقتل الناس اللي عقيدتها مش عجباك و تشتم الباقي, فضل مين من العالمين؟",1
رئيسة البرازيل: اسقطوا مرسي وخطفوه ولم يجدوا ضده قضية فساد واحدة رئيس تونس:أفرجوا عن مرسي والمعتقلين,2
حواري مع روسيا اليوم,2
في جولتي اليوم بمدينة بدر أسعدني بشدة لقاء المواطنين من عمال المصانع الذين يمثلون قاعدة عمالية حقيقية تسهم بشكل فعال في تنمية الدائرة,3
188 ألف توكيل للسيسي و31 ألفا لصباحي #ماسبيرو #كشوف_العذرية #ستوكهولم_سيندروم #كما_تكونوا_يولي_عليكم,2
تم التفجير وفى انتظار سيد بلال صباح السبت 1 يناير 2011 وقع تفجير ضخم أمام كنيسة القديسين بالاسكندرية ، راح,2
الخازوق الإسبرطى,0
قلبك بقى انتيكه قي بيتها #وسط_البلد,2
"شاهد - يسري فوده: ومن يأمن لمن قال يوماً ""طز ف مصر"" #",0
"حوار مفتوح ومناقشة للأحوال السياسية الراهنة في ندوة دعلاء الأسواني الليلة الخميس -7مساء بأتيليه الأسكندرية, التفاصيل>",2
عَلِّم في المتبلم يصبح ناسي وناقش في الإخواني يفضل ضاني (من فقرات تلك الأمثال في المعصرة),0
من الصور القليله اللى جمعتنا سوا ربنا يفك اسرك يامصطفى انت وعرفات وعبدرب النبى #الحريه_لطلاب_صيدله_المنصوره,2
قبل عام امضى المسلمانى ساعة كاملة على الهواء للحديث عن عظمة وكفاءة ووطنية اردوغان وعندما اصبح عضوا فى عصابة الانقلاب وصفه بالجهل,1
#انتخبوا_العرص هذا مافعله العرص في أهل مصر,0
اطهر رئيس وزراء فى تاريخنا التحفظ على اموال هشام قنديل دون اى تهمة بكره تشوفو مصر,1
يقول الحسن البصري: يا ابن آدم الدنيا ثلاثة أيام: أمس قد ذهب بما فيه، وغدا لعله ليس من عمرك، ويوم انت فيه فاعمل فيه الخير,2
علاء الأسواني : هل كان لسكان حديقة الحيوان رأي فيما يجري حولهم ؟!,2
#حمدين لقى #30_يونيو كلها مع #السيسى قالك سيبك منها وخليك مع #25_ينايرالله يكسفك واطى و أهبل,0
7 ماله سمك إسكندرية يافندم؟ طب والله من غير مبالغة لفيت العالم مالقيت مثيله وأتوسل إليكي ماتحطميش أسطورتي الخاصة,3
قصة كفاح حقيقية لشاب مصري من محافظة الفيوم، رغم إعاقته تحدي كل الظروف محمد الكيلاني محمود حميدة، أثناء طفولته,3
يوم الأحد الساعة 10ص أمام محكمة طنطا لرفض اعتقال المتظاهرين وزميلنا بالجبهة خالد الدويكنظام الإخوان مستمر في تصفية معارضيهم,2
""" الشباب قاد ثورة #مصر لكن الحرس القديم مازال يحكم "" #بوابة_القاهرة #السيسي #ثورة_25_يناير …",2
اللي بيقول التحرش نقص دين في اوروبا معظم النتس مش متدينين ده نقص اخلاق و اللي يقولك حرمان كتير من المتحرشين متجوزين,0
"مقالة ""مش"" قصيرة أرجو أن تقرأوها كاملة عن: الدستور والشريعة الإسلامية",2
الحُب هو أن تخالف هواك من أجل مُراد حبيبك فاللهم اجعل ما نُحب هو ما تُحب ~ #مصطفى_حسني ~,2
#البلو_جرانا يقف على رجليه مجددا، روح الإحياء بعد سلسلة الهزائم #بكفي_حصار #اوقفوا_الإقطاع #رياضة #,2
#الداخلية_بلطجية واقعة الاعتداء على الزميلة م/ #داليا_رضوان,0
أتالانتا مهتم بجلب كريستانتي #ميلان,2
#رصد| نظم أهالى #المطرية الجمعة مسيرة مناهضة للانقلاب العسكري ، استجابة لدعوة التحالف الوطنى لدعم الشرعية ،,2
مساء الخير سنتابع من طلب الاضافه وسيتم الغاء الكل بعده الساعه ٩ مساء الكثرة الرسائل ع الخاص #الرجاء الاختصار برساله,2
مين إبن اللذينا اللي عمل الفيديو ده؟,2
#غرد_بذكر_الله #اذكر_الله #حصن_المسلم,0
#عن احساسك كزملكاوى لما عمر جابر جاب الجول انهرده #زمالك,2
"اديني الغاز بسرعة ارجوك محتاج الجرعة""",2
بعد مبادرات عديدة من جمعيات حماية النساء والأطفال ثم استبدل التشريع بآخر في 2011 يقضي بحذف المواقع وليس مجرد حظرها,2
كل القادة والصفوة المعتقلين من علماء واطباء ومهندسين ودعاة ومدرسين هم نماذج الخير والحق فى مصر والدنيا,2
الأسواني:اذا لم تتوحد القوى الوطنية فورا من أجل استخلاص الدولة المصرية من أيدي الاخوان فلسوف ندفع ثمن غاليا نحن وأولادنا,0
أرفض تماما وأدين ضرب الصحفيين أمام كنيسة السيدة العذراء لا لأخونة الكنيسة,0
"#متصدر_لاتكلمني, #النصر_الشباب, #الهلال, #اكشن_يا_دوري شجع ناديك بدون تعصب مع برنامج الايفون الرائع 117",2
ده الصفحة الخاصة بفريق عمل اسكندرية احلى شغل من فريق عمل اسكندرية,2
"تعرف على مجموعة #الأهلى ""المنتظرة"" #بالكونفيدراليةوالنجم الساحلى الأصعب",2
تصبحوا على خير جميعا,2
خمس الاف متابع بـ 200 ريال #سلمان_العودة #تغريدة #اقتباس #طارق #السويدان #طارق_السويدان #أعجبني #العريفي # 437,2
بكل سرور برجاء الاتصال بمكتبي 01002118193 تحياتي,2
خمس الاف متابع بـ 200 ريال #سلمان_العودة #تغريدة #اقتباس #طارق #السويدان #طارق_السويدان #أعجبني #العريفي # 363,2
ارفض المعونه الامريكيه واسرائيل بيننا وبينهم معاهده حقية لا نقبلها ولكن اذا ارادوها فعليهم احترامها اولا,0
لو عملتيها بجد وركبتي عجلة في شوارع القاهرة ورجعتي سليمة أوعدك إني أشجع الأهلي واتفرج على على قناة الفراعين ويمكن كمان أتجوز,2
الطرق السلميه والمتحضرة هي في ظننا احد سبل النضال السلمي والمشروع للضغط علي الحكومات في المنطقه لتنهج منهج استقلالي,0
كلما كرر حزب النور افعاله الوضيعة كلما تذكرت الفعلة الحقيرة لممثلهم البرلمانى البلكيمى,0
سؤال:هل ال ١٠ الاف جنية الي بيوعد بيهم صباحي شباب مصر هما نفس ال ٢٠٠ مليار الي وعد بيهم المعزول راعي الارهاب #سانتخب_السيسى #حركة_كايدينهم,1
دعلاء الأسواني: لماذا يتحرش المصريون بالنساء ؟! أقرأ المقال كاملاً ؟! >> … …,3
7_ أنا نشرت توضيح لفيديو تم إستغلاله بشكل واطي مش معنى إن الأمن مفتري يبقى كل اللي بيقولوه الإخوان صح,1
ياريت كلنا نشارك في الإستفتاء على مرشحي الرئاسة بموقع صوت مصر ادخل واختار من تراه الأصلح لمصر,2
نريد انتخابات برلمانية ورئاسية نزيهة ودستور يعبر عن الثورة #السادة_المحترمون,2
#نفسك_فى_أية_فى_الجنة_ الكثير من أإلأشيااء التي لم تخطر على قلب بششر {هاشتااق أكثر من رآآئع ششكراَاَ أ,2
#الشروق وزير الزراعة: الرئيس القادم لن يقنن البناء على الأراضي الزراعية: قال وزير الزراعة أيمن فريد أب #مصر,2
ان ينزل لواء من مكتبه ليقاتل العصابات الارهابية وسط جنوده فيستشهد دليل على شجاعته وتفانيه في حماية بلده رحم الله الشهيد اللواء نبيل فراج,3
#فيفي_عبده : الراقصة محترمة جداً ، و أنا قدوة ليش ما أكون قدوة :) #الحكم لا تعليييق !!!,3
دعلاء الأسواني: لماذا غضب #مرسي من كلام الطبيب ؟! >> أقرأ المقال كاملاً علاى هذا الرابط >> …,2
النصر سوا تيفو ٩٠ دقيقه واكل ٤ واليوم سوا انتعاش وشكلها وفاه هههههههههههههههههههههههههههههههههههههههههههههههههههههههههه #ال…,2
_ و عودة مرة أخرى للقاهرة الساحرة :),3
فوشيا+موف+بنّي+دهبي+ ٢ كيلو دقيق أبيض تحت العينين ياااااظلمة س,0
مشكلةة معهد دراو الأزهري،إستجابة وحل سريع في إطار الموجودات #السادة_المحترمون …,2
"قانون الثراء الحرام(الحلال)! حلال أن تسرق وحرام ألا ترجع (بعض) ما سرقت! ""إذا سرق فيهم الشريف تركوه""…",1
لا ما بسلم عليه اصلا كل مرة اسلكلك و اقول طيب,2
_ يا سيدي الاختلافات حتفضل موجودة احنا مش في المدينة الفاضلة،المهم نتعامل معاها ازاي؟انقد اسخر كما شئت لكن عنف؟,2
المؤتمر مترجم إلى لغة الإشارة,2
أعطونا #سيناء و أخذوا السيادة تسقط اتفاقية #كامب_ديفيد,0
#نبض_نيوز اا #جمعة_الغضب اا بالفيديو موقع أمريكي يرصد مذبحة رمسيس بجمعة الغضب حجارة معارضي الانقلاب في مواجهة …,0
خالد ابو بكرمحامي الشهداء قال انه لايعلم من صاحب القرار بمنع محاميي الشهداء وأسرهم من حضور محاكمة مبارك تقدم باكثر من شكوى بلا فائدة,2
عندي امتحان كمان شويه و مشغلين #عمرو_دياب :) ده انا هسقط والله,2
"بإذن الله، ألتقيكم اليوم في السادسة مساءً في محاضرة بعنوان ""جدد حياتك"" في الجامعة الأمريكية بالتجمع الخامس،",2
دعبدالمنعم أبوالفتوح خلال لقاءه اليوم,2
الرسالة الاسبوعية للدكتور عمرو حمزاوي 22 مارس 2012:,2
- | ناس تشبهلنا - #ماهر زين | Ü:,2
#نجيب_ساويرس يتحكم ف النادي الاهلي! احمد سعيد رئيس حزب #ساويرس اصبح نائب رئيس #الاهلي بدل من محمد عبد الوهاب صاحب التاريخ الكبير!,0
الشيخ نبيل نعيم مؤسس الجهاد في مصر ضيف #يوسف_الحسيني الآن في #السادة_المحترمون,2
#خالد_حسين مصور #اليوم_السابع : #الداخلية هى اللى ضربتنى أنا و #عمرو_سيد وقتلت الطالب #محمد_عادل,2
البلاغة في الرد:,2
حصرياً أول ?يديو للقبض على بديع مرشد الإخوان #مصر #تونس #الأردن #سوريا #فلسطين #الإمارات #السعودية #لبنان,2
احيانآ نحتاج الى ان نخرج عن المعتاد نحتاج لضحك للبكاء لرقص بجنوون ( اشوف هالهاشتاق سامج لكن مايمنع اعطيه جوه ) طولي 196…,2
"قرارات مرسي ""انتقامية""",0
لو #دمعتك نزلت على خدك من كتر ضيقتك اعرف ان #ربنا بيقولك اسند رأسك على #بابى,3
القائمة الأولى للخونة الذين خدعوني بتعريف كلمة مبقوق :),0
من خطة الوزارة ان تكون جميع مكاتب الصحة مميكنة #السادة_المحترمون,2
اعلن مساندتي ل #جمعية_الاقل_من1000_فلورز من غيرهم التويتر مالوش طعم و لا لينا فولورز,2
ساويرس يطالب بمنع المظاهرات منتهى الوقاحة من احد اكبر اللصوص فى تاريخ مصر,0
سيذكر تاريخ مستشفى الامراض العقلية أن محكمة مصرية اصدرت حكم ببرأة الفلول فاحتج الثوار ونزلوا ضربوا بعض فى ميدان التحرير !!,0
كانت فين الروح الحلوة دي أيام زمان نص مليون فرق في الفولورز فعلا بيغيروا الإنسان متشكرين يا مبهج الجماهير,3
"بعض خريجي #الأزهر ""يخرفون"" في خطبة الجمعة #أخبار #مصر",0
الآن النشيد الوطني,2
آه فهمت بيفكر المشاهد المحروم انه محروم ماشي موافق بس هو محروم ليه بقى؟ السبب بعيد جداً عن الفن,1
ليه البنت اللى #تحب فى مجتمعنآ بيعاملوها انها عملت #جريمه وبتبقا بنت مش #محترمه,1
لواء اركان حرب اسامه عسكر (اسمه فعلا عسكر) يعلن قرار القوات المسلحة: المنابر لازهريين يحددهم الطيب بس مش انقلاب عسكرى,2
من أسباب نجاح مسابقة #تدوين (2/3) التفاعل الكبير من المغردين أنفسهم بالقيام بترشيح من استفادوا منه بالفعل من معلومات وأف…,2
كلما اقترب موعد بدء الحملات الانتخابية، كلما تغيرت لغة الحوار والخطاب بين الأحزاب والسياسيين وأصبحت أكثر عنفا لفظيا,0
يجب أن يكون لدينا رؤية واضحة لبناء مصر #السادة_المحترمون,2
كسرنا حاجز الخوف: دستور يجهض حقوقنا و حرياتنا هو دستور سنسقطه اليوم قبل الغد قوتنا في إرادتنا,0
"#رجعوا_الجماهير""",2
"رئيس الوزراء التركي رجب طيب #أردوغان يظهر امام خلفية لشعار ""رابعة"" مُكون من الآية الكريمة ""إنما المؤمنون إخوة "" 3",2
#البوابة_نيوز: القبض على تاجر مخدرات حاول ذووه إشعال النيران في سيارة شرطة بــ #دمياط,2
للتوضيح ولعدم تناقل أخبار غير دقيقة:,2
التعليم: إنشاء مدارس للتعليم الصناعي والتجاري في مدينة بدر وإنشاء ودعم مدارس ذوي الاحتياجات الخاصة وتأهيل المشرفين عليها,2
د علاء الأسواني: ما الذي تميز به الأعلام المصري تحديدا في هذه الأيام ؟!> أقرأ المقال كاملاً >> …,2
حكومة عم أيوب شاردة واردة مقال يوسف الحسيني في جريدة الصباح,2
نفسي حد يغنيلى اغنية #اهواك #عبدالحليم_حافظ فرحه برده :))) #حلم,3
قانون منع التظاهروالاعتصام المزمع إصداره يحسم اﻷمرأمام كل متردد بأننا نواجه سلطة قمعية ليس لها مشروعية تستهين بحريات وكرامة وحقوق المصريين,0
تدوينة جميلة: شرع ربنا ولا مايسمى بالديمقراطية,2
أفكار غير تقليدية: عن تجربة مؤسسة الخيرية في تمويل أكثر من مليون شخص حول العالم عبر الإنترنت:,2
عبد الباسط حمودة: أغنية جديدة لدعم #السيسي في #الانتخابات_الرئاسية #مصر #طرب #غناء #سأنتخب_السيسي # #,2
سكان القبور وحيدون ؛؛ أغلقت صحفهم وبدأ حسابهم، فلندعوا لهم بقدر حبنا لهم وبقدر ما تفطرت قلوبنا حزناً على فراقهم، #اللهم إرحمهم و أغفر لهم,2
7_ أكييييييييد مش ده البديل البديل ما زال مستتر في نظري وهيظهر قريباً فيه مفاجآت جاية هتفيدنا المهم معركة الدستور دلوقتي,2
بصرف النظر عن الموضوع ده تحديدا مش مهم رأي النخبة المهم كلنا نسمع الشارع كويس #مصر,1
#رايف_العتيبي هم لفاني ياسعد حزة عصير من بين خلق الله قلبي سطابه حتى بحياتي ياسعد عرقل السير اصبحت كني ميت من عذابه #عبدالمجيد العنزي,1
بس ممكن #العرص يموت وساعتها #حمدين_صباحي ينجح بالتزكية ساعتها حيكون له تلات معارضين #الاخوان و #الفلول و #مؤيدين_السيسى_بيعملوا_فولو_لبعض,0
تعليق نارى من عصام سلطان على بيان الجيش و التاريخ هيحاسبنا و هنرجع لـ نقطة تحت الصفر,2
تعديل كامب ديفيد ليس رفاهيهنلزم الحكومه بما صدر عنها من بيان بسحب السفير و نصف التراجع بالعار و الخزلانلا شيء يعلو علي كرامه المصري,1
هل تستخدم الشرطة غير العسكريين لقمع التظاهرات ولماذا ؟! الأسواني يكتب مقاله بعنوان : متى يرحل مرسي >>,1
"جدول إعادة ""آخر كلام"": الإثنين 20 يونيو ( حلقة جمعة الغضب مع روبرت فيسك)، الثلاثاء (اليوم الحادي عشر للثورة مع",2
خطورة تصويت الأمن لشفيق لو تأكد حدوثه انه سلاح سيتم استعماله في الإعادة ليأتي بالنتيجة المرجوة بدون تزوير في الصندوق واجبنا ان نتحقق فورا,0
"ايه اببعد كان في بعدي "" وصال "" دامها كل الخيارات بيدي؛ خلني بين الحقيقة والخيال؛ علم مدري "" حلم "" عيا ينتهي #لازم ابعد",2
موعدكم اليوم السبت الموافق 26 ابريل ب #أنوار_رسالة #المعادى مع جلسة التجويد وحفظ القرآن مجـــانااا مع المحفظة,2
قالك :- الإخوان بيزايدوا علي بتوع #الإتحادية طب و جملة مش هننزل نتظاهر مع الإخوان دي إيه ؟ رز بلبن ؟,0
انا هباات في الشغل لحد ما العصيان يخلص ههههههههههههههههههههه,2
#الحقيقة_مباشر_مصر|#انقلاب_3يوليو رد الشيخ حازم على فتوى برهامى الاخيرهصاعقه,2
د علاء الأسواني: ماذا يريد أتباع مرسي ؟! >> أقرأ المقال كاملاً على هذا الرابط:,2
من يفهم في القانون اكثر من الفقيه الدستوري الدكتور ثروت بدوي والدكتور عاطف البنا والاستاذ جمال عيد كلهم أيدوا قرار الرئيس بعودة البرلمان,3
#أوباما: ميانمار لن تنجح إذا استمر قمع الاقلية المسلمة #العرب #مسلمي_الروهينجا,0
إستنكر دعبدالمنعم أبو الفتوح بشدة التصرفات الوحشية واللا إنسانية التى ظهرت فى تسجيل فيديو على الأنترنت ، والذى,0
لا يمكن أن نتخل…,2
بعد قليل ننشر لكم فيديو من ندوة دعلاء الأسواني من ساقية الصاوي بتاريخ 14-6-2012 ويوضح موقف دالأسواني من انتخابات الإعادة الأدمن,0
مدرعه فض شغب قبل سلم السودان علي الكوبري و انت جاي من اكتوبر #بلغ,2
مخيم الشاطئ للاجئين الفلسطينيين في #غزة و فيه يعيش رئيس الوزراء اسماعيل #هنية,2
انا مبحبش الناس الأوفر انا مبحبش الناس عموما !! #اعترافات_ليلية,0
وَاتَّقُواْ يَوْماً لاَّ تَجْزِي نَفْسٌ عَن نَّفْسٍ شَيْئاً وَلاَ يُقْبَلُ مِنْهَا شَفَاعَةٌ وَلاَ يُؤْخَذُ,2
يا شباب أهدى لكم قصة الحب هذه و حلقة جديدة من بسمة أمل - الحب الحقيقي لا يموت,2
"#حمدين_صباحى:سأفوز بـ""الرئاسة"" وشعبية ""#السيسى""تتراجع بانتظام بسبب ""الأخطاء"" -حد يخبطه على دماغة الحزين ده خليه يفوق",0
لن نتفاوض مع حكومة وحدة وطنية فلسطينية إلا إذا اعترفت #حماس بـ #إسرائيل #فلسطين #المصالحة #تسق…,2
"#الوطن | #خالد_علي يحاول إنقاذ ""#حسن_شاهين"" من بين أيدي المشاركين بمسيرة القوى الثورية: #",2
حزب الحرية والعدالة بكل ما لجماعة الإخوان من ثقل تنظيمي وسياسي ومالي يعاني من التصدعات المتتالية داخل الجماعة ومن منافسة التيارات السلفية,2
2525 أنا برضه اللي بتكلم زي عمر سليمان؟ ده شكله متعلم منكم وبكل أمانة أنا كنت أحترمكم أيضاً ولكن كفاية وهم لحد هنا,1
خمس الاف #الامارات #الهلال #النصر #السعودية #الكويت #قطر #الرياض #مكة #رتويت # #دبي #الشارقة # #غرد_بصورة 810,2
الهاش تاج ده للفقرة التانيةحتعرفوا لما يييجي وقتها #باسم_قال_ايه,2
موراتي : بينيتيز قال انه لم ينجح لأني لم اشتر له 4 ﻻعبين؟ نابولي احضر له ﻻعبين لكني لا ارى نتائج أيضاً #جبهة الطباخ,2
عرض الاسبوع 10 ألاف متابع #السعودية #أبناء_الدم #ليش_لا #البحرين #غرد_بصورة #المنامة #الدوحة #الرياض [2405311],2
ومفكرتش في المساااجد بيوت الله حرقت وقاعد تفكرلي في الكنائس ةاواي تبنيها تاني !!!!!,1
نشبه لـ اي اتنين يحبوا و ميقلوش #محمد_محسن,2
مطار القاهرة ينفي حيازة #الجيزاوي للمخدرات #الحرية_للجيزاوي_المتهم_البريء,2
بتر أصابع يد طفل بعد إطلاق النار عليه من أحد أنصار مرسي في اعتصام رابعة …,2
1234 أمسك الخشب !,2
اتقي ربنا فيا بزياده حس بيا لوزير #التربيه_والتعليم #ثانوية_عامة,2
#اه_والله #عن عشق السنين و حب الطفولة و هوس الشباب #محدش_هيفهم برضه :),2
فتاوى #برهامي تروج لاغتصاب الأمة أو السلطة,2
"القبض على إخواني صفع سيدة مؤيدة للسيسي أمام مقر محاكمة مرسي اليوم "" دعاء المصريين ن…",2
#إخوان خيبر! #الشروق,2
بوابة #التحرير,2
الى #الاخوان أردتموها معركة دون وجه حق فدبروا لكم مذبحة دون وجه حق اقرأ المزيد هنا:,1
اه انا ساكنة جنب رابعة وفعلا كتير منهم اتحرك من بدري,2
الى البرادعى العظيم سيذكر التاريخ انك اول من تصدرت للنظام البائد فى عز بطشه و ساهمت بذلك فى شرارة ثورة الحرية اثق تماماً انك مستمر معنا,2
"احضن اللى بتحبه "" بكلامك "" ^_^ ! - قوله كلمة حلوة #فجأة :"") !",3
أدعو المجتمع السكندري لإعادة أكشاك النبي دانيال وحماية بائعيه وعدم التفريط في تراث اسكندرية من أجل محافظ مصاب بالحول الفكري وخلل الأولويات,0
""": #اذكر_الله """,2
فنانة تشكيلية من ذوي الإحتياجات الخاصة على المنصة الآن تشكر دعبدالمنعم أبوالفتوح على حضوره,2
#عمرو_حسين #74شهيد #احذروا_غضب_الاولتراس,2
هو مرسي ما غيرش النائب العام ليه؟ هي دي النهضة؟,0
في حالة تشاور مستمر حول الخطوة القادمة من اجل توافق وطنى على حكومة الانقاذ مع السيد حمدين صباحي ود البرادعي #,1
من حق الطلاب يعملوا مجلس طلابي ويمارسوا العمل البرلماني بحرية تامة ترسيخ مبدأ ال #ديموقراطية #لو_أصبحت_وزير_التعليم,2
قبل اعلان اى نتيجة هذا الاستفتاء مزور وباطل وعلى دستور باطل انتجته لجنة تأسيسية باطلة حصنها مرسي لانها غير قانونية سنسقط دستور المرشد,2
الف مبرررروك للعالمي ولجماهيرهـ  #النصر_الهلال,3
د أبو الفتوح في العاشرة مساء : زوجتي الدكتورة علياء لا تنتمي للإخوان المسلمين :),2
الحلقة ١٠ كاملة: مسلمون معتزون بثقافتهم الامريكية #,2
أتقدم بخالص التهانى لأخوننا المسيحيين بمناسبة عيد القيامة المجيد كل عام ومصر بخير وسلام,2
البوابة نيوز: #شيرين نادمة على عدائها ل#هيفاء_وهبي:,2
"قال رسول الله صلى الله عليه وسلم :""من غدا إلى مسجد أو راح أعد الله له نزلاً في الجنة كلما غدا أو راح"" #نشر_سيرته",2
الاعلام الفاسد وفئرانه اميركا تساند الاخوان واليوم وفد من الكونجرس يلتقي سيسي والطرطور وبلاوى مجانين رسمى,0
ثم انا اصلا كبير #وسط_البلد,2
ﻫِﺠﺮﺓٌ ﺇﻟﻰ ﺍﻟﻠِﻪ -ﻋﺰ ﻭﺟﻞ- ﺑـ #اﻟﺘﻮﺣﻴﺪ ﻭ #ﺍﻹﺧﻼﺹ ﻭ #ﺍﻹﻧﺎﺑﺔ ﻭ #ﺍﻟﺘﻮﻛﻞ ﻭ #ﺍﻟﺨﻮﻑ ﻭ #ﺍﻟﺮﺟﺎﺀ ﻭ #ﺍﻟﻤﺤﺒﺔ ﻭ #ﺍﻟﺘﻮﺑﺔ,3
إذا جعلك والديك أميراً مدللاً في صغرك فاجعلهما ملوكاً متوجة في كبرك,0
مكالمه هاتفيه من اللواء مصطفى يسرى #الساده_المحترمون #يوسف_الحسينى,2
#إبراهيم_محلب رئيس الوزراء قرر وقف الملاحقات الأمنية للعمال بسبب التظاهر أو الإضراب #…,2
من المعروف ان هناك من يريد دخول لجنة الخمسين ثم ينسحب منها #السادة_المحترمون,2
حدث ذات ثورة مقال اليوم بمناسبة 23 يوليو و30 يونيو في نفس الوقت مع خالص التحية,2
100 يوم من فشل الانقلاب 200 دولة ترفضه 400 فندق اغلق 800 مصنع افلس 8000 شهيد 20000 معتقل 30000 مصاب 50000 مسجد,0
الكوت تويت من غير فولو يُعتبر هتك عرض الكتروني وشكرا #دستور_تويتر,0
بدون استعادة الأمن وتصحيح المسار سنظل ندور حول انفسنا غارقين فى الصغائر غافلين عن التدهور الإقتصادى والإستقطاب الإجتماعى,0
أغيب هذا الأسبوع لا لتحضير مفاجأة ولكن للتركيز في موضوع معقد التفاصيل :),1
19850 حزب مصر الحرية مشارك في قائمة الثورة مستمرة ب ٢٢ مرشح في والقائمة موجودة في أغلب دوائر الجمهورية,2
اننى ارجو منك ان تتكرم بدعوة السادة اعضاء مجلس الشعب لانعقاد جلسة باكر الاحد3/6/2012 بميدان التحرير وسط شعب مصر صاحب القرار والسلطة والحكم,2
13 قتلى وأكثر من 450 مصاب في محافظات مختلفة، هذه مقدمات كارثية لاقتتال أهلي حذرت منه دوما وينبغي رفضه ومواجهته، كل الدم المصري حرام,0
"""#الهولوكوست"" أبشع جريمة في التاريخ الحديث!صوتي يا انشراح على اساس ان اللي بيحصل للفلسطينيين مش مكفيه …",0
عامل كهربائي يستغل وقت فراغه في عشر ذي الحجة في قراءة القرآن كتب الله أجره وغفر ذنبه #عشر_ذي_الحجة,3
وفود سياحية بريطانية تزور #مصر وتبدأ بزيارة معبدي #الكرنك و #الأقصر #بريطانيا #أخبار #سياحة #القاهرة,2
لو فاتك مؤتمر #شهود_الإتحادية وعايزة تشوف الشهادات، هتلاقي بعض منهم وشهادات مصابين تانيين على قناة,2
#حركة_كايدينهم هوا ليه صباع رجلى موش زى صباع ايدى حد يقولىىىىىىىىىىىىىىىىىىىىىىىىىىىىىىىىىىىىىىىىىىىىىىىىىى …,2
اخلاقهم حدث ولا حرج,2
د علاء الاسواني يكتب مقاله الأسبوعي بعنوان : ماذا تعلمنا من المحنة ؟! >>,2
البلوك للألفاظ الخارجة فقط,2
المذيعة مش في السي بي سي,2
خطاب عاجل إلى وزير التعليم: مدرسة الشهيد أحمد كمال في طنطا مأساة التعامل مع أسر شهداء الثورة:,0
مصر الحقيقية ترد على عز,2
تفتكروا فيه استراحة في الخطاب ده؟,2
مطلعتش أنا زي ماكنتي بتقولي اول و اخر حبيب لحقتي عرفتي و دوبتي و عشيقتي لحقتي نسيتي و هجرتي و بعتي #عزيز_الشافعي,3
#الوفد مختار مختار على رادار الهلال السودانى: يسعى مسئولو نادى الهلال السوادنى للحصول على خدمات #الوفد,2
يعني 4 احزاب اسلامية فقط هي من تصوت على مسودة الدستور الان وان 65 عضو رفضوا اللعبة (من الاصل والاحتياطي),0
شاركونا علي #هاشتاج #هناك_مكان_في_الجنه و ادعوا لعلها تكون ساعه اجابه في يوم الجمعه #رتويت #,2
#أشاهد_الآن #بدون_شك_الموسم_1_الحلقة_13 على شاهدنت عبر,2
"""لقطع عيش"" مروجي الشائعات، أنا في ألمانيا منذ الأمس للاطمئنان على ولديي وبعد غد أعود إلى مصر بإذن الله، أدعو الله أن تمر هذه الليلة دون عنف",2
#وسط_البلد رحلة إلى الجحيم ~,2
ايوب : عودة #عاشور و #عمرو_جمال ستكون اضاف قوية للفريق قبل لقاء العودة فيما سيكون لغياب #فتحي تأثير كبير علي الفريق #,2
1 مسئولية الأمن هي منع العنف وحماية كل الدم المصري، والشعب العظيم الذي خرج اليوم بسلمية للمطالبة بإنهاء رئاسة فاشلة لن يسمح بالعنف,1
دخلة جمهور الانتر في ماتش نابولي #الكورة_للجماهير,2
وصول الثوار لميدان التحرير احد اكبر علامات اسقاط الانقلاب والعلامات الكبرى والاخرى قادمة مع قادم الايام,3
تسعين دقيقة رجولة اكسبو وفرحونا #اظن_كده_الرساله_وصلت #المصري # #بورسعيد البوستات مبقتش توصل اﻻ ل10% من,2
1 العنف مدان، ضد منشآت عامة أو خاصة، ضد مجمع محاكم أو أقسام للشرطة أو مقر إعلامي حزبي كإخوان أون لاين، من الأجهزة الأمنية أو من المتظاهرين,0
لماذا لم يذهب الرئيس الطرطور الى جنازة لواء الشرطة؟ لو كان مرسي كانوا مسحوه,0
في نوعية افلام تدخلها تحس ان انت انسان محترم كدة نضيف زي مثلاافلام #عمرو_سلامة #لامؤخذة وفيه افلام تحس انك حقير وعيل سرس زي افلام #السبكي,1
بيع متابعين #السعودية #الكويت #برشلونة #النصر #الهلال #الإتحاد #الإمارات #الرياض #الدمام #بوح #عمان #دبي #جدة 005,2
3 انا قلت الكلامده فينانا بقولهم نقرا ونتناقشوانا مش باصادر على رأي حد انت حروانت حر,2
نحيي شباب حزب الوسط على مجهودهم الرائع فى الانتخابات والذى كان سببا فى حصول الحزب على ما يقرب من مليون صوت ممن صوتوا لنا عن اقتناع,3
#الشروق إحالة أوراق 683 من أنصار الإخوان لفضيلة المفتي في أحدث مركز العدوة بالمنيا: أصدرت محكمة جنايات #مصر,2
الجامعة هنا في مصر فصلته عشان ماراقبش على امتحانات قسم حشراتوالجيش طلعه غير لائق ذهنيا عشان عنده تهتهه بسيطةالان هو من افضل مهندسين ناسا,2
الوطن | الدستور الدولة والمجتمع (4) | عمرو حمزاوي:,2
الراقصة شهيدة لو ماتت أثناء الرقص لأنه عملها …,2
""" أكملُ المؤمنين إيمانًا أحسنُهم خُلقًا ،وخيارُكم خيارُكم لنسائهم ""رواه الترمذي #يوم_الم…",2
نيابة #أكتوبر تأمر بحبس #ياسر_محرز المتحدث باسم #الحرية_والعدالة 15على ذمة التحقيقات في تهم التحريض على التظاهر وإثار…,2
عبد المنعم ابو الفتوح اعداء المصريون فى الخارج والداخل يدبرون مؤامرات لاجهاض ثورة يناير # #,0
"""__: ""_: نسب نبينا محمد صلوات ربي وسلامه عليه #نشر_سيرته #""",2
"""من عتمة الليل النهار راجع ومهما طال الليل بييجي نهار مهما تكون في عتمة ومواجع العتمة سور ييجي النهار ينهار"" عمار وسيد",2
#مصطفى_حسني أسًتُغّـفُر ٱللۂ عدُدُ حًبّٱتُ ٱلمطٌر أسًتُغّـفُر ٱللۂ عدُدُ ٱلرمل,2
#ولاية_الانبار _ ------------------------ #الشعب_يقول_كلمته #السودان #الفرات #اسيو…,2
يخربيتك يا #مارك مارك عمل اللايك بصوت 3:) لسه مجرباها حالا ^_^ جربوها كده :) #,2
الولد اللي بيقبل يتشتم ب امه حتى لو هزار و يقلب الدنيا لو حد جاب اسم صاحبته بس #استرجل كده عشان امك اللي بقيالك و تعبت عشانك,0
لم ولن أتخذ أي موقف يؤيد قتل أبرياء تحت أي ظرف من الظروف ما أقوله عن الإخوان لا يعني تأييدي لقتل أي بريء مهما كان,1
شاهد - آخر كلام: تأثير زراعة البذور المعدلة وراثياً #,2
"بالفيديو| عزيز الشافعي ""لحقتي"" السهل الممتنع #عزيز_الشافعي",2
إحنا مايفرقش معانا هو موافق ولا لأ إحنا عايزين حنان ليس إلا,1
يآجعل دربكَ تسآهيل والفُوز فآلك #النصر_الشباب #نصراوي_لاتكلمني,3
فيديو | محكمة جنايات المنيا تحكم بالإعدام على 683 من أنصار #مرسي من بينهم مرشد #الإخوان_المسلمين 28-4-2014 …,2
كان قلبي حاسس,2
وحشتني طريقة حياتي قبل ثورة ٢٥ يناير #اعتراف,2
الميرغني,2
د/ عبد المنعم أبو الفتوح : نحن استردينا ارض سيناء لكننا لم نسترد سيادتنا كاملة عليها تعرف على رأي د/ عبد المنعم,2
"الجيش المصري يقتل ""إرهابيا"" في #سيناء وإصابة ثلاثة رجال شرطة #مصر #الإخوان #إرهاب",2
مقتل 2 في مشاجرة بالأسلحة النارية بسبب الخلاف على ملكية قطعة أرض بـ #الطالبية,2
شكرا لدعمك,3
كنت كتبت كلام كتير اوي وف الاخر كله ماشيمسحت كل حاجه و سيبت كله ماشي #كله_ماشي,2
المعتصمون داخل مسجد الفتح يستخدمون طفايات الحريق ويتهمون الجيش بإطلاق قنابل الغاز عليهم #السادة_المحترمون …,1
"ملايين فى الشوارع قبل العاشرة صباحا مشهد لم يره بلد فى العالم, كم أنت عظيم يا شعب مصر",3
#أوباما يحذر #ميانمار من عدم نجاحها في حالة قمع المسلمين، مؤكدا عدم وجود حماية كاملة لحقوق الأقلية المسلمة في هذا البلد #الراية #أمريكا,2
#اذكر_افيهات_الثورة لقينا في خيم المعتصمين عند #الاتحادية #الإتحادية خمرة و مطهرات مهبلية :,1
مصر لشعبها وليست لسويرس والعسكر مصر لن تنام الا عندما تعود الشرعية لن تحكموها أبدا بالرصاص والحديد والنار,0
بعد ثلاثة ايام من اعلان الحرب على بلال فضل تقلص الفارق من عشرة الاف الي ثمانية الاف فولورالثورة مستمرة #,2
شاهد - آخر كلام: مصر ودماء الاتحادية وماذا بعد؟ #,2
#صباح_الخير #بعد_منتصف_الليل #غرد_بذكر_الله #صور_كنك_بنت #لو_كنت_المتحكم_بالتويتر #رتويت خمس الاف بـ 200 ريال 5,2
""" #الفيفا يصنف الدوري السعودي ٢٤ دوليًا الثاني آسيويًا الأول عربيًا عاد #النصر فعادت هيبة الكرة السعودية",2
والد #جيكا هو اللى كان داخل مع #حمدرين يوم تسليم التوكيلات #واحد_مننا,3
تفاءلوا بالخير تجدوه,2
النائب العام ينقل محامي عام شرق القاهرة الى بني سويف لرفضه حبس متهمي الاتحادية,2
#ﻣﻘﺪﺭﺵ_ﺍﻧﺴﻰ اول لمسة ايد فى سلامنا,2
#المملكةالعربيةالسعودية #جدة #جده #الرياض #الدمام #الخبر #ينبع #الشرقية #مكة #المدينة_المنورة #تبوك 16,2
"3: اشتباك الجيش مع ""معتصمي الحرس الجمهوري""",2
الوطن | الحوار المجتمعى حول الدستور | عمرو حمزاوي:,2
#الميدان:الاتحاد العالمي لعلماء المسلمين يدين الاعدامات الجماعية فى مصر,2
#هتحبك_لو تحاول تقنعها باللى انت عايزه بهدوء مش زعيق وخلاص ;),3
حمزاوى يرفض جميع مرشحى الرئاسة ويشترط رئيس بلاضغوط لانتخابه,2
الوطن | ليرحل سفير الأسد من القاهرة | عمرو حمزاوي,2
هو ليس مكانه طاولة الحوار المحترم إن عمر سليمان لا يؤمن بالحوار إنما يؤمن فقط بالقتل !,0
الاعتقالات وباء وانتشر فى مصر والحبس الاحتياطى فيروس يلاحق المعتقلين,1
ثوار #عين_شمس موعدنا في الفاعلية الثانية لليوم الجمعة 2 مايو 2014 بعد صلاة العشاء من أمام مسجد حمزة بن عبد المطلب,2
اين خالد زين رئيس اللجنة الاوليمبية؟ صراخ وتهديد وشجاعة فى زمن مرسي من خاف سلم والجبن سيد الاخلاق,0
2008 تم فتح المحور خلاص #انزل ماحدش يخاف,2
الوطن | ماذا تنتظرون؟ | عمرو حمزاوي:,2
""" دي الصفحة الاولى السطر الاول تحت الصورة",2
نرصد تاريخ التنظيم الدولي لجماعة الإخوان المسلمين #مصر #فلسطين #تونس #الإمارات #الأردن #سوريا #السعودية #الكويت,2
كذب البلتاجي وجماعة الإخوان #يوسف_الحسيني #السادة_المحترمون,2
أحيى قواتنا المسلحة والشرطة فى سيناء لقيامهما بتعقب المجرمين، طالبا ألا يقع منهم أي مظالم على أهل سيناء الوطنين حراس الحدود الشرقية لمصرنا,3
البعض في ميادين التحرير يطالب بنقل فوري للسلطة في ٢٥ يناير ٢٠١٢,2
خطاب مرسي بداية جيدة نتمنى ان يكون ذلك بداية لتوحيد الصفوف ضد العسكر,3
الوطن | س و ج عن المعارضة واختياراتها | عمرو حمزاوي:,2
"""لبيب"": لا نية لدى #الحكومة لزيادة #الأسعار",2
يا جماعة البرادعي جاب سيرتي في تويتة لولولولولولولولي شكرا للنائب العام اللي اتاح لنا الفرصة دي,2
"""تنظيم ههههههههههههههه الدولي"" :",2
من العنصرية أن تؤمن أن العربجي مهنة دنيئة عيب على ذقنك يا شيخ,0
بسمة أمل - قصة من المدينة المنورة,2
هل هناك علاقة بين مسح الشرائط التى تصور الاعتداء على المتظاهرين في موقعة الجمل وبين تحية قائد الشرطة العسكرية لحبيب العادلى بعد المحاكمة,2
أي استخدام لاسمي في الترويج لمؤشرات معينة بشأن نتائج الانتخابات أو لمرشح على حساب آخرين أو لانسحابات أو خلافه هو تزييف صريح ولا صحة به,2
#هتحبك_لو احترمتها فى وجودها او غيابها ;),3
بوقف تنفيذ القرار السلبى الصادر من المشير محمد حسين طنطاوى بالامتناع عن التصديق على التعديلات التى أقرها مجلس الشعب يتبع,2
ﺍﺩﻋﻮﺍ الله و انتم موقنون بالاجابه,2
في ظل أوضاعنا الحالية أفضل أن يكون اختيار قيادات الجامعة بالانتخابات ليست هذه الوسيلة الأفضل مطلقا لكنها,2
ما أحقر القاتل حين يبرر جريمتة ،! #مجزرة_رابعة #مجزرة_سجن_ابوزعبل #رابعة,0
#كلمه_بتتقال_في_البيت_كل_يوم وين رايح ؟,3
"تسلم لي عيونك يا آحلى #شيرين ♡ "" روحي شيرين محمد العراقي الجريح",3
#حط_نفسك_مكان_البنت وانت هتكره كل يوم انك اتولدت بنت,2
طالما إنت مصدق إن الداخلية كانت بتغطي حمادة مش بتعريه ولا تسحله أنا كمان هاصدق إنكو بتبعتو ناس تغتصب البنات في التحرير وتقتل الناس في كل حتة,0
حواري مع الأستاذ غسان شربل رئيس تحرير الحياة اللندنية,2
تعليقاتكم على الصورة #غرد_بصورة #الوقت #الفراغ,2
بقالى كتير ماكتبتهاش #السيسى_رئيسى #سأنتخب_السيسى #باسم_طلع_حرامى #هشام_الجخ_طلع_نكسجى_حرامى,1
"علاء الأسواني يكتب مقاله الأسبوعي بعنوان : ""ماذا نصنع في الدم؟!"">> >> نشر صباح اليوم في جريدة المصري اليوم",2
الدولة المصرية دولة في نطاق رد الفعلحلمي النمنم #السادة_المحترمون,2
عرض الاسبوع 36 ألف متابع #وش_أكثر_شي_يسهرك #صيام_الإثنين #خد_موقف_من #صلاة_الوتر #فى_تويتر_تلاقى #الدمام [865178],2
هل تعرف ما هو اسم الله الأعظم -تعلم واحد من أهم الأدعيه النبوية في 3 دقائق في حلقة جديدة من برنامج بسمة أمل,2
رُبّ من أنضجت غيظاً قلبه *** قد تمنى لي موتاً لم يطع مهداة لمن يقف في أعلى شجرة جوز الهند محاولا اخراس ذكائي لأتوقف عم…,1
عبد المنعم ابو الفتوح,2
الغريب في #يوسف_الحسيني انه بينتقد #ياسر_برهامي و هو اكبر برهامي انا شفته في حياتي #مصر,0
لمن لم يشاهد لقاء مصعب الشاعر مع محمود سعد - نموذج لطهارة ثورتنا التي اتسخت بقذارات السياسة …,1
الليلة، الموقف من سد النهضة مع د عمرو حمزاوي و د علاء الظواهري، يعقبه لقاء خاص مع بطل مصر و العالم في الاسكواش,2
أكثروا من الباقيات الصالحات * سبحان الله ، والحمد لله، ولا إله إلا الله، والله أكبر #كلمة,2
لنخرج للميادين لإستكمال أهداف الثورة,2
"""نطالب المجلس العسكري والحكومة بسرعة إعادة الأمن فى مدة لا تتجاوز عشرة أيام""",2
من بوابة الأهرام الأسلوب الحقير للصهاينه استخدم من قبل مع اخرين,0
عاهدنا الله علي أن نجتث جذور #الإرهاب من #سيناء بلا رجعة,2
لقد حاولت كثيرا معاهم و لم أنجح للأسف,2
كالعادة خطب منتصف الليل بتبقى للإدارة الأمريكية,2
بعد استقالة رئيس #المحكمة_الدستورية ننتظر استقالة #رئيس_القضاء #السودان,2
#جمال #خيال #حقيقه #جميل #درر #حكم #أعجبني #حكمه #بقلمي #شوق #بوح #شعر #قصيد #رتويت خمس الاف متابع بـ 200 ريال 157,2
الآن أحل ضيفاً على الإعلامية رولا خرسا في برنامج الحياة والناس على قناة الحياة 2 وحديث حول تنظيم القاعدة,2
"شاهدوا الآن الحلقة الثانية من برنامج قصة الأندلس وتعرفوا على سيرة ""موسى بن نصير"" القائد العظيم الذي يُعتبر هو",2
نعلم ما تمثله مصر لإفريقيا وندعم خارطة الطريق #السادة_المحترمون,0
200 #أسير إداري ب #السجون #الإسرائيلية يبدأون #إضراب ا عن #الطعام,2
"أنصار شفيق أصابتهم نوبة بذاءة اليوم أنصحهم بإدخارمجهودهم , شتائمهم لن يقراها الدكتور علاء لأني أضعها في مكانها الطبيعي صفيحة القمامة الادمن",2
من إنجازات الثورة العظيمة هو مشاركة الشعب في المعادلة السياسية ليؤكد أنه أهم لاعب,0
تعلم تحليل الشخصية مجانا معنا بسرررعة لااااااااااااااااااااااااااااااااايفوتك العرض #غرد_بطولك #مواطنه_تخطف_شاب …,2
تَحَدَثوآ عَن أيْ شَيء ~ — #المدارس بالمجموع #والكليات بالواسطة #والجواز بالفلوس # والصحوبية بالمصلحة #,0
ضمن لجنة تمنح جائزة للحكم الرشيد 5 مليون دولار لرئيس أفريقي سابق لم نجد أحدًا! أفريقيا جنوب الصحراء في طريقها إلى الديمقراطية الطريق طويل,2
عضو في #مجلس #الشعب #السوري #ماهر عبد الحفيظ #حجار يعلن ترشيح نفسه #للانتخابات #الرئاسية,2
اللهم لا تحرمنا خير ما عندك بشر ما عندنا,2
#جمال #خيال #حقيقه #جميل #درر #حكم #أعجبني #حكمه #بقلمي #شوق #بوح #شعر #قصيد #رتويت خمس الاف متابع بـ 200 ريال 127,2
أيها الاخوان في أية من القران وفي أى حديث شريف تعلمتم ان المبنى المصنوع من الحجر يكون الدفاع عنه بقتل الناس بالرصاص الحي على أى ملة انتم,0
وهي الطاولة جهزت تفضلوا :) #حتوتة #عمان #وسط_البلد #7,2
عبالي الزواج فستان ابيض و روج أحمر #اعترافات_الطفولة,2
هواجس العام الجديد - سادسنا كيف يرتقى الأداء المهنى لمجلس الشعب لمستوى توقعاتنا؟ - عمرو حمزاوي - بوابة الشروق,2
واقفه احتجاجيه بناصية شارع عبد المنعم رياض بالوراق الساعة 9:30 الدعوه عامه للجميع #انزل #احشد #شارك,2
وطبعا محدش سمع من مصاب فقد عينه الإثنين أو حصله عجز من يوم 28 يناير 2011 #جمعة_الغضب أن الناس بتقوله خربتوا البلد وهو كل اللي قاله #حرية !!,1
_ يااااااه يا مالك بترد على حالة مر عليها 31 يوم؟! :) حالة الانقسام التي شهدتها القوى الديموقراطية هي التي أدت لذلك,0
4 نوفمبر عيد الحب للتافهين عيد ميلاد تواضروس وحددوا له محاكمة مرسي ليسجلوا 3 أهداف هاتريك بشوطة واحدة مرسي صدها,2
الشعب هو القائد والمعلم وكلنا جنود تحت قيادته من أجل تحقيق أهداف الثورة 25 يناير 2013 : ثورتنا مستمرة,2
ابتسم :) لعل ابتسامتك تكن سببًا في تغيير حال شخص آخر!,2
هل تتحقق امنية علاء عبد الفتاح حين خرج من السجن و قال حنشوف بدين بيلعب في مناخيره في القفص؟,2
مداخلة د عبد المنعم أبو الفتوح في برنامج أخر كلام,2
جامعة هلسنكي(فينلندا)تختار #السادة_المحترمون (بفريق عمله كاملا)البرنامج الأكثرمصداقية وحرفية في #مصر وتم إدراج بحث عنه في دوريتها #فلسطين,3
شاهد - آخر كلام: سميح شقير، 'هي يا سجاني',2
"""التسعيرة الجبرية"" مزيد من النهب محمد البرغوثي #السادة_المحترمون",2
#أخبار_مصر #اخبار #مصر | استئناف #محاكمة_مرسي فى قضية التخابر أهم الأخبار المتوقعة اليوم لـمزيد من التفاصيل :,2
#انقذوا #سوريا _من_ #الارهاب,2
الممثلة بسمة من بين ضيوفي الليلة ولا علاقة لهذا بأي هاش تاج #,2
مدرب #الشرطة: لن نفرط في #يوسف و #قمر #الاهلي,2
الرسالة رقم 25 من الجزء الاول لكتاب رسائل سجين سياسى الى حبيبته,2
10 مليارات جنيهاً حجم عمليات تهريب الدقيق المدعم,2
لما اعرف ان #محمد_رمضان عامل مسلسل في رمضان الجاي اسمه ابن حلال أمال مين اللي يبئه ابن كلب,0
مدرسة الطبري بشيراتون,1
الأسواني : هل قتلت اسرائيل الفلسطينيين بالرصاص وهم يشيعون موتاهم الى قبورهم ؟! المقال كاملاً >> … …,2
#السعودية #فيديو #غرد_بفيديو #نصيحة #الرياض 31 11:18:40,2
"دعلاء الأسواني يكتب مقاله الأسبوعي بعنوان: ""ملاحظات صريحة على مشهد رائع "" >> ينشر صباح غد في جريدة المصري اليوم",2
"٢ والمقالة المذكورة هي , ,",2
#ذات_مومنت لما موبايلك يغطس في البطنيه وتقعد ادور فيه ما تلقشي واخر حاجه تنفض البطنيه يقعد الموبايل ايتخبط فيالوطى :/ اصلا عادي,0
#متصدر_لاتكلمني #النصر #الهلال #الاهلي #الاتحاد #الفتح #الشباب #السعودية الدرعيه #الرياض خمس الاف 34,2
زبيدة ثروت #مزز_ما_قبل_البلاستيك,3
ننتظركم الليلة السابعة مساءً ندوة د علاء الأسواني بمركز شبابيك بالمقطم >> التفاصيل على هذا الرابط >> …,2
"يرسم #ضحكة على وجه شخص , ثم يعــود الى #منزله وفي منتصف الطريق , تسقط #دمعة ويبدأ همه !# #",2
#مصر_القوية |3- أصبحنا مضطرين للتذكير بهذه البدهيات أمام هذه الأحكام القضائية المتتالية التي تخالف القوانين المصرية والموا…,2
دمعة فتاة تنتظر الفرج #جمعية_زمزم #كن_سباقا_لعلاج_المرضى_الفقراء #العريفي #رمضان #رتويت #القرآن …,2
ملامح عثمانيه… جامع علي باشا حكيم اوغلو (ابن الطبيب) بني عام 1735 في #اسطنبول #تركيا,2
محدّث- #مصر توقع اتفاقات لشراء 425 مليون طن من #القمح المحلي - الأخبار - أصوات مصرية #اقتصاد,2
بلير يدشن حربه الصليبية الجديدة على الإسلام السياسي #بريطانيا #انقلاب_3يوليو,2
الرسالة رقم 15 من الجزء الاول لكتاب رسائل سجين سياسى الى حبيبته,2
"""كل اللي عايشين م البشر من حقهم يقفوا ويكملوا يمشوا ويتكعبلوا ويتوهوا أو يوصلوا"" عمار والأبنودي",2
"#الوطن| ""#الخارجية"" تدين الاعتداءات #الإسرائيلية على المصلين في المسجد الأقصى",0
يعني بدل أن تعتذر عن توصيفك تزيد الطين بلة بتشويه ناس دخلوا السجون أيام كنت مشغولا في بيزنس حوار الأديان,0
الفلفل الأحمر الحار يساعد على حرق السعرات الحرارية -- #دايت #جمال #سمنة #صحتك #المرأة,2
_4 _2012 _ انتم اسياد النصاري باخلاقكم كنتم خير أمة اخرجت للناس,3
(2) #مش_لازم ممكن اكون شايفاها متستحقش الزعل ولا هو يهمنى و يستحق انى ابرر,2
شوال الفلوس سويرس مشغول اوى اليومين دول بقناة الجزيرة ونازل شتيمة وتريقه فيها وفى ضيوفها خدك بيوجعك اوى ياشوال,0
الشعب يريد وعلى مجلسه أن يتصدى لهذه المهام بفاعلية وأمانة,2
"ما يقال عن صدور ""مذكرة تفسيرية"" للإعلان الدستوري ""ضحك على الذقون",0
أبواسماعيل بيعرف يشحن الناس في كل حته في مصر انما مبيعرفش يشحن موبايله,2
"استئناف محاكمة مرسي وقيادات من ""الإخوان"" اليوم في ""أحداث الاتحادية"" - #أصوات_مصرية #مصر #مرسي #الاتحادية #إخوان",2
للبيادة نكهات عديدة - باسم يوسف :: بوابة الشروق :: نسخة الموبايل ::,2
#رويترز : البدوى يفوز برئاسة الوفد بعد منافسة بدراوى,2
هواجس العام الجديد ــ أولنا بعيدًا عن السياسة - عمرو حمزاوي - بوابة الشروق,2
#عبد_الرحيم_علي: اسألوا #البرادعي عما فعله في #العراق #البرادعى_طلع_جاسوس #باسم_طلع_حرامي #تخابر #خونة,0
اذا أراد المرشد سيأمر عددا من الاخوان بالانسحاب ويتم اختيار ممثلين عن التيار المدني بدلا منهم الحل بسيط ويجنب مصر مصائب لكن المرشد لايريد,2
رحم الله الأستاذ سلامة أحمد سلامة، قلم الضمير والإنسانية والتسامح وحب المساواة تعلمت من كتاباته ومنه الكثير ستفتقده مصر في لحظة صعبة,3
شاهد - آخر كلام - الريس كابوريا وفرقة الطنبورة : غني يا سمسمية,2
مراسلنا من #الاسكندرية : #صدقى_صبحى : #القوات_المسلحة ستظل دائما #الدرع_الواقية لهذا #الشعب_العظيم,3
انصروا الشهيد الحي مقال اليوم في الشروق مع خالص التحيةأدعو الجميع على إختلافهم لإختيار وسيلة للتضامن كل حسب رغبته,2
خلاص هانت بكرة #الراتب,2
الناصبي مرسي ف اخر ليلة له استخدم مفردة #الشرعية عشرات المرات لأن عقدة الشرعية عنده وصلت حدها وهذا عقدة نقصه شرعية قيادة البحارنة من زمان,0
الان اللواء أشرف أمين -الخبير الامني- ضيف #يوسف_الحسيني في #السادة_المحترمون,2
اللهم آآآآآآآميـــن #الدولة_الإسلامية #باقية #العراق #سوريا #بورما #الشيشان #افغانستان وسائر بلاد #المسلمين,2
قانون محاكمة الرئيس لا يزال ساريا حيث أن قانون محاكمة الوزراء الصادر سنة 1958 لم يلغ قانون 1956,2
في ماليزيا221 سجينا إيرانيا من بينهم 31 امرأة، و190رجلا متهمون بجرائم تهريب المخدرات #السعودية #الامارات #,2
_98 اهاإا اوك تصبح ع خير هههههههاإاي راح تشوفه ان شا الله يتصور مع #السوبر بعد #ثلاثية_الموسم,2
الجنزوري؟؟؟؟؟!!!!!!!,2
كل شي نصيب بهل الدنيا وراضي انا وقلبك ازا في بعدي هني بنسى العنا :( كل شي نصيب #محمد_رمضان,2
من ذكريات صفحتنا || 26 يوليو 2011,2
… … وَيَضْرِبُ الرَّبُّ مِصْرَ ضَارِبًا فَشَافِيًا :نبوءة خلاص مصر وسوريا وظهور المنتظر #محمد_محمود #الشرطة_المصرية,2
رؤوس النفاق المعرصين #هز_ديلك #انتخبوا_العرص #اعدموا_العرص ##نكاح_الكاراتيه #الداخلية_بلطجية,1
دسيف الدين عبد الفتاح: مناسبة القانون الذي أصدره #عدلي_منصور الخاص بمنع الطعن على العقود المبرمة بين الحكومة,2
"""من قرأ قل يا أيها الكافرون عند نومه ونام على خاتمتها كانت له براءة من الشرك"" #سنن_نبوية",2
:) #فولورز_عفركوش_بيعملو_فولو_لبعض #فولورز_اسلاموفيتش_بيعملوا_لبعض_فولو,2
عدت للقاهرة منذ قليل وتصادف وصولي للمطار مع وصول منتخب كرة القدم المصري للصم والبكم عائدا من تركيا بعد فوزه بالمركز الثاني ببطولة العالم,2
بقية تشكيل وزارة شفيقفائزة ابو النجا تعاون دولي احمد الزند للعدل مصطفى بكري للإعلام اسامة الغزالي للخارجية ضياء رشوان رئيسا للأهرام,2
48670715 _ أفخر أنني كنت أكتب ضد التطرف أيام كانت قوائم الإغتيالات بجد مش هجص ومع ذلك لم أصب بفوبيا الإخوان,2
50 صلاحيات الرئيس وفقا للاعلان الدستوري,2
#مصر_القوية | #حدث_في_مثل_هذا_اليوم 28 أبريل 1989 الرئيس الفرنسي شارل ديغول يستقيل من منصبه ويعلن اعتزاله للعمل,2
ثمان غارات بالطائرات ل #النظام على مدينة #دومة وخمسة عشر على #المليحة في #الغوطة_الشرقية نسأل الله أن يرد كيدهم في نحرهم وأن…,0
من كندا مدينة تورنتو #سوريا_في_القلب __,2
جمعة أسترداد الثورة - 30 سبتمبر - البوم صور #30 #,2
ليس عندي أدنى شك أن أنصار تيارات الشعارات الإسلامية سيلجأون قريبا جدا لتصفية المختلفين معهم في الرأي هروبا من فشلهم في حل أزمات الواقع,0
شبكه اخبار #المحله | فرصة عمل شركه كبري للملابس الجاهزه بالمحله الكبري تتطلب للتعيين بأجور مجزيه * موظفه شئون,2
علاقتي #بالمذاكرة زي علاقتي #بالكيس الشيبسي #الجامبو #افتح : #اقفل : كل #مرة زي #اول_مرة = = #بطوطة,1
شاهد- آخر كلام: انتفاضة طلاب جامعات مصر,2
الآن: مايكل منير و د محمد أبو الغار في آخر كلام على الهواء يدور الحوار حول بيان القوى السياسية المشتركة في,2
#ميلان #من_الذاكرة_الميلانية ميلان يقلب الطاولة علي الانتر من التأخر 2-0 الي فوز 3-2 موسم السك…,2
ماعنديش فلتر بين مخى ولسانى دى مصيبة الل بفكر فيه بقوله #عادة #زفت #اعتراف,0
السفارة المصرية العظيمة في السعودية بتوزع منشورات علي المصريين لكي يصوتوا بنعم في الاستفتاء علي الدستو,1
"""""الانتخابات البرلمانية القادمة "" دعمرو حمزاوي"" 13 19:00 22:00 يتشرف الدكتور عمرو",2
اللهم إن هذا إقبال ليلك ، وإدبار نهارك ، وأصوات دعاتك ، فاغفر لنا- #كلنا_قطر #كلنا_تميم #مرسي_رئيسي,2
شاهد - أنباء عن وفاة ضابط أمن الدولة المقبوض عليه #22 # #,2
تحيه لمن حفظ لمصر كرامتها الرئيس حسني مبارك و انور السادات ورجال القوات المسلحه الذين استشهدوا #تحرير_سيناء …,3
"خليفة ""الصخرة"" #وائل_جمعة في #الأهلي!",2
شكرا جزيلا على الترجمة وتحياتي للأستاذة نادين،هو بس في آخر فقرة اللي قايل المقولة شاعر العامية ابن عروس وليس عمرو ابن العاص,0
_ عايزيين دعم للهاشتاج ده # مخصص لقضية الطفلة سارة اسحاق 14 سنة مختطفة من اكتر من شهر ياريت #ريتويت شكرا,2
آخر كلام: صورة الأهرام - أسامة سرايا,2
7 شايفني ناكش شعري وبقطع هدومي يعني ده أنا بقول سعيد جداً سعيد يعني فرحان,2
المجد لعاصري الليمون الذين قرروا أن يختاروا الأقل سوءا لكي لاينجح أحمد شفيق ومعارضتهم الآن لمرسي هي التي تمنحها الشرعية والشرف والمصداقية,2
1981 نرجو منك التواصل مع منسق لجنة المتطوعين 0111650008,2
لماذا يجب أن ترفض مسودة دستور إنصاص اللياليرؤية محترمة من عضو بحزب مصر القوية,2
في الدول المتخلفة يقتل الآلاف و تحرق جثثهم و تلقى في الزبالة ثم تقام الاحتفالات السنوية لأسباب سياسية,0
#غادة_عبدالرازق #السيدة_الأولى,2
في #يوم_المرأة_العالمي نتذكر ليلى خالد ، فلسطينية مناضلة ضد الإحتلال الإسرائيلي وأول إمرأة تقوم بخطف أكثر من طائرة …,3
ربنا يعدي اسبوعين اﻻمتحانات علي خير قولو آمين #محمود,2
كريم حسن شحاته يبرز دون قصد حضور المتحدث العسكرى لقاء #السيسي بالرياضيين، وهو ما يؤكد ادارة الجيش لحملة #المشير الانتخابية,2
موكلتي لم تقابل #أحمد_عز منذ بداية القضية,2
بعد أن تلقت الوعود بـ: إعادة الظرف الفارغ، عدم بيعها، ومنع سرقتها #أمريكا تدعم حركة #حزم بقذائف تاو الموجهة #سوريا,2
ادعوا لنا بالتوفيق ان نحقق الحلم الذي كان يراودنا عن شكل البرنامج و حجمه،لن يكون مجرد برنامج لكن فكرة و هدف جديد ربنا يستر ٧ و الاخيرة,2
#ملتقى_رجال_الاعمال_والاعلام عبر صحيفة #المواطن #اعلام,2
"صاحب قناة الفراعين للمصري اليوم: ""أنا ملك التوك شو"" خبر صحيح و وصف دقيق طيب الله أوقاتكم",3
حان وقت الخروج الآمن آخر فرصة,2
دمي دمك برعاية #التيار_الشعبي شارك في التبرع و نشر الحملة #مصر #ريتويت,2
اللعبة القديمة مجلس القضاء يرشح للرئيس بضعة اسماء والرئيس يرى اكثرهم طاعة ويقوم بتعيينه مرسي يحذو حذو مبارك وسيلقى مصيره دستوركم باطل,0
"جبهة #ثوار تنظم مسيرة من أجل ""إسقاط قانون التظاهر والحرية للمعتقلين"" | تلفزيون الاشتراكي #",2
2 وقوى وطنية توقع على وثيقة الأزهر المتوازنة لنبذ العنف فيزايد عليها بعض جمهورها وفورا يبدأ بعض قياداتها بمكيافيلية في التنصل من الوثيقة,1
شاهد - آخر كلام: تاريخ وقفات ومظاهرات حركة كفاية #,2
#ذات_مومنت لما تتخانق مع اختك و مش عايزها تزعق عشان متصحيش باباك حاافظى على هدوءك عشان الاكسجين,1
الشباب فى غرفة عمليات لمتابعة وصول المشاركين لحضور منتدى #الاسكندرية للاعلام #2014,2
"جمال فهمي: تسريبات صباحي ""نفاق صحفي مفضوح"" #مصر #ميدان_التحرير",0
ارسم حزنك وتفريحك #محمد_محمود المجد للي كانوا هنا :) الفكرة لا تموت,2
مصطفى بصاص فى تدريبات امس #الاهلي #الملكي,2
| افتتاح معهد إعداد المعلمين في جبل الزاوية بادلب #سوريا #أورينت,2
#سري,2
#رصد| قرية السوداية بـ #دمياط تصرخ لا ماء نظيف ولا صرف صحي ولا رغيف خبز آدمي,2
نهى الرسول أن تُصْبَرَ البهائم [متفقٌ عليه] (أي تحبس وتضرب حتَّى تموت) #نشر_سيرته #,2
أرجو الا يتم منع بث برنامج باسم يوسف اليوم,2
"حالة محتاجة دم فصيلة( -)حاتعمل عملية ومش لاقياه, نمرة والدته 01069883354 بالإسكندرية الرجاء الإهتمام والريتويت",2
اعتقال الفتيات دون 20 عاما لرفضهن الانقلاب ثم اجراء اختبارات حمل لبعضهن تصرفان تعكس وضاعة الانقلاب وخسة من ينفذونها,0
٣-الحل في العقلانية وليس العنترية: التعاون مع أثيوبيا لتحقيق مصلحة الجميع عن طريق التقنيات الحديثة في بناء السدود والزراعة وتوليد الكهرباء,1
يَوْمَ يَفِرُّ ٱلْمَرْءُ مِنْ أَخِيهِ * وَأُمِّهِ وَأَبِيهِ * وَصَٰحِبَتِهِ وَبَنِيهِ * لِكُلِّ ٱمْرِىءٍ مِّنْهُمْ,0
وافق #وزير_الداخلية على صرف علاوة مكافحة الإرهاب لمنسوبي الجوازات من ضباط وأفراد بنسبة 25% من الراتب لأول مربوط #السعودية # #,2
ذنوب تغفر ، حاجات تقضى ، هبات تعطى ، أمنيات تتحقق ؛ فاسألوا الله من فضله واذكروا من تحبونهم بدعوة #جمعة_مبا…,2
وزير البيادة نائم داخلها قرعة المونديال فى القاهرة وليست فى الاقصر كما قال الكذابون,0
النجاح له أسرار لكنها معروفة و متكاملة حلمك، سعيك ، إتقانك ،إصرارك،تحدي الصعاب ،الإستعانة بالله مش كفاية انك تحلم قوم اتحرك وحقق حلمك,1
مدير جامعة الإمام يستنكر الثناء على #أردوغان ويعتبر #تركيا دولة فاسدة فاسقة فاجرة تنشر الرذيلة #عسير #السعودية # #,0
2012 اقول اقطعها بزق وتوكل على والوعد #السوبر يا #دفع_الرباعي,2
شاهد - آخر كلام: الكاتب والسيناريست بلال فضل- مصر بعد ثورة 25 يناير,2
"#مقدرش_انسى حنيه امى""",2
#عمرو عارفين #يوم فرحي هبقى انا #العريس اه والله _ _ _ _ _ _ _ _ _ _ #انتظرواالجديد من معلوماتي,2
منذ عامين وحتى الآن كل ما قدمه أنصار تيارات الشعارات الإسلامية لمصر مجرد مشاريع خناقات مع العالم والكون وأبناء الوطن,0
"3 تصدق؟ انت ماتفرقش حاجة عنهم؟ لاني ولا قلت فصيل ""وتني"" و لا ناديت بعدم ""الاكساء""ولا طالبت بالمصالحة",1
أما بعد الإعلان فلن يرتب الانسحاب الأثر المراد ونكون مع شفيق بمفرده في الإعادة مجددا، لم يكن اقتراحي خيالا بالمعنى القانوني والجدل قائم,1
إيه خبر القبض على جون ستيوارت ده؟ حصل فعلاً؟,2
#التربية #أخلاق # حكمة بالصورة #الوقت #حكم #حكمة #صورة #كلمة #مقولة #تطوير_الذات #تفكير #تدبر #تخطيط #نجاح #الحياة …,2
بيان من أبو الفتوح حول صدور قانون مباشرة الحقوق السياسية,2
رضاك يارب #كلمتين_وبس,3
شعار #فودافون لعملائها : تربيه و تهذيب و تأديب,2
#أخبار_حصري | #أثيوبيا تتحدى #مصر في تصريحات شديدة اللهجة,2
الانقلاب اعادنا الى عام 1955 بعيدا عن الحريات الضائعة التخلف يزحف على كل القطاعات وبكره تشوفوا مصر,0
قصة من بـــريد بسمة أمل -- تمهل فى حكمك على الناس,2
حد يعرف حد مهم في فودافون أحسن الموضوع بقى محتاج حد حكيم,2
دراما رمضان المصرية.. الكباريه الكبير,0
#الأقصر مدينة خضراء,3
77 83 ااتركينوا براحته ولا اقتلك هعهعه #اخر مره,2
# #مصر #الأهلي شاهد تصريحات شحاته بشأن صفقة أحمد حسن مكي #الزمالك #,2
الآيات من ٨ إلى ١٢ من سورة البقرة الله,2
بمعنى قف مع الحق #حقيقة #مارتن_لوثر_كنج,2
أطالب بمرسوم عزل سياسى لفلول الوطنى,0
يا ريت اقدر مش هاينه عليه بلدى,2
"د/ عبد المنعم : أصعب لا قولتها, لأ للمحاكمات العسكرية ودفعت ثمن ده انى قدمت بعدها للمحاكمة العسكرية بقرار من مبارك",2
اكتب اسم بلدك وأرسل رسالة لأحرار سوريا #سوريا_فى_القلب,2
_ للأسف وقف :( خيرها في غيرها,2
65 مديرية أمن إسكندريه متتبعه #سلخانة_الدور_الرابع و محمد فراج كتب بوست عنه هيرحلوه من المنيا لإسكندريه ليعذبوه,2
"أمل الجمل: عن ""الشتا اللي فات"" وشتاءات أخرى مقبلة",0
هامش للديمقراطية ولا تنصتوا إلى هؤلاء أيضًا - عمرو حمزاوي :: بوابة الشروق :: نسخة الموبايل ::,2
ﻭﻓﺄﻯ ﻣﻜﺎﻥ ﻭ ﻓﺄﻯ ﺯﻣﺎﻥ ﺑﻘﻮﻟﻬﺎ ﻟﻴﻚ ﻭ ﺑﺎﻋﻠﻰ ﺻﻮﺕ ﻏﻴﺮﻙ ﻣﻠﻴﺶ ﻋﺸﺎﻥ ﺍﻋﻴﺶ #ﺍﻻﻫﻠﻰ فى قلبى ﻟﺤﺪ ما #أموووووت,3
#جمال #خيال #حقيقه #جميل #درر #حكم #أعجبني #حكمه #بقلمي #شوق #بوح #شعر #قصيد #رتويت خمس الاف متابع بـ 200 ريال /3684,2
صور العقود وقد وضع رابط أدناها لتكبيرها كما يلاحظ ان هذه أصول وليست صور ضوئية بالنظر الى ختم النسر الأزرق,2
المشهد المصري الراهن مع علاء الأسواني و بلال فضل في آخر كلام ١١م,2
محو دلجا من على الخريطة بعد القتل والاعتقال والتعذيب لاهلها وتدمير المنازل امتد الامر لحرمان الحقول من الماء,2
قناة دريم تو تعرض كل ليلة في التاسعة مساءا مسلسل الهروب من تأليفي وإخراج محمد علي وبطولة كريم عبد العزيز وعبد العزيز مخيون ودلال عبد العزيز,2
"""لقاء د عبد المنعم أبو الفتوح مع عبد الرحم يوسف في برنامج هنا العاصمة"" 9:00 12:00",2
بغض النظر عن نتيجة الاستفتاء سيظل هذا الدستور غير شرعي لانه خرج من لجنة تأسيسية باطلة تم تحصينها بإعلان دستوري باطل سوف يسقط دستور المرشد,0
الإخواني اللي داخل يتجشأ ويقولك الخبر نزل في اليوم السابعأيوه نزل متفبرك بفضل حد من رجالتكم أكيدلكن ذلك لن ينفي أنه مفبرك لتخدعوا به الناس,0
"#يوسف_الحسيني نوجه كل التحية والتقدير لشعب الإمارات العظيم بسبب أوبريت ""هذه مصر"" …",2
#علمتني_الحياة مهما تعمل من خير أو تضحيات أو تقرب للغير راح يكون في يوم هباء منثورآ كُنا مستعد للصدمات ولاتتوقع رد المعروف وكُن ع حذر,2
قوة هدفها استكمال نقل السلطة للمدنيين المنتخبين وبناء دولة المواطنة والقانون المدنية ورفض ممارسات الاستبداد والمنافسة الانتخابية الجادة,3
حبس الصحفي اسلام عفيفي بتهمة إهانة الرئيس امر مشين ومرفوض وهو أسوا ما يمكن ان يبدأ به الرئيس مرسي ولايته اين وعود الرئيس عن حرية الصحافة,0
#انت_مهما_كبرت صغير #عمرو_دياب #استايل,2
"الأسواني يروي عن ""مسئول غامض"": ـ عندى طلب من فضيلتك نهض المسئول ومد يده عبر المكتب ببضع ورقات ثم قال : >> …",2
"هل يُتوج أتليتكو مدريد بلقب الليجا الأحد القادم؟ #برشلونة""",2
#عمرو_موسى كاتب في ال مواطن مصري ، #أبو_الفتوح كاتب المرشح السابق لرئاسة الجمهورية ، ماهو معندوش حاجة يكتبها وبالتأكيد ولائه مش لمصر,0
ستبدأ جلسة مجلس الشعب لمناقشة تعديلات قانون العزل خلال ربع ساعة,2
#قذائف خاطئة أطلقتها قوات #النظام على مبنى يتمركز فيه عناصر من ميليشيا #حزب_الله اللبناني في #القلمون #سوريا #نيران_صديقة,2
علاء الأسواني يروى عن شباب الثورة: إذا لم نعرف من أين ينفق الإخوان والسلفيون فلا شرعية لأى انتخابات >>,0
اذا حدث توافق حول المبادىء العامة للدستور سيفقد المتطرفون اكبر أسلحتهم لابد ان يقنعوا البسطاء ان الاسلام في خطر حتى يفوزوا بمقاعد الحكم,3
الرياض #القصيم #واحد_فاضي #الهلال #السعودية #النصر #النصر_الهلال #البدائع #الزلفي #حفرالباطن #مكة #جدة [2654798],2
#دراسة شكل الجسم ليس عامل خطورة #سرطان_الثدي #غرد_بصورة #همنا_صحتك #ريتويت #صحة #صحتك_بالدنيا,2
#اعترافات_الطفولة ان لما نمشي بالسيارة النجوم والقمر يمشون معانا,2
شبكه اخبار #المحله| اعاده | فيديو مع اصحاب المحلات بالعباسى الجديد المتضريين من انشاء الكوبرى الجديد بميدان الشون,2
أيهما أفضل: شراء بيت بتمويل من البنك؟ أم البقاء مستأجراً مع الإدخار لبناء البيت؟ من روائع #الواتساب,2
د أبو الفتوح: يجب أن ندع الديمقراطية في مصر تسير أيا كانت نتائجها و الديمقراطية عملية تطور و تصحح من نفسها,2
_ مافيش مقارنة في السعر بس معلوماتي إن نسخة الهلال محذوف منها أجزاء أرجو إنك تتأكد من دهطبعا أسعار الهلال أرخص لأنها دار حكومية,1
الجزئين #جريمه #مرعب مشاهده #سينما #افلام #عالم_سكر # #,2
عرض الاسبوع 40 ألف متابع #شوارعنا #فن_تتقنه_النساء #ذلك_الشخص #شي_ودك_تجربه #بوح #درر #عجبني #حلو #مكه [2025460],2
الحقيقة أن مثل هذا الإدعاء لا علاقة له بما ألمسه الآن على الأرض في إطار العمل الانتخابي <,2
صحفي ألماني يروي تفاصيل ليلة مرعبة من التعذيب والإهانة بين المعتقلين المصريين في الأقسام والسجون,3
رباعى الانقلاب فوده وربيع والعزباوى وعطيه ضيوف قناة الجزيرة مباشر اتمسح بهم الارض بكل دولار حطوه فى جيوبهم,0
فاتورة فودافون الشهر ده أوووووووووفر!!!!! ايه ده؟ ده أنا لو فاتح خطي على الصين ما تجييش نص المبلغ ده طب مش دافع!,0
#الكويت #السعوديه #البحرين #قطر #ا?مارات #عمان #العراق #مصر #تونس #الجزائر #المغرب #ا?ردن #السودان #لبنان 54,2
سقوط الانقلاب وشيك لكن انصاره سقطوا فعلا فى عيون كل الاحرار,0
أهم مواضيع تحدث في مصر الأن #السيسي #الانتخابات #الاخوان #صباحي #الشرطة,2
2 الغطاء السياسي والدبلوماسي الأمريكي لإسرائيل قائم كالعادة، لا فرق بين رئيس جمهوري أو ديمقراطي، ولا بين رئيس في فترته الأولى أو الثانية,2
#صباح الـ #ضباب في #بوسطن على الواجهة البحرية ' …,2
الاهلى لم ينفذ هجمه منظمه طوال المباراه ونزول #جدو بدلا من #مانجه كأس الإتحاد الأفريقي الشوط الثانى الدفاع,2
از همین تریبون اعلام کنم اون مردی که با کمال میل و بدون غرغر آشغالا رو می بره دمِ در میخواد بره سیگار بکشه !! #اعتراف :دی,2
أشكرك يا خالد,3
ما تعليقك على أحداث ماسبيرو ؟,2
"محاكمة مرسي يمكرون ويمكر الله, والله خير الماكرين",2
شغلوني و شغلو النوم من بالي ساعة أبكي و ساعة يبكي علي حالي #عبدالحليم_حافظ,2
"""الإجتماع الأول لمتطوعي الحملة بمحافظة قنا"" , 16 5:00 8:00 للإستفسار والتواصل",2
قطع اذن مواطن واحراق الكنائس والاعتداء على اهالي الشهداء كل هذا مسموح به وعندما يكتب شاب ثوري على الحائط يقدم لمحاكمة عسكرية اين العدل,0
صورة بها رأيي | إن لم تحترم حق من تعارضه في إختلافه معك بحجة أنه فاشي، إحترس فإنك لا تقل عنه فاشية,0
#حازم_عبد_العظيم,2
الوطن | الدستور الحقوق والحريات (12) | عمرو حمزاوي:,2
الصحفيةمي الشامي تتعرض لإعتداءغاشم أثناء مظاهرةالاخوان بالمهندسين #السادة_المح…,2
التعذيب خط أحمر لا أتصور أن أحدا مهما كان عاقلا أو نصف عاقل أو خائف على مصر يمكن أن يوافق على التعذيب ولوجاء من الجيش ولو,0
التغيير قادم لا محالة توقيت التغيير و مداه مرهون بارادة شعبية قوية وواضحة ممثلة فى التوقيعات مصيرنا بيدنا,2
حقيقه فجرها شباب بمساعدة #الاخوان ومات فيها الشباب #والاخوان واستفاد منها #عبيد_البيادة #انصاف_الاخوان,0
أحيانا بيشتكي أولادي الذكور من تفضيلي للبنات أحيانا في المعاملة وبيكون ردي حديث الرسول : لا يكرمهن الا كريم و لا,1
الإعلان الدستوري الصادر من مرسي كان أشبه بخطاب التمكين لهتلر #السادة_المحترمون,0
#ضياء_رشوان يطلب من #النائب_العام الإفراج عن الصحفيين المحبوسين,2
#دعوة_الصائم_لاترد اللهم لا تعلق قلبي بمعصية وطهر قلبي من كل حب يخالف طاعتك,2
"#الوطن | المتحدث باسم ""#بوتين"": الهجوم في شرق #أوكرانيا يوجه الضربة القاضية لاتفاق ""جنيف"" #اخبار",2
سكرتير عام جامعة الدول العربية يدعو إلى عقد قمة عربية لمكافحة الإرهاب …,2
انتبهوا! … #غرد_بالخير #غرد_بصورة #غرد_بذكر_الله #هاشتاق_اذكر_الله #ســـومـــــه,2
دعبد المنعم ابو الفتوح فى مداخلته على قناة التحرير: ترشحى للرئاسه نهائى وواضح ومعلن ومؤكد وأنا فى صدد اعداد برنامجى الإنتخابى,2
تكريم الجنزورى وا?ستعانة بخبرته كمستشار رسالة الى كل رجال العهود السابقة ان مصر فى حاجة الى خبراتهم وأنه ? تهميش و? إ,0
#مصر كما تريدها #أمريكا اقرأ المقال كاملا على موقع #الشروق #…,2
"""اجتماع فريق محافظة القاهرة لحمله دعم دعبد المنعم أبو الفتوح "" 7:00 10:00",2
ادين مثل باقي المصريين جميعا الاعتداء الهمجي علي الاستاذ خالد داوود بواسطه انصار الاخوان الارهابيين الثوره ستنتصر علي الارهاب,0
فض اعتصامي رابعة والنهضة راح ضحيتهما 3000 شهيد #يوسف_الحسيني #السادة_المح…,2
"أين سيقضي مرسي يوم 30/6 دعلاء الأسواني يكتب مقاله بعنوان : "" كيف للرئيس أن ينام ؟! "" على هذا الرابط >> … …",2
الصفحة الرسمية لصناع الحياة مصر تهنئكم بقدوم عيد الفطر المبارك كل عام وانتم بخير,3
وفاة 18 بحادثي سير في مصر #مصر #اسيوط #حادث_سير,2
ايه الشياكة دي يا واد اكيد اختك مش نازلة النهاردة ايه دة عرفتي ازاي ؟! ما انت لابس بنطلونها هتنزل هي ازاي ! #استرجل,0
ممثل حزب النور بلجنة الخمسين يرفض الوقوف دقيقة حداد على اللواء شهيد كرداسة,2
الأحمري المتجنس في #قطر يستمر في #تحريض الفتنة في #مصر، ويشبه قواتها الباسلة بجيش الاحتلال الفرنسي!!! …,0
عرض الاسبوع 44 ألف متابع #أذكار_المساء #بصراحه_مليت_من #خد_موقف_من #علمتني_الحياة #الحياة_تحتاج_إلى_شيئين [945757],2
فيليب سكولاري : اتمنى خروج #تشيلسي امام اتليتكو مدريد غداً لاجل إراحة البرازيليين المتواجدين بـ تشيلسي لويز - اوسكار - ويليان قبل المونديال,2
هل ممكن يكون مرسي مختفي الفترة دي عشان مش لاقي شاحن هو راخر؟ آه يادولة العكاكين,0
عرض الاسبوع 40 ألف متابع #شوارعنا #فن_تتقنه_النساء #ذلك_الشخص #شي_ودك_تجربه #بوح #درر #عجبني #حلو #مكه [2034674],2
"بجد كدة اوفر اوفر "" انت قررت تنتخب السيسى!! مع ان حمدين صحبك وكنت معاه!! وكأن افكار السيسى غير افكار حمدين!! #محمود سعد #متآ…",0
الورقة التي لم تسقط في فصل الخريف: (خائنــة) في عيون أخواتهـا (وفيــــة) في عين الشجـــرة (متمردة) في عيون,1
يا ترى إيه اللى بيشدنا كده فى مصررغم كل المشاكل الى حواليها دى؟ خفة دم شعبنا؟ طيبته؟ شهامته ؟ النيل و الشمس؟ مش عارفرغم المنغصات,3
"من فضل الإسلام أنه كرم المرأة, وأكد إنسانيتها وأهليتها للتكليف والمسئولية والجزاء ودخول الجنة #",0
#مصر تقدر محصول #القمح المحلي بتسعة ملايين طن - الأخبار - أصوات مصرية,2
صورة من كواليس إحدى حلقات برنامج (قصة الأندلس) المنتظر عرضه في رمضان القادم يمكنك مشاهدة برومو البرنامج على,0
"""يجب أن نذكر أن هذه المناسبة تمت بفضل الشهداء اللذين قدمتهم مصر فى ٢٥ يناير و ١٩ نوفمبر فى سبيل الحرية والقضاء على الفساد #",2
أنا سعيد إنك سألتني عن الشاحن,2
#اخر #ساعة #يوم_الجمعة اللهم اني اسألك عيش السعداء وموت الشهداء والفردوس الاعلى بجناتك جنات عدن اللهم امين,3
عاجل ؛ هؤلاء هم أشراف #مصر ، وكلام خطير في صميم #الاخوان !! أنصحكم بسماعه ?,3
أقول للشتامين مشكلتكم ليست مع الكتاب والإعلاميين بل مع جيل ثائر خذلتموه وخنتموه ثم أصبحتم تحملون دمهوأختم كلامي بقول المرشد ماذنب النباتات؟,0
"صورمن أرض الملاحم ""13"" #ولاية_الصعيد #انصار_الشريعة_اليمن #الاردن_تنتفض #مصر_الليلة #انتخبوا_العرص #دير_الزور #قطر …",2
لو كان عندى جيتار #كاريوكى 3,2
آخر كلام: د عبدالمنعم أبو الفتوح - موجة الثورة الثانية,2
دراسة مهمة #دراسة_طبية تُثبتْ تناول الطماطم يقلل من خطر #سرطان_الثدي وأمراض القلب والشرايين! #السعودية #صحة,2
"مرسي احترمكم فأهنتوه وسيسي اهانكم فقدستموه #سانت_كاترين #مش_اجانب """,1
مين بين كل الناس اللي اتصدمت في تأييدهم للسيسي صدمتي في #حمدي_قنديل لا توصف!! وتأكيد على مبدأ: #أوعى_تتفاجيء !!,0
بنات عمارة انت الامل فى العيون #بنات_هندسة,3
أسماء #عمرو_سلامة 3,2
يَ جمــال جوك ي المدينه #مطر,2
حالا لأول مره في حياتي متشرف أني أكون في مدينه #المحله الكبري لأحياء احد الأفراح بعد قليل #,3
أزف الوقت لإنهاء الاستقطاب البائس الذي نعيشه بأسلوب عقلاني، وأن نتحلى بروح التسامح، لنبدأ في البناء بسواعد كل مصري ومصرية,1
اغتصاب النساء في الإسلام من القران والبخاري ومسلم والسير النبوية … … #عقلانيون #محمد_محمود #داعش,2
سي بي سي:اشتباكات عنيفة بين عناصر جماعة #الإخوان الإرهابية والأهالي بشارع المشروع بحي #عين_شمسوسط تبادل إطلاق الرصاص والخرطوش #,2
نزلنا نأييدك ومفيش حاجة اتغيرت وبقينا مسخة للعالم,0
يوسف الحسيني يقترح فكرة بشأن النصب التذكاري بالتحرير #السادة_المحترمون …,2
"غدا في الثامنة والنصف صباحا وكل ثلاثاء، ألتقي مستمعي إذاعة الشباب والرياضة بمصر مع الإعلامي أحمد درويش في برنامج ""هانبني بكرة""",2
""": عندما تتحدث بنت المهندس الإخواني #خيرت_الشاطر !",2
_2441 20140 __ لا مرحبا بالخرفان #سأنتخب_السيسى_و_مش_هنزل_لمستواك,1
"#الوطن تي في | #توفيق_عكاشة: شلبية الفلاحة أحسن من #هيفاء لأنها ""طرية مش ناشفة""",2
إغلاق القنوات سياسة مرفوضة ويجب ألا نقبل بها,0
عادت حملة التشويه و الأكاذيب بقوة أجهزة النظام السابق تعمل بنفس الكفاءة نظام يحاول قمع الفكر المخالف هو نظام ترتعد فرائصه الثورة ستنتصر,1
617 #الراتب_مايكفي_الحاجة #الاتحاد #الهلال #النصر #الاهلي #مرسي,2
#اعرفوهم #انقلاب_مصر #يسقط_حكم_العسكر #الداخلية_بلطجية #الحرية لمعاذ إبراهيم محمد حسين 18سنة طالب #القاهرة عين شمس …,0
ندوة د علاء الأسواني بساقية الصاوي >>> الخميس القادم 2/8/2012 >>> الساعة التاسعة مساء بقاعة النهر >>>,2
الآن والقائمة الوطنية الموحدة تبدو هدفا بعيد المنال، لا بديل عن ضمان التنسيق السياسي بين الأحزاب والقوى الوطنية,2
تقرير بسيوني مثله مثل صورة سلمان شهر فبراير، صور للإعلام والعلاقات العامة والحقد والكراهية هي هي لا يغيرها شيْ #سجن_جو #البحرين #اعتقال,2
"بإذن الله، ألتقيكم غداً الاثنين في السادسة مساءً في محاضرة بعنوان ""جدد حياتك"" في الجامعة الأمريكية بالتجمع",2
افزایش‌‌‌۱۰درصدی بلیت #مترو: قیمت #بلیط مترو در ماه جاری ۱۰ درصد افزایش یافت شهردار #تهران در گفت‌‌‌وگو با,2
#فتاوي الدياثة #البرهامي #الهلالي #الاحداث المفتعلة #سما #مرتضي #باسم #نمر في سيرك #الالهاء لتمرير جرائم كبري #انعدام الخيال #ابهار,0
انا مش طماع نبدأ بريتويت وربنا يسهل فى الفولو دا احنا داخلين على ايام مفترجه,2
احترامنا للجميع لكن من لديه مشكلة مع صوت عاقل متزن كصوت __ لديه مشكلة حقيقية,1
الاعلامي المحترم يوسف الحسيني يطالب بإعادة فتح التحقيق في حريق مسرح قصر ثقافة بني سويف2005,3
"لو عندك حد مفقود في أحداث الثورة ضد الإنقلاب سجل بياناته هنا """,2
المتفائل إنسان يرى ضوء غير موجود و المتشائم يرى ضود ولا يصدق,2
لا زالت مستنداتى الرسمية التى تدل على انك حرامى وسارق تطاردك فى منامك، ولا ولن تستطيع ان تواجهها,0
الكلاب أوفياء رجاء عدم إهانتهم,3
رئيس المجلس عيني والنجار والشوبكي وآخرين في لجنة المؤتمرات الدولية وهي ليست من لجان المجلس النوعية ال19 ودورها,2
في يوم #عيد_العمال كل الوزراء والمدراء والموظفين وغيرهم مُجاز إلا العمال قبلة حب على جبينكم,3
#سحاق #ممحونه #ممحونة #لحس #مخانيث #اليمن #أسوان #مصر #المنيا,2
كل #ضحكة من شفاتـك تقلب الدنيا جنون،انت للدنيا بذاتك فوق مالا يعقلون ♯ ♡,3
د علاء الأسواني يكتب : أوركسترا السلفي السيمفوني يبدأ جولة أوروبية لتقديم >> المقال كاملاً >>,2
أثار تخريب كنيسة مارجرجس وحرق بيوت الأقباط بقرية دلجا بعد اعتداء الإخوان #السادة_المحترمون …,0
معظم #الاخواآن مشاركوش ف الهشتاآج المسئ للسيسي وبكده يبقى #الاخوان باعونا مرتين مره ف #محمد_محمود ومره ف #هشتاج_هشتوج …,0
بوابة الشروق| حكومة #الببلاوي رفعت أسعار المياه سرًا منذ يناير الماضي,2
شاهد - آخر كلام: اتفاق معايير تشكيل تأسيسية الدستور #,2
تذكرنا النبيل مصطفى نبيل كاتبنا الكبير وهو حي يرزق ونتمنى أن يتذكره باحثو الإعلام بعد موتهرحمه الله,3
#الهولوكوست في نظر #عباس المحتاس أبشع جريمة في التاريخ لعنك الله يا عباس #إسرائيل,1
#جواز_الصالونات العريس والعروسه زي البطيخه يا تطلع قرعه يا تطلع حمرا,0
الرئيس عدلي منصور يصدر قرار بالتشكيل الجديد للجنة العليا للإنتخابات …,2
شاهد - آخر كلام: بانديتا غزة يخترق ٦٥٠ موقعاً إسرائيلياً #,2
"الليلة في ندوة الأسواني بالمقطم أدهشام عيسى يعرض أفكار""سيد قطب""ومدى ملائمتها للدولة المدنية الحديثة>> التفاصيل>>",2
""") #شيرين",0
الخطاب الحقيقى للريس,2
"الان #عبد_الرحيم_على يكشف عن أخطر تسريب لـ #البرادعى و #العليمى وشكرى تابعووووووووووونا على قناة القاهرة والناس""",2
شاهد ملخص لمسات #محمد_صلاح امام #ليفربول,2
لما سألنا قالوا الريس جاى يصلى الجمعة ف جامع السيدة السؤال بقى ده كله ليه و على حساب ميين ؟؟؟؟,2
عاد إلى مصر خطاب دعائي تحريضي ينتمي إلى مرحلة الستينيات مصر تعود للوراء حتى رئيس الحكومة لا يتوقف عن تمجيد السيسي وهو مجرد …,0
ماكنتش متخيل إن إعادة نشر تعريفات الجاموس المحيط على تويتر بيخليها تنتشر كده مع إني كاتبها من 2005 ومابعدهكل يوم هانزل شوية كده بإذن الله,0
يوسف الحسيني بالفيديو يفضح كذب قناة #الجزيرة ويكشف تمثيل #الاخوان دور الموتي #مصر,0
#الشروق: غاوك يزور تركيا وعينه على اللاجئين السوريين ودولة القانون: يقوم الرئيس الألماني يوآخيم غاوك بزيارة لت,2
_7 يا اخي السلفي والله العظيم ارد ولكن في خطاب خاص وعموما يا سيدى ها أنا رددت عليك تحياتي,2
كان هناك شئ يدعي #حريه اللهم ارحم #ثورة_25_يناير واخلف لنا خيرا منها ، اللهم انتقم من كل من أوصلنا إلي هذه الحالة #لكي_الله_ياحريه,0
أقابل سفيري إيطاليا والهند بالغد لإيضاح الصورة #السادة_المحترمون,2
عصام سلطان فضل عشر سنوات عامل نفسه منشق وضد الاخوان وبعدييين بعد الثوره اتضح انهم منهم ولا انشق ولا يحزنون,0
ياريت بس الإخوان يوحدوا الكذبة هوه مرسي جامد قوي وبيحبط مؤامرات شرسة؟ ولا مغلوب على أمره والدولة كلها ضدهكدب مساوي ولا صدق مجعرف يا إخوة,1
قرارات مرسي إهانة للذات الشعبية والقضائية من اجل الذات الإخوانية,0
أنا ضد الرقابة الإدارية على الإبداع الفني و الثقافي,3
__ وذكر ابن ظهيرة في جامعه اللطيف أنه وجد هذه العادة في ذكرى #المولد_النبوي عند أهل مكة في القرن العاشر يتوارثها الخلف عن السلف،ولم تكن,2
#شخص_تتمنى_له_عاما_سعيدا_2014 _,2
ماعنديش مشكلة نقبل او نرفض القرض على اسس اقتصادية،لكن انك تلوي الدين عشان تحلل و تحرم هو ده اللي ينرفز,0
شاهد - آخر كلام ـ يسري فوده: حالة من التعلم البطيء، لكنّ لحالة التعلم ثمناً #,2
"بعض الناس يتميزوا بالثبات على مبدا ""عدم الثبات على مبدأ""",1
#الشروق | المستشار #عبدالمجيد_محمود يعتزم تقديم استقالته خلال أيام #النائب_العام,2
#اكتب_رساله_لشخص_دون_ذكر_اسمه ما اخترتك بنظره أخترتك احساس في خافقي لك عرش محدٍ يزيحه,2
هل عمرك قابلت حد بيفهم وفي نفس الوقت بيدعم المتأسلمين عن قناعة مش للمصلحة؟,0
وهاأنذا اجدد العرض مرة اخرى ولن اكل ولن امل وفى انتظار حملات تشويه اخرى انا لها باذن الله 8,2
"دعمرو حمزاوي الان في برنامج ""كلام مصري "" قناة يستضيف أستاذة مني ذو الفقار -المحامية و عضو المجلس القومي لحقوق الانسان",2
صلي الله عليك يا حبيبي يا رسول الله يا أيها الذين آمنوا صلوا عليه و سلموا تسليما,2
"بخصوص التحرش #تحرش #حقيقة #بنات يقولون لو تسترت البقره ماتعرضلها الثور ""̮",2
تصَدق تُرزَق ابتسِم تُؤجَر تواضَع تُرفَع,2
"إحالة 104 من الإخوان لمحكمة جنايات #المنيا لتحريضهم على العنف ,جريدة المال #مصر",2
اشارككم قلقكم من حالة الاستقطاب السائدة في الحياة السياسية الآن وقد طالبت بعودة التوافق الوطني بين كل التيارات,0
#رابعة حية في وجداننا جلست في الصباح الباكر انظر مع النافذة مع طلوع الشمس على شارع النصر الخالي من العربيات الا …,2
#أردوغان و #تميم زعماء بكل ما تحمل الكلمة من معنى #كلنا_قطر,2
ردا علي التصريح المنسوب الي,2
مسيرة احرار وجدعان #المعادى الان #حاميها_حراميها #مرسي_رئيسي مكملين,1
#رمضان_زمان ~ #رمضان_الان _323 #غرد_بصورة_تستحق_النشر,2
ان دفن جثث بعض الشهداء دون فحص اسباب الوفاة يعتبر مشاركة في جريمة قتلهم مع #اسرائيل… هنا #فلسطين,0
#لو_ده_جنان_اتجنن !!~ _ #اتجنن ولما تلاقي فى الامتحان سؤال مش عارف اجابته اكتب (#انا_سعيد_إنك_سألتنى_السؤال_ده ),2
#موافي و #عنان يؤسسان حزبيين لخوض الانتخابات البرلمانية,2
عرفت الي فيها #اه_والله,2
اليوم هو ثاني أيام الوفد المصري الشعبي في أوغندا و دولة أوغندا يبلغ عدد سكانها 25 مليون نسمة، وتعتبر أقوى دولة,2
"أرجو منكم ثانية التسجيل في موقع وزارة الخارجية "" #تواجدي "" حفظكم الله في حلكم وترحالكم #الإمارات #لندن #حذر",2
رموز قبطية ترفض مقابلة هيلاري كلينتون إحتجاجا على تدخل الإدارة الأمريكية في السياسة المصرية وإنحيازها للتيارات الإسلامية,2
أطفال يقودون ربيع العرب في آخر كلام 11م على أون تي في,2
#أحمد_ماهر يكتب من طره انت ناصري سيساوي ولا ناصري صباحي؟,2
#حاجات_بتفرح_في_مصر لمة رمضان,3
2011الغاز المسيل للدموع يصل حتى الكعكة الحجرية,2
أتعرف من هم أهل الجنة؟ #صورة #أهل_الجنة #الجنة #نشر_سيرته  #,2
#الشروق: منظمة الأمن والتعاون الأوروبية ترسل مفاوضين إلى شرق أوكرانيا: قال زعيم للانفصاليين في شرق أوكرانيا إن,2
استقلال الأزهر ضمانة وطنية نحرص عليها ونرفض الهجمة الشرسة ضد شيخه لتقويض استقلاله وننتظر تحقيقا نزيها لمعرفة من سمم أبنائنا في جامعة الأزهر,1
شاهد - آخر كلام: المهندس إبراهيم المعلم مع يسري فوده في حوار حول المشروع المشترك مع شركة لنشر روائع التراث,2
يظل الدهر يرينى الخطب كيف إعتداؤه وإريه الصبر كيف يكون #اختاه اصبرى وإن أذاك كلاب الحوم #,2
حول تعليق المساعدات الامريكية ومستقبل العلاقات بين البلدين اقرأ قبل النشرفي جريدة الصباح #مصر #الإمارات #السعودية,2
لقاء د عبد المنعم ابو الفتوح بالجاليه المصريه فى قطر- -الجزء الأول,2
العلاقات العسكرية بين اسرائيل وتركيا قوية جداً #السادة_المحترمون,2
الاعلام الحكومى المنافق يقول ان الذين اعتدوا على المتظاهرين اهالى عاديون هل اصبحت زجاجات المولوتوف من مستلزمات المطبخ في العباسية,0
الحلقة العاشرة - الجزء الثالث - مو عامر (ستاند أب كوميدي),2
انفجار يهز مدينة بنغازي الليبية #المستقبل #ليبيا,2
الفلسطينيون يناورون بالانضمام للمنظمات الدولية #حماس #غزة #فلسطين #سياسة #اخبار_سياسية #عباس,2
#عاجل # #فرصتك #لزيادة_متابعينك #ريتويت #فولومي #فولوباك #اضافة_من_عمل_ريتويت __,2
هامش للديمقراطية طيور الظلام وأصوات الديمقراطية فى صحف وحوليات التاريخ - عمرو حمزاوي - بوابة الشروق,2
#المملكة #جدة #الرياض #الدمام #الخبر #ينبع #الشرقية #مكة #المدينة_المنورة #السعودية 7 #1فاضي #تبوك,2
ندق أجراس الإنذاربعد ما حذرالمركالمصري للحق في الدواء،من إختفاء أكثرمن180صنف دوائي #السادة_المحترمون …,2
لو اجتمع غضب الانس والجن على دولة ما فعل بها من كوارث وجرائم وحوادث مثلما يفعل الانقلاب بمصر شياطين شياطين,0
"تعقيب ""المصري اليوم"" على تعليق زكريا عزمي على كاريكاتير مجلس ""سيد قراره"" يضعف موقف الجريدة",2
نهضة الغرور والأنانية يدعمها النفاق,0
#حاجة_تستاهل_الحمد كل حاجه ف حياتنا اكيد !!!,3
# #دعاء #دعوة_صالحة #صورة #صور #غرد_بصورة #إسلام #إسلامية #تدوين #مفيد,2
رب اجعلني مقيم الصلاة ومن ذريتي ربنا وتقبل دعاء ♡ #دعاء #دعائي #غرد_بذكر_الله #أدعية #يارب,2
رأيتك في المناشف رأيتك حين تزرع وردةً خلف العواصفْ (ووجهك لا عواطف) رأيتك ياضميري رأيتك كالتذاذ الجرح في لمس المشارط,2
بسمة أمل - تعلم الرضا عن الله,2
اللهم إعتق رقابنا عن النار #ريتويت #دعوة_الصائم_لاترد #غرد_بالخير,2
كذبة حقيرة الاهرام العربي:مرسي طبع 65 مليار جنيه والبنك المركزى يأسف ويستنكر ويرفض التعقيب,0
قال حين طعنه الغادرون و الدماء تسيل على لحيته : لا إله إلا أنت سبحانك إني كنت من الظالمين #عثمان_بن_عفان,2
اتقدم بالشكر الجزيل للفنانة القديرة هالة فاخر على رايها الذى اعتز به كثيرا,3
علاج السكري #اف_نتشورال #السعودية #العراق #اليمن #مصر #قطر #الكويت #عمان #سوريا #ليبيا 5,2
منظمات حقوق الانسان هى إيقونة الحرية الجميع سيراقب عن كثب أية محاولات غير شرعية لتشويهها الثورة ستنتصر,2
""": عمرو أديب : حمدين #صباحى أعلن أنه لو أصبح #الرئيس هيدى كل شاب فدان و 10 الف جنيه "" وترابيزات بلياردو وبينج",2
الساده المحترمون مع يوسف الحسينى,2
عاجل أنباء عن أسر طيارين إسرائيليين في غزة,2
#النصر_الشباب ليه كذا يا عامر,2
سويرس وممدوح حمزه وجهان لبيادة واحدة لونها وقلبها اسود,0
رابط قراءة وتحميل المعصرة اليوم: فقرات قلمين وسفاسف الأمور والجاموس المحيط وقصة نحيلة وتلك الأمثال وإنهم يكتبونني,2
كثير منهم يقولون يعني مش غضبان لسب السيدة عائشة يعني انتو برضه هتزايدوا على سيدنا النبي الذي لم يفعل مافعلتموه من دناءة بمن أذاه في أهل بيته,0
زار د عبد المنعم أبو الفتوح اليوم الجمعية الشرعية والتقى خلال زيارته بالشيخ/ مختار المهدي رئيس الجمعية وبعض اعضائها,2
فيلم الشتا اللي فات نزل الخليج :),2
جانب من لقاءه بالجاليةالمصرية,2
#علاء_عبد_الفتاح زعلان أنى الميسيحين #بيصقفو #للسيسى وبيفكر #الميسيحين بى #ماسبيرو علاء #وشلتو #الدم هو #تجارتهم_الرابحة لى…,0
#نحن_معكم #سوريا وتقاطع المصالح مع الشيخ عمر الزيد من تقديم544 وتسجيل…,2
كلمة عمرو خالد بمناسبة المولد النبوي الشريف شاهدوها على الحساب الشخصي للدكتور عمرو على موقع هايد باركتي في,2
مصر بها موارد كافيه لان تصبح دوله كبري \الصحراء وما بها من معادن كلام وكلام #يوسف_الحسيني #السادة…,2
سيناقش مجلس الشورى يوم الأثنين المقبل مقترحاً لتشريع نظام لمكافحة التحرش #مكافحة_التحرش,2
المهندس خالد عبدالعزيز وزير الشباب ضيف #يوسف_الحسيني الان في #السادة_المحترمون,2
يا مستنى تحتفل بالفوز وتغنى تسلم الايادى يا مستنى عمرو اديب يجيب شعره اليمادى,2
مستمتع بإدارة حوار الشباب المصري مع مجموعة 'الحكماء' في دار الأوبرا #,3
لأول مره في الحياة احس بأن ركبتي تنمل!!! #احساس_غريب,2
الليل طويل فلا تقصره بمنامك ، والنهار قصير فاغتنمه بأعمالك قم وشارك واصنع الحياة,2
الكابوس: حوار أتمنى أن يقرأه بهدوء ويفكر فيه كل الذين يرفعون شعار افرم يا سيسي اضرب يا سيسي,2
الأربعاء : استمع لابو الفتوح اليوم 1030 مساء على إذاعة الشباب والرياضة,2
#قطر الدولة الوحيدة في العالم لها سفير في #غزة وأميرها الحاكم الوحيد الذي جرم #إسرائيل وحملها مسؤولية العدوان بينما مسوخكم جرّموا #حماس,1
اللي مايعترف ان رونالدو الافضل اشك بقدراته العقلية بصراحه ،لاعب متكامل ضربات راسية وتسديد عن بعد وفاولات ومرواغ #اسطورة,2
وصول الدكتور عبد المنعم أبو الفتوح وسط فوج من أحبائه من أهالي المنطقة و وسط موجه تصفيق,2
#السادة_المحترمون حلقة الإثنين 16 سبتمبر 2013 كاملة لقاء أكمال الهلباوي لمجدي بسيوني …,2
اكثر من ٧٥ سنہ على اكتشاف النفط في الخليج ولا يزال هنالك فقراء في دول الخليج ! #عمر_بن_عبدالعزيز,2
# نختلف مع الحكومات العربية ،لكن الحديث عن اسرائيل وكأنها جنة وسط الصحراء ، كلام تافه اسرائيل عنصرية واستعمارية وا,0
شاهد - آخر كلام: تعديل مشروع قانون عزل الفلول #,0
كل سلاح خارج #المؤسسات الامنية والعسكرية #الشرعية هو سلاح لا يخضع لسلطة الدولة القضائية او العسكرية، وبالتالي سيصبح سلاح خارج عن القانون,2
ما اجملها من كلمه لو فهمناها ،، #لن_يضيعنا :) #أحبك_ربي 3,2
"اللهم مع تساقط كل حبه من حبات المطر ارحم #يوسف واغفر واعفو عنه ي اكرم الأكرمين "" #اللهم_ارحم_اخي_يوسف_وسكنه_فسيح_جناتك",2
الجيش والشرطة والحكومة والبلطجية والاعلام يلاحقون الشعب لايقافه لو انتم رجالة بصحيح اوقفوا ارتفاع الاسعار الاسعار تقفز بجنون,0
"93 و الثورة دائماً تصحح مسارها ده طبيعي ، اقرأ مقال "" في ثورة الثورة "" كتبته في ابريل 2011 #مصر",2
الأسواني : اذا قارنّا نسبة التحرش الجنسي في السعودية بالدول الأوربية كألمانيا وبريطانيا نفاجأ أن >المقال كاملاً>>,1
#اكتب_رساله_لشخص_دون_ذكر_اسمه يالمقابر خبري ذاك الحبيب اللي خذا له بين سكان قلبي ما نساه و كفي ترتفع له ياعسى قبره نعيم ياعسى قبره نعيم ,2
اشارة رابعة اشبه بنار تحرق الانقلابيين,1
"دعلاء الاسواني يكتب مقاله الأسبوعي بعنوان:""كيف للرئيس أن ينام؟!"" الآن فقط على الصفحة الرسمية على #فيسبوك",2
دكتوراه فخرية فى القانون من كلية ترينيتى العريقه فى دبلن تكريمى هو تكريم لكل مصرى,2
ما أتعس الدنيا إذا صرنا مع الأيام شيئاً في الطريق ! #فاروق جويده,2
#السعاده ؟ ان تجد روحآ تشبهك بكل شي,3
د عبد المنعم أبو الفتوح يهنئ الشعب الليبى العظيم,2
"#عيد_العمال قهر هنا تجّار عمّال, وعنا تخيّلوا بعد التعب ما ""ينفقر"" إلا أنا ؟!",2
#الببلاوي #أنتخبوا_العرص #الهاشتاج,0
اقرأ على الوطن | عمرو حمزاوي يكتب البحث عن رئيس لمصر (1),2
وزير البترول المصري، م أسامة كمال، وحوار خاص حول استكشافات البحر المتوسط و شؤون الطاقة آخر كلام، أون تي في ١١م,2
شبكة رصد الإخبارية/ #رصد| #عاجل #مصر | نقلا عن وكالة الأناضول : إحالة أوراق 638 - عبر تطبيق نبض,2
#اكتب_رساله_لشخص_دون_ذكر_اسمه ابي اعرف ذنبي وش سويت عشان تسوي معاي كذا ليه قساوة القلب نسيت شلون كنا واليوم شلون صرنا #ملكه,2
من سنن الصلاة الفعلية  كون هذه الأصابع ممدودة مستقبلة القبلة بباطن الكف #نشر_سيرته #,2
عادة لا اعلن عن مواقفي السياسيةلكن كله الا الدستور في كلمة واحدة:مهزلةو لو وصلنا لمهزلة الاستفتاء حقول لا,0
_1984 لما إنت تسيبها الأول!!,2
#خالد_على #متابعات #رفع_الاسعار |#2 #خالد_على لو صدقت الخطط التى كشفت,2
6 أما طائفة مبرري الاستبداد والسائرين في ركب الإخوان الذين دافعوا عن إعلان الاستبداد واشتركوا في جريمة الدستور، لن تفيدكم بهلوانيتكم اليوم,0
وصول الفضائيين لليبيا يعني اقتراب الهجة #كن_متفائلا,2
من لا يحترم السلام الجمهوري لبلده كيف له ان يكتب دستورها,0
الدرس المستفاد: لا تظن أن كل الناس خرفان يصدقون ما تقوله لمجرد أنه جاء على لسانك، فلديهم كيبوردات يستخدمونها في البحث وعقول للنقد والتفكير,1
د/ الجنزوري يتميز بسمات إيجابية وسياسية جيدة ولكنه محمل بأثقال الماضي الذي ثار عليه المصريين,2
واخدين اتجاه اخباري اكار ومش عايزين يخشوا في استثمارات ضخمة,2
تحية لكل العاملين على حدودنا برا جوا و بحرا لننعم باستقرارنا #حب_الاردن #عيد_العمال #,2
48670715 _ من سنة 92 بدأت الكتابة ضد إستبداد مبارك وضد التطرف الديني أيضا وماكانتش لسه المعارضة رخيصة وبتلم,0
اشتموا و قلوا أدبكم كمان وكمان خلينا نتعرف على اخلاق الاخوان #الاخوان_جماعة_ارهابية #الاخوان_قتلوا_مارى_ومياده #الاخوان,0
"#برنت يرتفع متجها نحو 110 دولارات للبرميل بسبب التوترات في #أوكرانيا: """,2
#محمود_سعد اعلامي قذر بعد اذاعة فيديو خيانة #حمدين قال لم اسمعه جيدا ولم يعلق عليه لانه ليس اعلامي بل افاق ومن…,0
أريج زاروق:الحزب الحاكم في #السودان هو جزءمن التنظيم العالمي للإخوان #مصر #البحرين #تونس #الإمارات #السعودية #سوريا,2
#الفكر لايواجه إلابالفكر لابالبطش والظلم والقهر فتحقيق #العدل والمساواة والحواريقضي على الانتهاكات العلميةوالعقلية و #الشر…,2
#مصطفي_محمود,2
يحكم اللقاء نيل سواربيريك ، مساعد اول لي بيتس ومساعد ثاني ايان حسين,2
"#التحرير | بالصور: كيف يسحق ""المخلب الروبوت"" نشرت صحيفة ""الديلي ميل"" تقريرا مصورا ""المخلب الروبوت""",2
شهداء محمد محمود: أبدا لن ننسي,2
عندما تقرأ أن السعودية والامارات والكويت والاردن تؤيد التحول الديمقراطى فى مصر بعد الانقلاب تموت من الضحك 4 دول,1
"بيان حزب الوسط حول مد حالة الطوارئ # """,2
#عاجل #وزارة_الصحة تعلن تسجيل 8 وفيات و16 إصابة جديدة بـ فيروس #كورونا في #الرياض و #جدة و #تبوك #السعودية #تأجيل_الدراسة #تعليق_الدراسة,2
"حفل توقيع "" هل أخطأت الثورة المصرية ؟!"" كتاب جديد للدكتور علاء الأسواني الليلة",2
اللغة تراث,3
_ انا من اسكندريه والله مفيش اي سلاحانا معرفش بيجيبوا الصور دي منين,2
#فودافون بتعمل جمعيات !! هو احنا بنأمنك علي الرصيد لما هنأمنك علي فلوس 😃😒,2
الاناضول بتقول ان فيه اشتباكات طائفيه بالاسلحه الناريه في #اسيوط والحصيله حتي الان 10 مصابين استرها يا رب,2
أعلم كم كنت تحبه البقية في حياتك يا حسام إنا لله و إنا إليه راجعون,2
"آخر كلام | أبو الفتوح: ""الأزمة ممكن أن يحلها المجلس العسكري عن طريق التصديق على اتفاقية روما و التي تحتوي على",2
الله يخربيتك يا سيسي الكهربا قطعت هوبا فلول ستايل #انتخبوا_العرص #مرسي_رئيسي,0
انا اللي مش #اخوان و انا اللي مش #عسكر,2
‎#‏ ‎# ‏ مؤتمر ناجح لحزب الوسط بالسويس وكلمة عصام سلطان التي قاطعها الحضور بالتصفيق عدة مرات,3
ندوة بالقاهرة وندوتان بالأسكندرية للدكتور علاء الأسواني >>التفاصيل>> >> الأدمن,2
اليوم السابع | مصرع شاب بطلق خرطوش فى الرقبة أثناء حضوره حفل عرس بـ #المنوفية,2
_ عندما توضع قوانين عادلة للمنافسة بالتأكيد سيحكم أبناء الثورة وهذا قريب إن شاء الله,2
#جمعية_الاقل_من1000_فولورز #أجب_تتفلوِل انتهت 2-0 للأهلى بعد انسحاب الزمالك لاعتراضهم على جول حسام حسن,2
دعمار علي حسن الباحث السياسي ضيف #يوسف_الحسيني الآن في #السادة_المحترمون,2
القنوات الدينية و القاهرة اليوم اتقفلوا وقت مبارك بالقانون برضة بنعيد نفس الغلط حول الشخص للتحقيق بس تقفل قناة ده غلط,0
ينعكس ذلك على اي صفحات تتكلم باسمي واسم البرنامج,2
"""#أنصار_بيت_المقدس"" تهدد ""#بيبسي"": لن يستعصى أمركم علينا ""إنذار أخير""",2
حتى تتذكروا #باسم_يوسف #السيسي #البرنامج #مصر #بطلواـتطبيل,2
#التحرير | حملة صباحى تنظم سلسلة بشرية بالسويس لدعمه فى انتخابات الرئاسة العشرات من أنصار وأعضاء حملة حمدين صباحى,2
قطعة البازل الناقصة - باسم يوسف :: بوابة الشروق :: نسخة الموبايل ::,2
#رويترز : دلائل على وجود حقل غاز طبيعي جديد قبالة سواحل #إسرائيل,2
شاهد - آخر كلام: د حازم الببلاوي - ليلة جمعة الإرادة الشعبية # #29 #25 #,2
كنت اعتقد ان طاهر ابو زيد لا يفهم فى السياسة والان تأكدت انه لا يفهم لا فى السياسة ولا فى غيرها عسكرى شطرنج,0
#يحملون_الصليبيات_ويؤذون_العفيفات_الطاهرات #جديد #هام بعد تهديد شرعيو #جبهة_النصرة بنشر المعلومات الشخصية نعلن :,2
نعتذر عن تأجيل الملتقي الشهري للوسط وكان مفترض استضافه المستشار البشري لظروف خاصه __,2
مع الرائعَين #أحمد_الزعبي و #ياسر_أبو_هلالة المكان #نقابة_المهندسين#نقاشية_حديث_الجنود,2
عادي الدكتوره تجي متاخره ثلث ساعه  بس مو عادي الطالبه تتأخر ٥ دقايق #عشنا_وشفنا,0
قاربت السنه علي ابشع مجزرة في التاريخ الانساني #فض_اعتصام_رابعة و العين مليئة بالحسرة و يمزجها الامل و الصبر علي,0
كل عيد و احنا طيبين، مسلمين و مسيحيين و في بلدنا مرتاحين و نشوف اللي قتلوا الشهداء متعلقين، و ان شاء الله علي كل واحد ظلمنا منتصرين يارب,3
المتحدث العسكري يعترف بقيام الجيش بمداهمة وإغلاق مسجد النصر في مدينة #رفح بحجة وجود أنفاق تحت المسجد,2
#الوطن | #أبوالفتوح يهنىء #الأقباط بـ #عيد_القيامة: جعل الله أيام المصريين محبة: #,2
#الثورة_العراقية :: الانتحابات(بالحاء) العراق :: تفجير عدد من المراكز الانتخابية في مختلف المحافظات منها الانبار,2
هامش للديمقراطية لا تنصتوا إلى هؤلاء، الشروق المصرية,2
#عمرو بدر مؤسس ورئيس تحرير بوابه يناير اللى طول النهار تشتم فى الجيش ،، ويسقط حكم العسكر يبقى مسئول حملة #حمدين !!,2
في مواجهة نظام الملالي المجرم فالحل الوحيد هو الصمود والنضال ضد غاصبي حق سيادة الشعب والعمال والكادحين #عيد_العمال #اي…,0
#ثورة_25_يناير #باسم_رئيسا_لمصر #انتخبوا_العرص,2
كان حلم حلو فى اوله شوقنى انى اكمله  #25_يناير,1
شارك #قاطعوا_السياحة_في_تركيا #قاطعوا_المنتجات_التركية #مصر #سوريا #لبنان #الأردن #السعودية #الإمارات #العراق #البحرين #عمان #الكويت,2
نو كحك تيل بروكلين روكرز ويل ريلات,2
صامدون,2
#شكرا_قطر دولة كسبت إحترام الشرفاء بمواقفها وذكائها من خلال وقوفها مع الشعوب فالكل زائلون ومن يبقى الشعوب,3
"قال رسول الله صلى الله عليه وسلم: ""إن للصائم عند فطره، دعوة لا ترد"" بماذا دعوتم الله قبل الإفطار يا شباب؟ #دعاء_الإفطار",2
اتهموا الاخوان بالارهاب قالوا ودفعوا ملايين الدولارات فى اعلانات بصحف امريكا انهم حرقوا الكنائس بعدها الداخلية,2
اللهم اجعل جميع أوقاتنا بِذِكرك مَعموُرة ، و اجعلنا في ضمانِك و أمانِك و إحسانِك,2
اللهم إني أشتاق لرؤياك و لكني مازلت أعصاك ، فـنقني و طهرني قبل أن ألقاك #نفسك_فى_أية_فى_الجنة_,2
771 وثقوا فيهم؟ وهو اللي يثق فيك تخونه وتقول شرعية؟ انت مصدق نفسك؟,2
رئيس جامعة المنصورة مش هينفذ قرار الحكومة بإعفائنا من مصاري…,2
مع احترامي لأنصار شفيق ارجو ان يتفهموا ان زعيمهم لم يكن اختيارا ممكنا لكل من اشترك في الثورة لا يمكن لمن ثار ضد مبارك ان ينتخب مبارك اخر,1
"الليلة السابعة مساءً ندوة توقيع رواية ""نادي السيارات"" بمكتبة ديوان بمصر الجديدة التفاصيل والعنوان داخل الرابط :",2
خطاب مرسي بميدان التحرير كان موفقا وقسمه الرمزي ضروريا وتأكيده على أن الشعب مصدر السلطات وعلى الدولة المدنية الديمقراطية وحقوق المواطنة جيدا,3
#الفيوم مصرع 10 وإصابة العشرات في تصادم اتوبيس بالفيوم لقي 10 أشخاص مصرعهم وأصيب آخرون فى حادث تصادم أتوبيس بعدد,2
الأحد 3 يوليو: أبو الفتوح فى ندوة بالمؤتمر السنوى لهندسة عين شمس 5 مساء,2
حشود هائلة خرجت في شوارع مصر اليوم فكيف إذا سحب الجيش أسلحته ومعداته؟! وكيف إذا رُفِع الدعم الخارجي عن سلطة الانقلاب؟! #…,2
لما يتم تفجيرات لمدارس البنات في افغانستان تحت دعوى تعليم البنت حرام يبقى ارهابي,0
"وزير التعليم يخاطب ""الداخلية"" للإفراج عن الطالب الفائز بمسابقة ""إنتل"" #مصر #ميدان_التحرير",2
#لو_ده_جنان_إتجنن امشي وانت مشغل الكاميرة فيديو ولما تشوف حد رمي حاجة علي الارض اجري عليه واقوله الفقرة دي اتصورت نذيع ولا تنضف,2
برومو البرنامج الموسم الثاني,2
اثناء الجولة الميدانية للدكتور عبد المنعم ابو الفتوح بالحي العاشر - مدينة نصر - احد اصحاب المحلات يساله هل من,2
"#متصدر_لاتكلمني, #النصر_الشباب, #الهلال, #اكشن_يا_دوري شجع ناديك بدون تعصب مع برنامج الايفون الرائع 675",2
شكراً لـ #الدفاع_المدني لإنقاذ #طفل_طبرجل تذكرت #لمى_الروقي فكر أنا ينسى؟,2
"_3 حضرتك بتحاول تساوى بين #حمدين و #المشير #السيسى مع أن الفارق كبير ويعلمه المصريون ولا تجامل صديقك,, يجب أن تبرز الفرق #مصر",2
استجابةً وتفعيلاً وتنفيذاً لإرادة الشعب المصرى الثائر بميادين مصر الآن، وتأكيداً على اختيار خمسة عشر مليوناً بصناديق الانتخاب 4,2
مظاهرات المصريين فى ميلانو شمال ايطاليا تلفت انظار الملايين للثورة ضد الانقلاب,2
مصر حسمت هويتها منذ مئات السنين بأنها دولة مسلمة وعربية وقبل ذلك بأنها أم الدنيا التى تفتح أذرعتها للجميع وتتواصل مع كل الحضارات #,0
#المشير_السيسى بدأ 30 يونيو ويريد استكمال المشوار,2
شير وريتويت أبوس إيديكوا الدكاتره اللي يقدروا يتواجدوا عند #المقطم إنزلوا في 60 حاله إصابه بالخرطوش وإرتفع عدد القتلي من…,2
تراث موسيقى “البوب” اللبنانية بين التوثيق والظهور من جديد,2
حلو لما تتحرق مقراتكم بقى حيبقى ده رد فعلك على التويبس اللي بيعارضوا العنف برضه؟,1
اتصلو بساويرس عشان القناة بتاعته تتولى مهمة خلع شفيق اعلاميا,0
نريد رئيساً للدولة تكون شخصية توافقية ويرفض الترشح للرئاسة …,2
"#ناجح_إبراهيم: #ثورة_يناير ""فككت"" الدولةوالفيوم وبني سويف معاقل للفكر التكفيري #أخبار #مصر",0
مشروع بشاميل :) ان شاء الله تضبط وما اتووهق واطلب للضيوف من المطعم #اول_مرة,2
تابعواالأن #نقطة_لقاءمع #يوسف_الحسينى جورج إسحاق القيادي السياسي وعضو المجلس القومي لحقوق الإنسان …,2
"10 خدع لا تعرفها عن تطبيق ""#واتس_آب"" # #واتساب #الواتساب",2
كيف لا تقترب مصر من مصر بينما رئيسها الإخواني معجب بروايات إحسان عبد القدوس؟ ستقترب,2
#غزة_تحت_القصف دبابات الاحتلال تفتح نيران اسلحتها الرشاشة تجاه منازل المواطنين شرق #خانيونس #فلسطين,2
مصدر: الإخوانى الذى أنفجرت فى أولاده القنبلة فى منزله بالشرقية هو سائق #خيرت_الشاطر,2
دعبدالله القاطعي نائب رئيس قسم الاختبارات ف…,2
لا اله الا الله محمد رسول الله #غرد_بالخير,2
قرض صندوق النقد، ما له و ما عليه، في آخر كلام، أون تي في ١١م,2
"#اكتب_عبارة_على_باب_قلبك ' فراق وجهك ضيق ومواجهك عيد والوقت قاسي والتقاليد قـــشرا""",1
"ضابط جيش يضرب زياد العليمى أصغر عضو منتخب فى مجلس الشعب و يقول له : "" خلى مجلس الشعب ينفعك "" بداية طيبة لعرس الديمقراطية",0
كوز درة مشوي مكمورة في الغيط وعبد الحليم بيغني جانا الهوى #,0
: #شكلك_مش_غريب   9 # #الاهلي_الافريقي,2
شخص يهدد بإستمرار الإرهاب وعمليات القتل في سيناء حتي عودة مرسي أعتقد أنه مدان بالقانون والسجن في إنتظاره,0
اللي اختشوا إنشقوا لذلك لا أراهن إطلاقا على ضمائر المنتمين للإخوان لأن نطاعة السمع والطاعة قتلتهاأراهن فقط على البشر اللي هيكتشفوا الكذب,1
هل تظن أن عصام شرف اكتسب مزيدا من الحرية بعد مليونية 8 يوليو؟,2
"_ وتناسوا القرآن""لا يجرمنكم شنآن قوم"" و""لاتقعدوا معهم حتى يخوضوا في حديث غيره""وتحولوا لاسلوب واحدة بواحدة وهم من نشروا الفيلم",2
نتمنى لرئيس الوزراء الدكتور عصام شرف الشفاء العاجل كما نتمنى ألا يكون مرضه مرضا سياسيا,1
"ألتقيكم غداً الخميس فى تمام التاسعه والربع مساء على قناة المحور و حلقة خاصة بعنوان ""كيف نستقبل رمضان"" مع عمرو الليثى",2
أكيد كلنا نحب نكون ناجحين ، لكن هل فكرنا في طرق النجاح وكيفية الاستمرار فيه، فالأصعب من النجاح الحفاظ عليه ومن,2
أين الدولة من ملف الاحتجاجات العمالية المستمرة في التصاعد على خلفية سياسات أجور غير عادلة ومظالم تراكمت طوال العقود الماضية دون حلول جذرية؟,2
الأخوان او #مصر صراع وجود ومعركة بقاء يحاول الأخوان انتاج المشهدالسوري عن طريق توسيع بؤرالإرهاب بين رابعة،النهضة،الألف مسكن ومدينة الانتاج,0
#حزب_الدستور #بورسعيد| بحد ادني للاجر لا يقل عن 1200 جنيه وتنميه حقيقيه للصعيد #هنكمل_حلمنا,2
شاهد - آخر كلام: حوار شامل مع د عبدالمنعم سعيد رئيس مجلس إدارة مؤسسة الأهرام,2
لورانس رايت وجيرالد رافشون عن كامب ديفيد وهوليوود، و سامي يوسف عن الإسلام والفن آخر كلام ١١م,2
مناقب ذي النورين عثمان بن عفان : 1- أسلم في السنة الأولى للبعثة 2- أحد العشرة المبشرين بالجنة 3- أحد الستة أصحاب الشورى #عثمان_بن_عفان,2
عايز اعرف لحد امته هنفضل نكتب بس #ﻻزم نتحرك,2
هل سأل خيرت الشاطر خلال لقاءاته برئيس الأمن الوطني عن أدلة تدين قتلة السيد بلال أم أنه يعلم أن أغلب شيوخ السلفية ليسوا مهتمين بدمه أصلا؟,2
شكرا يا محمد علي نبل ووضوح مواقفك,2
الواحد كل لما يركب مترو ويجي ينزل منه بيبقي نفسه يكتب ع المترو وهو خارج البؤساء,0
الحلقة 21 - الجزء الأول - فجر الإخوان,2
#ذات_مومنت لما تكون قاعد في الامتحان ويجي المراقب يقولك #ماتتكتبش_حاجه_علي_ورقه_الاسئله يا اخي اتنيل مش لما اكتب في ورقه الاجابه الاول,2
مايغركيش العدد والله أنا #أكتر أنا اللى مش #إخوان وأنا اللى مش #عسكر,1
#أبو_تريكة لاعب أنجولى بأمر #فيفا,2
أد #صبري_الدمرداش ود #محمد_العوضي- #قفزة_فيليكس رووووووووووووعة  #فيزياء #علوم #نظرية,2
ماتش الفرصة الأخيرة #المصري️,2
يلا يا رجالة نشيررررررررررر,2
مهما حدث لك شر كان أو خير فلا تدع الناس يعرفون عنك سوى سعادتك ولا يرون مــنك إلا ابتسامتك فإن ضاقت عليك,2
لا إله إلاَّ اللَّه وَحْدَهُ لا شرِيكَ لَهُ، لهُ المُلكُ ، وَلهُ الحَمْدُ ، وَهُوَ عَلى كُلِّ شَيءٍ قَدِيرٌ #غرد_بذكر_الله #كنز_المسلم,0
رسائل الإمام الشهيد #حسن_البنا,2
أجلت محكمة استئناف طرابلس محاكمة عدد من أركان النظام السابق لإعادة النظر بالدعوة مع استمرار حبس المتهمين #الراية #ليبيا,2
صرح عمرو موسى انه سيتصل بشفيق ليشكره على كلامه الطيب عنه وأضاف موسى انه سيناقش تكوين فريق رئاسي مع شفيق شفيق وموسى وجهان لنظام مبارك,1
#عيد_العمال متى الاعاده ؟ خلوها الاحد ول ول,2
_ #برهامي ومن على شاكلته مصممين يخلوا الناس تقلب #ملحدين بجد ؛ وعلى رأي #هيكل بعد فشل تجربة حكمهم : الآن البلد مهيئة لحكم شيوعي,2
يتناول #يوسف_الحسيني اليوم نتائج زيارة رئيس المخابرات العامة المصرية ووزير الخارجية ومساعد رئيس الجمهورية لواشنطن …,2
شاهد - آخر كلام: هل مصر على أعتاب جمهورية جديدة #,2
#الرياض #جدة #الدمام #القصيم #الأحساء #حفر الباطن #الجوف #عرعر #أبها #عسير #الخرج خمس الاف بـ 200 ريال 17,2
البرنامج كان بيستضيف الكل مش المتفق معايا بس,2
طب ينفع المجلس الأعلى للقضاء يفكر يروح بكامل هيئته لحد؟,2
هناك قضايا وطنية عامة دائماً أسعى لبناء توافق حولها مع الجميع أما الانضمام أو العمل تحت مظلة الإخوان أو غيرهم فمرفوض تماما,1
مرة اخرى و ليست الاخيرة هناك تصريحات و تويتات تنسب الي و لم اقلها او اكتبهاارجو عدم المساهمة في نشرها,2
#عن ناس بحلم انى عايش معاهم دلوقتى بعيد عن كل الناس ^_^,2
عبفتاح السيسي أوميجا العالمى #انتخبوا_العرص,0
والعسكر سيطر ظلم اتجبر للشر حضر ع الحدود زي الفراخ وع الحريم يتشطر #عسكر_كاذبون,0
123 معلوماتى انك لا تشرب دايات رغم,2
هامش للديمقراطية ـــــ متى يغيب الطلب الشعبى على المعلومة ومعرفة الحقيقة؟ - عمرو حمزاوي :: بوابة الشروق ::ل ::,2
بدء جلسة محاكمة القرن ومبارك يُحيّ محبيه من داخل قفص الاتهام #مصر #ميدان_التحرير,2
#النائب_العام يستدعي #ياسر_برهامي للتحقيق في #ازدراء_المسيحية …,2
شاهد - تميم البرغوثي ومصطفى سعيد في الذكرى الأولى للثورة فى آخر كلام #,3
فيه قوات امن مركزي كتير عالدائري نزلة المنيب وطلعة المعادي #بلغ #ريتويت,2
اسمي ميشيل وانا سكرتير دعلاء وبأنقله تويتات المديح والتأييد والنقد العنيفاما الشتائم المبعوتة من الفلول او المتطرفين بارميها في الزبالة,1
#الميدان|#جامعة_المنيا |#انتهاكات|الحبس 11 سنة و غرامة 130 ألف جنيه لطالب ثانوي بعد إطلاق الرصاص عليه وإصابته,2
هل توافق علي تبكير الانتخابات الرئاسية و الاسراع بنقل السلطة من المجلس العسكري ؟؟ للاشتراك فى الاستفتاء يرجي,1
صباح خالي من الحظر,2
#انتخبوا_العرص #ابن_اليهودية #الام_المثالية #الانقلاب_حلاوة_روح #انتخبوا_العرص,0
ربنا لا تغِّير علينا الحال إلا لأحسنه آمين,2
مسيرات ومظاهرات فى كل أنحاء مصر الانقلاب لا يعبأ بالرفض الشعبي واعلام العار يحرضه على قتل وقمع شعبه لا أحد يهزم الشعب,0
فرصة لمتطوعى الحملة فى القاهرة لمرافقة رئيس مصر القادم الدكتور عبد المنعم أبو الفتوح فى طريقه إلى مؤتمره الشعبى,2
طبيبٌ يداوي الناس وهو عليل قصة مأخوذة من صميم الحياة المصرية إذا صح إعتبارها حياة,0
عرض الاسبوع نشط #متصدر_لاتكلمني #غرد_بطولك #بعد_منتصف_الليل #سعودي_ليق #عبدالله_العذبة,2
شاهدوا في الحلقة 23 من برنامج: عُمر صانع حضارة، كيف كان التراحم الاجتماعي بينه وبين الناس سبباً في إقامة دولة,2
ايه رأيكم النهارده في حلقة النجمه #غادة_رجب مع النجوم #فيفي_عبده و #هشام_عباس ف برنامج #احلي_مسا علي قناة,2
أوضاع مصر الآن غلط لم يقم ملايين المصريين بثورة حتى يحكم البلد المجلس العسكرى,2
من أخلاق الأخوان لله دركم ياأبناء البنا ! #مرسي_رئيسي #الشعب_يرد_تحية_الرئيس #انتخبوا_العرص #انصاف_الاخوان,1
القبض على سعد الحسيني عضو مكتب الإرشاد ومحافظ كفر الشيخ السابق #السادة_المحترمون …,2
يا عسكرى واقف بالفرس ع جتتى لا انت البطل ولا انت فتوة حتتى يوم ما تقول هاخد البلد هتاخدها بس ع جثتى #صلاح_جاهين,0
#أشاهد_الآن أحلى مسا على حمل تطبيق # :,2
لا أبدا أنا مسرور من كلامك,3
يا رب إنقطع الرجاء إلا منك ، وسدت الطرق إلا إليك __ #دعوة_الصائم_لاترد #غرد_بالخير #ريتويت,2
"نحن أمة إذا وضعت لمستخدمي الإنترنت فيها كلمة ""فضيحة"" في عنوان أي فيديو في يوتيوب ارتفعت نسبة مشاهدته أكثر من الضعف (حقيقة مثبتة رقميا)",0
مشاهد من مسرح حكم الفرد الجزء الأول مقال اليوم في الشروق,2
أبو الفتوح : لا يوجد الأن مواطن مصرى شريف لا يذهب الأنتخاب بعد الأن,1
لبـستُ ثوب الرَّجا والناس قد رقدوا - وَقمتُ أشكو إلى مولاي ما أجدُ / وقلتُ يـا أمَـلي في كلِّ نائـبةٍ - ومَن عليهِ لكـشفِ الـضُّرِّ أعتمدُ,0
#تركيا #اسطنبول #تاريخ #تصويري #غرد_بصورة #المصورون_العرب #مارس #ابي_اسافر #انستا #انستغرام #انستقرام…,2
شايفين العيب و الغلط ومبنسالش حتى ليه وكل واحد بيقول هو يعنى بايدى ايه !! #كاريوكى,0
الدعم الصهيوني للإخوان أهدافه منع حماس من الهجوم على اسرائيل صراع سني شيعي يمزق المنطقةضمان تخلف مصر الدائم تحت حكم الاخوان الفاشي الفاشل,0
د علاء الأسواني: ماذا يريد أنصار الأخوان من اسكندر طوس ؟! >> أقرأ المقال كاملاً على هذا الرابط : … …,3
قال رسول الله صلى الله عليه وسلم : ( إِنَّ مِنْ عِبَادِ اللَّهِ لَأُنَاسًا مَا هُمْ بِأَنْبِيَاءَ وَلَا شُهَدَاءَ,2
قطار تحرير العالم العربي من الاحتلال المحلي غادر المحطة ولن يتوقف أبشروا، الحلم يتحول سريعًا إلى حقيقة,2
أزمة الفكر فى مصر أن الأعلى صوتاً لا يقول شيئاً والأكثر حكمة لا يسمعه أحد,0
#اول_ما_جيت_تويتر عملت فولو لوائل غنيم حبيبي,2
#بالفيديو: #الفنان #أشرف_عبدالباقي يسخر من #إعلان #وائل_جمعة,2
عمرو الشوبكى رقمه اتغير فى الكشوفات للمرة الثالثة بقى 114 ياريت ريتويت علشان اللى لسة ما رحش يعرف,2
"#ذكريات_مدرسية #جيل_الثمانينات لن يفهما غير العباقرة "" كنت عامل بيه غسالة",1
صفجة فيلم الشتا اللي فات على فيس بوك,2
غنــي يــابنــت ويــاآ البنــات غنــي وأجــري فـ الشــوارع أجــري يابنــت أجــري فــ الحــارات خـلــاص دي الشمـس بــانت #دينا_الوديدي,2
"نذكركم أنه تم تأجيل لقاء ""على خطى الحبيب"" الأسبوعي الذي يعقد كل خميس بمسجد المجمع الإسلامى لمدة ثلاث أسابيع",2
#الصهاينة يتابكون اليوم لذكرى #الهولوكوست وتناسوا بانهم ابطال الهولوكوست الفلسطيني والداعمين للهولوكوست السوري عن طريق خادمهم #بشار_الاسد,0
أفضل لاعب يالعالم يرد على المشككين بهدف آخر من ماركة #رونالدو و يعلن نفسه من الشهر الرابع أقوى المرشحين للكرة الذهبية,3
و حاجة كمان بس اديني فرصة,2
لماذا دعبد المنعم أبو الفتوح ؟ شير يا شباب,2
صلاة الاستخارة #العريفي مترجم #للصم #الإسلام #العرب #المسلمين #السعودية #مصر #الأردن #قطر #الج…,2
""" أقم الدولة الإسلامية في نفسك يقيمها الله على أرضك "" #حسن_البنا",2
شبكة العملاق | رصد| #عاجل| نقلا عن الأناضول : الحكم بالإعدام على 37 من رافضي #25 #11 #,2
#يوسف_الحسيني كل ما ندعمه هو عدم سقوط ارض الياسمين ذات التاريخ العظيم,3
عصام خليل سكرتيرا عاما لحزب المصريين الأحرار #مصر #ميدان_التحرير,2
صحيفة برتغالية: بعد ضمان التأهل لدوري الأبطال #شيكابالا سيظهر للمرة الأولى مع #سبورتنج_لشبونة لمزيد من,2
دستور يتوافق عليه الشعب حقوق انسان ثابتة دولة مدنية جيش جزء من السلطة التنفيذيةما لم نتفق على تلك الأساسيات لتوحدنا كمصريين فكلنا خاسرون,1
‏ الأسواني:ان الجرائم التى يرتكبها الاخوان المسلمون تتزايد كل يوم وبالرغم من بشاعتها فهي تكشف حقيقة الاخوان التي ‏,0
البيان الصحفي ليوم 24 يناير 2012 (( حمزاوى : أتعهد بدفع مصر للأمام وألتزم بعهدى مع الوطن ومواطنيه,2
عرض الاسبوع 40 ألف متابع #شوارعنا #فن_تتقنه_النساء #ذلك_الشخص #شي_ودك_تجربه #بوح #درر #عجبني #حلو #مكه [2042544],2
#شاهد معنا الان برنامج #الطبيب مع الاعلامية #ايناس_الليثي على #قناة_المحور,2
على الرئيس إعلان قبول مبدأ تعديل الدستور والالتزام بتشكيل حكومة إنقاذ ثم الدعوة إلى الحوار، هذه هي الضمانات الوحيدة لجدية الحوار ووقف الفوضى,2
إلي الدكتور مرسي: في ظل انقسام مصر الواضح و الخطير الي فسطاطين هل ستدرك ضرورة أن تكون رئيساً لكل المصريين ؟ الحكم أمانة,1
ومازال القمع مستمراً بالقانون وبالقوة ! ولكن لا ننسى أن الظلم والتعذيب من محركات الثورة ولتحذروا موجة الغضب,2
أخبار غير صحيحة يوم 7/11 وعلى إثر إطلاعه على مقال الصحفى محمود الكردوسى بجريدة الوطن ضمن تقرير الصحافة اليومى,2
لا أمل فى دولة تدخل فى حرب مع اعدائها لتحرير ارضها منهم ! #تويت_كأنك_ناشط_ايام_حرب_اكتوبر,0
يجب أن نبدأ فى ممارسة السلوك الديمقراطى فى كل مكان فيه قرار وفيه بشر بكل وعى وحرية والوعى والحرية فى المفهوم,2
لو #نزل_صلاح تشيلسى هيكسبوا :),2
الاعتداء على الثوار غير مقبول ويعبر عن سياسات تنتمى للعهد البائد نطلب محاسبة المسئولين عن جريمة أمس وسرعة الاستجابة لمطالب الثورة,1
عرض الاسبوع 44 ألف متابع #أذكار_المساء #بصراحه_مليت_من #خد_موقف_من #علمتني_الحياة #الحياة_تحتاج_إلى_شيئين [941824],2
انا فعلا نفسي تحصل منظره بين #حمدين و #السيسي,3
#اول_مره_ادخل_تويتر اتقفلت منو و فضلت سنة مفتحوش و كنت مقتنع انه غبى !!,2
1 اصحي من النوم 2 افتح الملزمة اتنح 3 اقفلها ازهق 4 اقوم انام تاني -_- #ثانوية_…,2
شوفتوا المخدرات ممكن تعمل ايه في الإنسان #عمرو_خالد,2
#عاجل #رويترز استقالة رئيس وزراء كوريا الجنوبية بعد كارثة غرق العبارة,2
اللى حصل ف الشيخ منصور ف #عزبة_النخل مسمع جامد لان الحمدلله المسيره علمت على عبيد #السيسى هناك يبقى افضل واحرص لو المسي…,2
الجيش بيكتب الاخبار للبرامج الجيش بيكتب خطبة الجمعة للمساجد الجيش بيكتب كلمة الصباح للمدارس فاضل الجيش يكتب وصف الماتشات,0
# اعجبني رأيكوان رفضت التعميم سلبا اتفق معك ان موروث مصر الحضاري هو نواه مشروع الوسط للبناء عليه,1
"انت اساحبي وهتفضل اسحبي ""المجد للأغيار""",2
هل اعتدى #الاخوان على الكنائس كما فعلت شرطة العادلي؟هل كمموا الأفواه وصادروا حريتكم وأنتم تسبونهم وتسخرون منهم ومن رئيس…,2
و انت بألف خير شوفي البرنامج علشان نسمع رأيك :),2
كله بتاع مصلحته ، #عسكر #اخوان ، والشعب عليه يطبل للي يحكمه!!,2
#حط_نفسك_مكان_البنت #معاناة,2
الأميرخالد الفيصل #وزير_التعليم يوجه بوضع خطة عمل للوقاية والتوعية بمرض #فيروس_كورونا #اعتقال #حسم,2
أصابع خارجية وراء خسارة مصر في قطر,0
شاهد - آخر كلام: مناظرة بين حملات مرشحي الرئاسة #,2
"""_: #التحرير | مصادر: وزارة النقل تؤجل فتح محطة مترو أنور #السادات لأجل غير مسمى """,2
دماء شبابنا غالية والمستفيد من العنف هم أعداء الثورة أدعو كل الثوار للتمسك بسلمية الثورة والابتعاد عن الاشتباكات أمام الداخلية,2
ودعم الغاز الطبيعي؟ إيه النظام؟ هيترفع عن المواطن ونسيب المصانع اللي بتكسب ملايين؟,2
الليلة11مساء نستمرفي كشف إغراض الجزيرة وحملتها الداعمة لتنظيم الاخوان الإرهابي مستخدمين تقاريربعدسة الجزيرة نفسها #مصر #الإمارات #لبنان #قطر,0
#ولاد_البلد #المنصورة #مصراوي النيابة تعاين سيارتين ملاكي أحرقهما مجهولين أمام مدرسة بـ #المحلة_الكبرى,2
هل تستخدم الشرطة غير العسكريين لقمع التظاهرات ولماذا ؟! الأسواني يكتب مقاله بعنوان : متى يرحل مرسي >> … …,2
العنف والقتل في محيط مقر جماعة الإخوان مدان ومرفوض بالكامل كما في اشتباكات أسيوط وبني سويف، كل الدم المصري حرام، لا تفسدوا ٣٠ يونيو,0
"#إنت_حر | #كارمن_سليمان تغني للفنان الراحل #عبدالحليم_حافظ ""شغلوني"" مع فتابعونا #",2
بدل ما تطلع تقول قدمنا اولادناما تقدم نفسك يا أخي #السادة_المحترمون 2 …,2
"الوطن تي في | #توفيق_عكاشة: شلبية الفلاحة أحسن من #هيفاء لأنها ""طرية مش ناشفة""",1
"""صدرت تعليمات سرية لمحطات السكك الحديد بعدم بيع تذاكر للقاهرة، بدعوى أنه لا يوجد حجز"" ولو كنت…",2
هذا ماكسبتم لأنفسكممقال اليوم في الشروق مع خالص الأسى,2
أهنئ الدكتور أحمد جمال الدين، القيادي بحزب مصر، بمناسبة صدور أولى روايته,3
خمس الاف متابع حقيقي #قطر #الدوحة # #حمد #تميم #الرياض #دبي #الامارات # #ابوظبي 54,2
2 انهي دور بالضبط لمصر؟ انت عارفة دورنا ايه ولا لأ؟ دورنا باين جداً للأسف وما جاوبتيش على السؤال قصدك تقولي مالنا ومال غزة؟,2
الإعلامي والمتخصص في الشئون التركية #نشأت_الديهي ضيف #يوسف_الحسيني في #السادة_المحترمون علي # …,2
#كلمه_بتتقال_في_البيت_كل_يوم جيت ؟ لا هذا استنساخ مني انا ماجيت,2
#شيء_سمعت_عنه_بس_ما_شفته #متى_تفقد_المرأه_برستيجها #نظام_الهوامير #علمتني_الحياة خمس الاف متابع حقيقي 123,2
تسلم الايادي يا جيش بلادي و يا شعب بلادي #تحرير_سيناء من الصهاينه + الاخوان,3
أخبروه أن #الأنبياء آباء بنات #حكيم #الرسل #ال…,2
لأصحاب حديث الاستقواء، المبدئية والوطنية هي في التواصل مع المنظمات الدولية والبرلمانات لضغط ايجابي وليس لتدخل في الشأن المصري,2
هل نسي #يوسف_الحسيني حق محمد الجندي و كريستي و جيكا؟ لماذا لا يهاجم وزير الداخلية محمد إبراهيم؟ الهجوم كان أيام #مرسي بس؟,2
هل #الاخوان هم من سرقوا البلد وباعوا مؤسساتها وشركاتها وثرواتها للصهاينة؟هل عقدوا صلحا مع دولة الكيان الصهيوني؟هل خنقوا…,1
ده الى جانب والدي الله يرحمه ووالدتي وأخين وأختي كل دول مهندسين أنا بس إختارت أكون البطة السودة,1
#كلمة_شكر لاخوي بعد قلبي دايم اذا شافني شايله شي شاله عني 😙,2
#أوباما : #ميانمار لن تنجح إذا قُمِع المسلمون,2
لزيادة متابعينك بسرعـة ريتويـــت التغريــدة ضيــف مــن يقـــوم بالريتويــت ضيـــف مــن يضيفـــك مباشــرة  فولومي…,2
"حول تعليق المساعدات الامريكية ومستقبل العلاقات بين البلدين اقرأ قبل النشرفي""الصباح"" #مصر #الإمارات #السعودية #فلسطين",2
"ربي لا تكلني إلى أحد , ولا تحوجني إلا أحد , وأغنني عن كل أحد , يا من إليه المستند , وعليه المعتمد ،، #دعاء #ادعية #اللهم_امين",2
وفاة #مبارك وتشييع #الجنازة بمسقط رأسه فى #المنوفية نجل عم #الرئيس الأسبق #محمد_حسنى_مبارك #مصر #الجيش #حسني_مبارك #جمال_مبارك #ناصر,2
#زمكان - #مصر | #توفيق_عكاشة بيقول البت شلبية اللي عندنا في البلد أحلى من #هيفاء_وهبي,2
#برنامجي_المفضل #3 #أوسكار,3
ميرسي يا يو…,3
7 تواصلوا مع صفحه الحزب للتنسيق و سنرغب بالمساعده,2
وكامل الاحترام لـ #عباس اللي مسك لسانه وما شتمش,3
من ترك شيئا لله عوضه الله خيرا منه,2
شاهد - آخر كلام: إحنا الخونة من أعماق قلوبنا، شكراً #,2
اللهجة التونسية فعلا من احلى اللهجات في العالم العربي ومش صعبة,3
لو السيسي قال للشعب ينزلوا مظاهرات هتعملوا معاه ايه,2
«الداخلية» ترد بقوة على عمرو حمزاوي,2
متحمسين جدا للشخصية الجديدة على #حمد_العماني بعد نجاحه في شخصية #يوسف في #توالي_الليل الجمهور ما راح…,3
"""1: #عبدالله_شعبك_يحبك #الملك اسأل من هو في ملكه مقيم ، وفي جلاله عظيم وعلى عباده رحيم ، وبكل شئ عليم ان يشفيك """,3
#صباح_الخير #بعد_منتصف_الليل #غرد_بذكر_الله #صور_كنك_بنت #لو_كنت_المتحكم_بالتويتر #رتويت خمس الاف بـ 200 ريال 1,2
الشيخ حسان يؤكد ان مرسي يمتلك شرعية قرانية وشرعية نبوية الى متى هذه التجارة بالدين بالمناسبة اين أموال التبرعات التى جمعها الشيخ حسان,0
ياريت البلتاجي اللي بيتمسح بشركاء الثورة الآن يفتكر إن اللي باع شركاء الثورة هما الإخوان من أول استفتاء مارس ولغاية مليونية جامعة القاهرة,2
اقترح تغيير اسم حملة (كمل جميلك) الى (شحتنى شكرا) بكره تشوفو مصر,2
ما هي قيمتك الحقيقية أموالك - نسبك - أخلاقك - علمك ؟ ما هو أعظم ما تمتلك فس الحياة ؟ هل أنت صفر أم واحد صحيح ؟,2
ثلاث سنوات و روحه معنا معياراً للمبادئ اللهم ارحم محمود عوض و أدخله فسيح جناتك,3
ميسي 22 لقب جماعي 98 جائزة فردية 130 رقم قياسي 4 كرات ذهبية 3 أحذية ذهبية 27 هاتريك 380 هدف 155 أسيست كل ذلك في 500 مبارا…,2
الاغنية اللي كاتبها عمر طاهر ف البوم #السكة_شمال #كاريوكي اسمها ايه؟؟,2
#وانا_صغير_كنت مصدومة انو ارقام القنوات بالرسيفر تبعنا غير عن رسيفر صاحباتي !!,2
استَغفِرُ اللّه #تصميم #تصاميم #تصميمي #ديلقينيوم_ديزاين #رمزية #رمزيات #رمزيه #مصممه #ريتويت #رتويت #غرد_بالخير …,2
تهميش المثقفين والنساء والشباب والمجتمع المدني بتشكيل التأسيسية وتغليب الحسابات الضيقة لبعض الأحزاب المدنية لا يمكن أن يقبله الرأي العام,0
انتظروا بعد قليل تغطية للمؤتمر الثاني لذوي الاحتياجات الخاصة الذي تنظمه حملة ترشيح د عبد المنعم أبو الفتوح بالأقصر,2
#الجيزة #مصر_مش_تكيه الفاعلية الثالثه لاحرار اكتوبر امام سنترال الحى السادس,1
مقال دعمرو حمزاوي -جريدة الوطن -مبادرة للخروج من الأزمة,2
مش هنتضرب تاني يامنى هنتقتل على طول,2
وزير الداخلية شخصيا يعرف الذين اعتدوا على د أبو الفتوح ويخشى الاقتراب منهم,2
قدام بيتي 😍 #الربيع #الجمال #نيويورك #بيتي # #مبتعث,3
"الله وصف #البنات ب ناقصات عقل و دين , و اعطى #الراجل الغضب و العصبيه و طلب منهم يكونو شعوب و قبائل هههه الي رايح حقو الزلمه هيتحمل كتير",0
لم يكن سيعترض أحد على تعديل القانون بشأن النائب العامخاصة لو صاحب ذلك تخلى رئيس الجمهورية عن اختصاصه باختياره لصالح مجل,2
"شهادة ""صكوك الغفران"" التي يمنحها الاخوان لقتلى رابعة والنهضة! #السادة_المحترمون",2
الفرسان كورة - #وائل_جمعة : مباراة العودة أمام #الدفاع_المغربى لن تكون سهلة لهذا السبب,2
#علموا_أولادكم كما تدين تدان,2
كتبت ضد غلق القنوات الدينية في أيام مبارك وكان بها من يكفرني وقتها وأجدد رفضي لغلقها أيا كان مابهانفس حيثيات الغلق يمكن استخدامها ضد الجميع,2
عجبى ع بنت لذيذه شقيه من براها لكن حزينه من جواها تبص لوشها تلاقى البدر منور ليلاتى وتبص جواها تلاقى بنى آدم بيموت يوماتى #صلاح_جاهين,2
وكل عيد قيامة وأنتم ومصر بخير,3
__ #خلق_جميل احترام اي انسان فقط لأنه انسان مهما كانت ديانته,3
"""#المحامين"" تسلم درع النقابة لمحافظ ومدير أمن #بورسعيد للتفاصيل",2
علاء الأسواني: لقد حافظ الرئيس مرسي على اعلام مبارك الفاسد وراح يستغله لمصلحته المقال كامل … …,0
بث تليفزيون اسرائيل لاغنية تسلم الايادى هو الحدث الاول من نوعه فى التاريخ العار يكسو كل مصرى وعربي ومسلم,2
#القمة_الحكومية #منظر_لن_نراه_إلا_في_الإمارات عائلة واحدة في بيت واحد,2
هل الفرح حرام ؟ كان الخطأ الأول لزملاءنا الإنقاذيين وإعلامهم ، هو امتناعهم عن المساهمة فى إنقاذ وتحرير جنودنا من,0
أشعر بالشفقة على من يصف فبركات السيسي يوم30 يونيو بثورة حشد مرتب لمدة ست ساعات لتبرير عملية الخيانة والغدر والإنقلاب على أو…,0
أدعوكم لحضور الندوة الثقافية الأربعاء مركز اعداد القادة التفاصيل,2
5مسئولية رئيس الجمهورية وحكومته السياسية والتنفيذية هي حماية المدنيين وضمان حق التظاهر وضمان إتباع الشرطة لقواعد اشتباك تبتعد عن الانتهاكات,2
الجزء الثاني من حلقة الليلة,2
#فيروس_كورونا_الجديد اعراضه+معلومات عنه كفانا الله واياكم شر هذا الوباء #غرد_بصورة #تحذير #السعودية,2
هذه السيدة ليست مندوبه ولا علاقة لها بالحملة والفيديو مفبرك بغرض الإساءة,2
النيابة تحقق مع البلتاجي في قضايا الاتحادية والحرس الجمهوري ( اللي كل القتلي فيهم اخوان ماعدا الصحفي الحسيني ابو ضيف) #مصر,2
لما حد يوحشك اوي #ادعيله,2
للمشاركة في برنامج #استديو_تغاريد قم بتسجيل اسمك في موقع البرنامج #قناة_تغاريد,2
حصول حزب الحرية والعدالة على ما يقرب من 40% من أصوات الناخبين في المرحلة الأولى لا يشكل مفاجأة،,2
#بيقولك_أعرف_بلدك شلال كلوز اب و منطقة شلالات وادى الريان,2
"#الوطن | عميد اللغة العربية بـ""أزهر"" أسيوط: لابد من تواجد قوات الأمن داخل الجامعة #مصر #اخبار #الجامعات #طلاب",2
ما يحدث من انفلات أمنى عملية منظمة من أجل أن يقولوا للشعب المصري اما النظام السابق واما الفوضى د عبد المنعم أبو,2
اجمل ما عندي #كايروكي,2
نجاح طلاب مصر القوية وزملائهم من التيارات اﻷخرى في اﻻنتخابات الطلابية يؤكد أن ثورة مصر ستمضي بنا إلى مستقبل واعد,2
الشيباني: أرباح دبي الإسلامي تعكس استراتيجيته - #الإمارات #بالعربي,2
سبب تأجيل التذاكر هم عمال ارامكو ، اجهزت طباعة التذاكر ماركبوها بفروع البريد !!!! #الاتحادية وظعية فواز القرني قدام الاهلي با…,2
عرض الاسبوع 40 ألف متابع #شوارعنا #فن_تتقنه_النساء #ذلك_الشخص #شي_ودك_تجربه #بوح #درر #عجبني #حلو #مكه [2007631],2
صبآحي حبـة مسكنـة لـ نزلـة الحنين التي تعتريني الآن ~ #صباحي,2
"من غادر سوريا بطريقة غير شرعية لا يحق له انتخاب رئيسها #الأسد, #الانتخابات_السورية",0
"الي تجار الدين : "" قل هل يستوي الذين يعلمون والذين لا يعلمون"" ؛ ""ويل لكل أفاك أثيم """,0
مكملييييين #ثورة_25_يناير #باسم_رئيسا_لمصر,2
90 قتيلا من قوات #الأسد بانفجار مبنى غرفة الصناعة في منطقة حلب القديمة ، ما أدى إلى انهياره بالكامل ، وإصابة مبنى شعبة حزب البعث #سوريا,2
حظ العوالم ! :) #الاهلي_الافريقي,0
ملاحظ إن لوجو رابعة قرب ينقرد,2
مضمون كلمة الرئيس، الاستعلاء على المطالب الشعبية والدفاع عن الأخطاء عوضا عن التراجع عنها وتبرير عنف جماعته ودعوة حوار شكلية، لك الله يا مصر,0
تناسوا الشهداء وتذكروا الكورة أول لطمة على قفا كل انقلابي عامل فيها ناسي جات له امبارح من كوماسي,0
دي مبادرة مكتبات الكرامة العامة باحياء شعبية،بحاجة لتشجيع …,2
خش اقرا الفاتحة :) #رغيف_عيش_ب40 #كشرى #عم_محمد #ماسبيرو,2
شرييييفة! #فيفي_عبده,0
كان رسول الله - صلى الله عليه وسلم - أخفَّ الناس صلاةً على النَّاس، وأطول الناس صلاةً لنفسه #نشر_سيرته #,2
الاخوان وصلوا لمرحلة فبركة ندوة لعالم اللغويات اليساري نعوم شومسكي بيقول فيها أن دبي بتضرب في مرسي علشان تطوير قناة السوي,2
#اعرفوهم_انقلاب_مصر_يسقط_حكم_العسكر #الداخلية_بلطجية #شهداءالحرية # الشهيد محمد فتحي 20 عاماً #بني_سويف,1
اللى هيكون العقل والعقيده لأى انسان داخل مسجد يجب ان يكون على قدر من العلم والثقافه ورخصه تتيح له ان يتحدث فى ذلك الموضوع #ي…,2
"زوجة #متعب على "" #فيس_بوك "": "" #الشرطة مينفعش معاها غير معاملة #الألتراس "" دوس على اى حرف على الكيبورد واعمل",2
افتكرت تعليق علاء الحامولي ع اللي حصل لعادل الأمور في ماتش المنيا زمااااان بس لسه شغال,2
هذه القاعدة تعني أن الحزب قد يحصل على عدد مقاعد بالبرلمان أقل مما يتناسب مع عدد الأصوات التي حصل عليها بالانتخابات نظرا لتخصيم ممنهج,2
انا شيميل #غرد_بمعلومة,2
شوف العقول المفكرة لما تتحاور مع بعضهاده إيه الحلاوة دي كلها؟,3
"الإخوان يحرقوا علم مصر ويدوسوا عليه بالأقدام #السادة_المحترمون """,2
#أوقفوا_الفحم اسمنتفحم طب لية كدة ؟؟!!,2
"منع ""#سما_المصري"" من الغناء بمصر لتحريضها على الفجور #السعودية #الرياض #الدمام #القصيم #تبوك #جدة #القطيف #العوامية",0
أنه ليس ما يحول دون محاكمة اى شخص عن فعل أو امتناع عن فعل ان كان ذلك يعتبر وقت ارتكابه جريمة طبقا لمبادىء القانون المقررة فى المجتمع الدولى6,2
الوطن | الخارج ومصر حالة الأزمة المنفرة | عمرو حمزاوي:,2
المستشار احمد مكي احد القضاة العظام الذين وقفوا امام مبارك من اجل استقلال القضاء وأمامه معركة صعبة لان الفلول سيتكتلون ضده من اجل مصالحهم,2
الوطن | الجامعة المصرية | عمرو حمزاوي:,2
"""الفيس بوك"" و""واتس آب"" تدرسان إدخال خدمة تحويل الأموال عبر #صحيفة_الخليج #واتس_آب #الفيس_…",2
| عَمْرُو عَبْدُ اِلهَاديِ #مظهر_شاهين اﻻمنجي بدرجة ازهري بتاع #جمال_مبارك جاب سيرتي مش هتﻻقيلي,2
عرض الاسبوع 36 ألف متابع #وش_أكثر_شي_يسهرك #صيام_الإثنين #خد_موقف_من #صلاة_الوتر #فى_تويتر_تلاقى #الدمام [925499],2
30 اغسطس بدأ وثورة شعب مصر ستكتمل ان شاء الله مكملين انزل احشد اهتف شارك سلمية,2
نفسك طويل ؟,2
"#صورة - طفل سوري يحمل لافتة مُعبّرة كتبَ فيها ""أصدق ما قيل عن بشّار الأسد"" | #سوريا | عبر - …",2
"#تنبيه #هام تحليل اولي قالت ""مايكروسوفت"" إن هناك #ثغرة امنيّة #خطيرة في #متصفح تبدأ من النسخة",2
خطط #خالد_بن_الوليد الحربية,2
ضرب غاز مستمر مكثف بجوار مسجد عمر مكرم,2
"الشتا اللي فات ""فيلم عظيم"" برافو",3
شاهدوا الآن درس يلقيه دعمرو خالد أثناء استراحة صلاة التهجد، ثم دعاء، تابعوه على الرابط التالي,2
مرسي عمل مناورة وللأسف الناس اللى راحوا ساعدوه بحسن نيةمرسي مصر على فرض دستور الاخوان لكنه لايخدع أحدا على مرسي ان يتراجع تماماً او يرحل,2
اسماء شهداء الثورة #المجد_للشهداء #ريتويت كتير جدا بقى,3
الميديا تو داى #اقتباسات في النهاية لن نذكر كلمات أعدائنا، بل صمت أصدقائنا #مارتن_لوثر_كنج,2
"الآن دعمرو حمزاوي في برنامج كلام مصري ""على قناة",2
#اتجوزها_لو -بتحب غمازاتك (لو عندك يعني) -بتعاملك كأقرب حد ليها مش كواحد بيحبني فنطلع ميتينه,2
كرنڤال دولي بحضور #الملك مبروك لـ #الشباب_بطل_كأس_الملك ولـ #الشعب_السعودي_الشقيق #ملعب_الجوهرة #نحبك_ياملكنا_عبدالله,3
الملتقى التدريبى والتوظيفى الاول تحت رعاية الدكتور عمرو حمزاوي معلومات تهمك عن: المقابلة الشخصية الناجحة وكيفية,2
إيه فكرة حملة مرور ومفيش حد في الشارع؟,2
مش كل معارضتك فلول ولا إنتهازيين يا مرسى طمن شعبك بلاش تعمل ودن من طين وودن من عجين الأخوان حيغرقوك,0
نيجي بقى لاستخدام دور العبادةغلط،اكبر غلط،بس لما يبقى في اصرار لطرف على استخدامها،بل و الفتوى بوجوبها حتلاقي رد الفعل المعاكس,0
الاسواني: كثيرين لا يحبون ديانتك ولا يعترفون بها وبالتالي ما أن تنطق باسمك الذى يدل على دينك حتى >> المقال كاملا>>,2
أحمد عجب - لاعب كويتي ( شخصيات الحملة ) #اجر #انشر #اعلان #الحملة #الكويت #المعلم #البحرين…,2
مفيش حاجه اسمها #عيب فى حاجه اسمها #حرام الخوف بيكون من #ربنا مش الناس !,1
"""واضح ان الترمادول ملا البلد: #الببلاوي: تولِّى #السيسي رئاسة مصر معناه انتهاء الحكم العسكري """,0
الحملة ف شارع الاقبال وفى مسيرة هناك #بلغ,2
الدراما المصرية في تقدم مبهر مسلسل #نيران_صديقة راااائع جداً جداً,3
شاهد - عدادات للموت محافظ القاهرة في آخر كلام #,2
دانيال وإخوانه,2
لماذا ياأخي تتهمنا بإثارة الفتن عندما نطالب بتحمل مرسي المسئولية السياسية كما كنا نفعل سويا أيام مبارك؟ مش عارف بس هما قالوا لي أقول كده,0
الرمز الانتخابى لل #السيسي #السيسي_رئيسي_2014,3
نريد ان يستمر المشهد الحضاري الذي رأيناه في الاستفتاء رغم وجود بعض تجاوزات و تمر الانتخابات في سلام,2
عرض الاسبوع 40 ألف متابع #شوارعنا #فن_تتقنه_النساء #ذلك_الشخص #شي_ودك_تجربه #بوح #درر #عجبني #حلو #مكه [2029361],2
وادي جزاء اللي ميشحنش موبايله من بدري :-( #النور_قطع,2
محمد المخزنجي العظيم في مقال مؤلم وجميل يسأل: هل نستعيد جمالنا؟,2
من احد المشاكل التي نعاني منها حاليا في الوزارات رهبةالوزراء من التوقيع علي اي ورق #السادة_المحترمون …,2
#اللى_رافضين_السيسى_رئيس_بيعملوا_فولوا_لبعض #مؤيدين_السيسى_بيعملوا_فولو_لبعض #سأنتخب_السيسي كلهم كدابين …,2
اتمنى ان نتوحد جميعا لتحقيق اهداف الثورة المشكلة إقصاء المعترضين على فكر الاسلام السياسي أنا مسلم يساري هل يعترف مشايخ السلفية بإسلامي,1
الانفلات الأمني الموجود ليس نتيجة لضعف الأمن وحده، ضعف مؤسسات الدولة وتراخيها أدى إلى تمرد على سلطتهاالدولة في خطر ولابد من إعادة السياسة,0
المسار,2
13 أيوة الإليكترونيكس هي اللي زهقتني,2
"قوات الأمن المصرية تقوم بضبط ""لاب توب"" يحوي أغاني مسيئة لـ""السيسي"" هذه ليست نكتةهذه حادثة حقيقية في مصر بعد …",0
على فكرة الخطاب ماكانش طائفيو هو بيتكلم عن الاخوان كجماعة سياسية تستخدم الدين على حد قوله في لاغراضها،الطائفية لما يهاجم دين,1
طب أيه الحل ؟,2
2050 بص يا سيدي انا ضد فض أي اعتصام بالقوة وأعلنت ده بعد الحرس الجمهوري وأيضاً غلق المحطات ولكن هذا لن يجعلني ادعم طفاسة قيادات فاشلة,0
معنديش مانع أشتغل في تنظيم المرور ده لو هيحل حاجة # #,2
1 هي إنسانة رائعة :),3
"""حوار بين شاب ثوري ومواطن محبط "" مقال بقلم دعــلاء الأسـوانـى ينشر صباح غد الثلاثاء في جريدة المصري اليوم >>",2
"""فابيوس"" يحذر من إنزلاق عواقبه غير محسوبة في #أوكرانيا - #البديل للتفاصيل:",2
برغم مايظنونه إنتصارا يبدو الإخوان وحلفاؤهم عصبيين جدا يتحدثون عن نخبة معزولة ومع ذلك ينهالون فيها شتما وتخوينا وكل مايشغلهم الآن قمع الخصوم,0
هﻻ بالعيااااال😉😁 #مزه #نعنبوزينها #ماشاءالله #فيديو #كتوه و رجعه للدوام 😧,2
جيل الوسط هو الذي شغلته أسئلة ومشكلات عصره باحثين عن الحقيقة,3
ياجماعه هو انا غلط لما احترم واؤيد #ابوالفتوح و #البرادعى ؟ هو انا كده مجنون ؟ هو انا لازم اشتم واحد فى الاتنين,2
الآن د عبد المنعم في لقاء مفتوح مع متطوعي الحملة,2
كل عام وأنتم بخير وكل منا في سلام مع نفسه ومع الغير وفي وطن يتسع للجميعمازالت قناعتي أن شباب مصر الثورة هم الحل والأمل:فكر خلاق وقيادة فتية,3
شوف رد فعل الببلاوي على الحادث وإحنا يجيلنا الضغط والكولسترول وجلطة في المخ عادي #السادة_المحترمون,2
كما تهمنا #مصر تعنينا #دمشق وكما تُشقينا #غزة تقتلنا #بغداد وكما نحب #اليمن نخشى على #ليبيا أما #قطر فهي سيدة النهوض و…,3
البيض والطماطم نفذت فى دلجا الاهالى اشتروها انتظارا لوصول صباحى واتباعه,0
قرر المكتب السياسى لحزب الوسط قبول دعوة الدكتور مرسى للاجتماع بمرشحى الرئاسة الوطنيين والقوى السياسية اليوم السبت 5م,2
"سيناء ""الشقيقة"" - يسري فودة",2
بعض #الأشكال_الوسخة ف #المرج لما تشوفها تحس انها هربت م الرشاح قبل ما يتردم!,0
الإرهاب خطر عالمي اعتاد أن يستوطن في مناطق تغيب عنها هيبة وسلطة الدولة ويحولها لملاذ له خلايا القاعدة وتيارات عنفية مختلفة ليست بعيدة عنا,0
إقرأ كلام كبير ومهم عن الدستور,2
#كريمة_الصيرفي مش رقم #أنا_مش_رقم #الحرية_للجدعان #الحرية_لكريمة_الصيرفي,2
احمد رجب ومصطفي حسين باقيان على قيد الحياة بالجسم والمال لكن البقاء لله فى القيمة والقامة والكرامة,2
وبإذن الله لن يكون للفكر الصفوي الضال أي تواجد في ارض مصر,0
زمان كونا هنضربهولكوا علقة نعرفلكوا منه كل حاجة، دلوقتى لو جينا جنبه هتقولوا حقوق الانسان !! مش انتو اللى,2
أحبك حبا لو يفيض يسيره #جوهرة #محمد بن أبي أمية,3
#ضرب_نار ابتدى فى #عين_شمس,2
"عاجل التأسيسية تقر محاكمة المدنيين أمام القضاء العسكرى فى الجرائم التى تضر بالقوات المسلحة"" هع هع هع",2
بدور على سرير فاضي في عناية مركزة (خاص أو حكومي) في حالة حرجة في مستشفى النزهة محتاجة تتنقل دلوقتي حد يقدر يساعد؟,2
الوطن | السياسة فى الصعيد (2) | عمرو حمزاوي:,2
#حمدي_قنديل : يتوجب على #السيسي أن يتحدث للجماهير، وألا يتعالى على أحد، وأن يتعامل كمرشح رئاسي يتواصل مع الشعب,2
"بالفيديو عضو بحملته الانتخابية: #السيسي لا يقابلنا لأنه ""مرشح غير عادي"" ويعشق لقب #المشير ولا يزال متمسكا به",3
سمعتها كتير بس اول مرة احسها وافهمها وعرف انها حلوه اووى كدا اغنية #شيرين انا كلى ملكك,3
لو الانتخابات لم تزور لكان شفيق خسر حتما وأتوقع منك الا تشارك في هذه المسرحية التى لديها من المخالفات ما يبطل عشر انتخابات,0
كيف أحاورك وأنت ذيل؟ كن رأسا ثم تعال وحاورني,2
رفع آذان المغرب بالكنيسة الإنجيلية بمدينة نصر يبدو أن مصرستعلم الدنيا يوما ما صيغة عالمية لتع…,2
"""قلة"" تحاول دفع الأمور في اتجاه مواجهة بين الشعب المصري وجيشه",2
#ليلة_الابطال غرف نوم مودرن فقط ب5000ريال ضمان صيانة5سنوات جوال 0541415558,2
لم أقل ذلك تابع تويتات مش ذنبي انك بصدق أي حاجة عن الفيس بوك من غير ما تتأكد من حسابي,2
من #عيوب_تويتر: الكثير من ردود الأفعال والقليل من الأفعال، الانشغال بشكل مبالغ فيه بالأحداث اليومية عن التخطيط للمستقبل,0
95 فيه :),2
بشكر ربي على كل إشي صار معي وبشكر أهلي على كل لحظة وقفوها معي وشجعوني وكانو دايما يعطوني دافع للحياة,2
عقل #ا نشهد…,2
الغشيم فعلا يا هيموتك يا هيزنقك تموته أخطر خصم في الحقيقة,0
فوجئنا امبارح الصبح بعدد كبير من عربيات الامن المركزى و لما سئلنا عساكر منها جايين لييه قالولنا تأمين,2
":أسرة مسلسل ""ابن حلال"" تنتقل للتصوير بمدينة الشيخ زايد بطولة #محمد_رمضان و #وفاء_عامر إخراج إبراهيم فخر",2
ألف مبروك,3
#فيديو: مقطع لـ #البدون وهم يعتدون علي رجال الامن قبل قليل #الكويت,2
"""اليوم السابع"": تعديل حكومى قبل الانتخابات",2
اول مرة أشوف مناظرة بدون مقاطعة ولا صراخ وكل طرف واخد وقته في الكلام،أحيي #يوسف_الحسيني لإدارة الحوار بهذا الرقي,3
عندما يغلق باب كنا نبتغي فيه السعادة يفتح لله باباً آخر أكثر خيراً مما كنا نبتغيه ولكننا ننشغل بالبكاء علي ما,2
قتلوا وحرقوا وأصابوا واعتقلوا ولاحقوا وطردوا واهانوا وشوهوا كل الشرفاء، كلنا غداً في الشارع احشد ٣٠ أغسطس لإسقاط الانقلاب,0
دعمرو علي التويتر :-<< في لقاء قناة الناس دافعت بوضوح عن الدولة المدنية والديمقراطية وعن الحرية وحقوق الإنسان,2
هل هناك فرق بين الفاشية العسكرية والفاشية الدينية ؟! د علاء الأسواني يكتب : كيف نتحرر من الفاشية ؟! >>,2
ميغركيش العدد والله #انا اكتر انا اللى مش #اخوان وانا اللى مش #عسكر,2
#مع #الجيش_اليمني #ضد #الارهاب,2
بلطجة الإخوان والإعتداء على الإعلاميين بمحيط اكاديمية الشرطة #السادة_المحترمون,0
"انشرُوا التذكير بالتكبير و أحيُوا سُنّة هذه العشر "" الله أكبر الله أكبر لا إله إلا الله الله أكبر الله أكبر ولله الحمد ""…",0
ده تسيب #انتخبوا_البرص,0
#شيرين من حفل زفاف ببيروت,2
د أبو الفتوح : أثناء زيارته لكنيسة السيدة العذراء بالأقصر,2
عرض الاسبوع 44 ألف متابع #أذكار_المساء #بصراحه_مليت_من #خد_موقف_من #علمتني_الحياة #الحياة_تحتاج_إلى_شيئين [943598],2
تكثيف الهجوم على مائة من شباب الثورة وهم فى طريقهم للقاء متفق عليه مع مدير أمن القاهرة لوقف أعمال العنف شىء مريب يحدث,2
كائن بوليسي اسمه لواء حمدى بخيت علاقته بالانسانية والكرامة زى علاقته بربه الاتنين مقطوعين,0
مطرانية الكاثوليك بالمنيا تستقبل رفات قديسين من #لبنان وتحتفل بهم أربعة أيام,2
"#الثورة_العراقية :: هروب ضابط استخبارات الفوج الخامس في جهاز مكافحة الارهاب "" المقدم حسين محجوب عبد الامير",2
خاليك طموح متخليش معوقات الحياة تقتل طموحك متخليش معوقات الحياة تيأسك قصة أحمد نجيب (أونا) فقد حاسة,2
الوطن | عن قانونيى السلطان | عمرو حمزاوي:,2
الزوارق الحربية #الإسرائيلية تطلق نيران رشاشاتها باتجاه شواطئ شمال قطاع #غزة_تحت_القصف,2
حبي لاشعآر البدر فاقت الحدود #اعتراف,3
يارب انا مش طالب كتير انا عايز واحده فى خفة دم #رنوش وجنان #سوكا وجمال #شيرى_عادل ورقة #جنات واى حاجة من #صافيناز ^_^ #,3
رئيس المجلس الاعلى للقضاء الحالى من رموز استقلال القضاء وقد صنع مشروعا عظيما مع المستشار احمد مكي من اجل استقلال القضاء الواجب مساندته,3
"#عيد_الأم أم صينية ""97"" سنة تعتني بإبنها ""60"" سنة المصاب بشلل رباعي منذ 19 سنة هو قلب الأم مهما تقادمت بها السنون",3
"الأسواني لم ينتخب مرسي وطالب بمقاطعة الانتخابات بتاريخ 4 يونيو في مقاله: ""قبل أن تدلي بصوتك في الاعادة""",2
طبقا لأرقام متواضعةخسرت مصر منذ الانقلاب ضعف ماتعهدت بدفعه السعودية والامارات والكويتالانتاج لا المعونات هو الذي ينعش ال…,2
العقوبات الاميركية الجديدة بحق #روسيا سيعلن عنها الاثنين #أميركا #أوكرانيا #القرم #كييف #أوروبا #الوطن,2
- #اسرائيل #عباس,2
إحرقوا مقراتنا، اقتلونا، لن تقتلوا أفكارنا ولن تحرقوا مبادئنا، سنظل كما عرفنا العالم، لا نملك الا الحجة والبرهان والبيان,2
عندما آحببتك ؟ آحببتك بقلب طفلة تخشى فقدانك وبقلب عاشقة ﻻ تريد غيرك #محمد,2
لا انا معنديش خط اتصالات بس لو #فودافون مش اتظبتت شكلى هحول يا نيفين والله :),2
#الرئيس #عبد_الفتاح_السيسي #بالصور و كلمة المشير السيسي خلال لقاءه بوفد #المستثمرين فى #قطاع #السياحة التفاصيل,2
الرسالة رقم 4 من الجزء الاول لكتاب رسائل سجين سياسى الى حبيبته,2
7_3_ جميع مباريات ونتائج #الأهلى #مصر في #دوري_أبطال_أفريقيا من البداية وحتى 2015,2
احصآئية تقول ان 88% اهداف البايرن في الشوط الثاني #حذر,2
للتوضيح محمود سالم المدون الشهير المعروف بساند مانكى هو مرشح الكتلة المصرية فردي عن دائرة مصر الجديدة,2
"في حرب ""غزة 2008 "" أمير #قطر هو الحاكم العربي الوحيد الذي طالب مبارك برفع الحصار عن #غزة وفتح المعابر وإيقاف الستار الح…",2
11 فبراير كان يوم نكسة #ثورة_25_يناير لما سيبنا الميدان وروحنا مش 30/6 ولا 3/7 ياريتنا كنا سمعنا كلامك يا شيخ حازم #انا_حازم #مرسى_رئيسى,1
جزاك الله عنا خيراً يا رسول الله #الحبيب,3
جريده نيويورك تايمز اهم صحيفه في العالم اختارت 25 كاتبا علي مستوي العالم لينضموا الي كتاب الجريده و كنت واحدا من هؤلاء الكتاب الحمد لله,2
شاهد - آخر كلام: وقفة تأملية مع تجاعيد عام من الثورة #,2
رحل الدكتورجمال عبدالناصر الخطيب اخى فى الجرح والفرح والسجن والحرية والتشبث بالامل فى النصر ، الفلسطيني القومى المقاوم رب اجعل مثواه الجنة,2
جولة #السوري الحر بدرعا || جولة مع أمير الإقتحام #جبهة النصرة في تل الجا: عبر,3
الندل لما حكم مقالي اليوم في الشروق تحية لكل المعتقلين في شخص الثائر السكندري حسن مصطفىاكتبوا له وادعموه في محبسه,2
! #مثقفون_فضحهم_الربيع_العربي #واحد_فاضي #الام #عيد_الأم #يوم_الأم #يومك_يا_أمي #عيد_الأم2014 #عيد_م…,2
التحريض و خطاب الكراهية و المتاجرة بالدين ليست حرية رأي بل جريمة يدفع الوطن ثمنها في الشارع الآن هذه قنوات فتنة و ليست دينية,0
أحوال النقابات لم تختلف قبل الثورة عن بعد الثورة,2
انا مستعد للقيام بأي دور لخدمة الوطن حفاظا على التضحية التى قدمها الشهداء وحماية لمطالب الثورة,3
شبكه اخبار #المحله | متابعات | صورة اخرى من معرض السيارات الذى قام مجهولون باشعال النيران فى السيارات المتواجده,2
والبلد هتشيل لك الجميل,2
لو حاولنا نحصى جرائم الانقلاب فى شتى فروع الحياة لن نتمكن أبدا عددها اكثر من أن يحصي,0
#تخفيضات #الأحساء #ريتويت #الرياض #واحد_فاضي #الهلال #السعودية #النصر #النصر_الهلال #غرد_بصوره #الرياض [1615445],2
#__ #أعترافات_ما_قبل_النيزك #السعودية هناك أشياء سـ نظل نحبها مهما كبرنا ^_^,2
"""_: #مرسى يدعو #الرئيس الموريتانى للمشاركة فى القمة الإسلامية بالقاهرة """,2
هامش للديمقراطية ــ مراجعات أخرى ضرورية لليبراليين ولليسار - عمرو حمزاوي - بوابة الشروق,2
أنت من أستلذ بأحلامي بك واستطعم الحب بحضورك مقتبس من [ __ ] #تصميمي #ميسي #97,3
متضامن مع الإخوة في غزة فلسطين والفرصة امام مرسي اليوم لإثبات أنه ليس بمبارك الذي هو الآخر إستمات فقط في الشجب والإدانة,1
#ثورة_25_يناير| السفير ابراهيم يسري : اسرائيل كانت تخشى من صعود الاسلاميين للحكم وتحالفت مع قوي داخلية,2
"متحدث ""#الحرية_والعدالة"" بالجيزة للنيابة: ""انتمائى لـ #الإخوان مصلحة وأكل عيش ولما وقعوا خلعت""",2
47531614 الله واحد الرب واحد رب الكل مسلم و مسيحى,2
قرية الهلال الأحمر بأسوانمرافق كاملة متكاملةمع إيقاف التشغيل #السادة_المحترمون,2
تويتر بوظ اخلاقي انا كنت محترم _ #اعترافات_ليلية,2
اذهب الشهر القادم في جولة بالولايات المتحدة الامريكية لجمع التبرعات لصالح #57657 و #بنك_الطعام ،شاركونا #مصر #الإمارات #السعودية #الكويت,2
"المذيع المحترم بتاع مصر ٢٥ بيقول فيه مظاهرات في شبرا بتهتف ""بالطول بالعرض حنجيب الاسلام الارض"" ثم يتسائل ما دخل الدين في صراع سياسي",0
من أجمل ماشاهدت في حياتي أكبر نجوم هوليود وهما عالمسرح بيتجمعوا لقراية كتاب هوارد زن عن التاريخ الشعبي لتوصيله للناس,3
"استمرار مأساة غرق شبابنا في محاولات يائسة سعيا وراء ""لقمة العيش""ما هي أسبقياتنا وأين نحن من أهداف الثورة : عيش،حرية،كرامة إنسانية ؟",1
#اختاه وحيات ابوكى و امك ياشيخه بلاش تضربى غطس فى علبه الميك اب و البرفيوم,2
رئيس الوزراء الاسرائيلي #نتنياهو في ذكرى #الهولوكوست: #إيران ترغب بصفقة تصل بالعالم كله الى حافة الهاوية #اسرائيل,2
اعتصام طلاب معهد التكنولوجيا العالى خطوة لم يضع لها الانقلاب حسابا لن يجدوا لها علاجا الا بالعنف والقمع,2
البقية فى حياتك كان راجل عظيم,0
""": #جمعة_مباركة #اني_وداني """,2
ندوة د علاء الأسواني الليلة 7م بمركز شبابيك 20 ش المقطم الرئيسي بجوار سبيكترا - بالمقطم >> التفاصيل >>,2
#انقلاب_باص_طالبات_بالرياض الحين بيدرعمون بنو ليبرال ويقولون لو كانت تقود !! ترا لو قدنا بتصير مصصصاااايب وحوادث لا تعد ولاتحصى #اعتراف,2
رئيس الدستورية المحكمة عازمة على الانعقاد 2 ديسمبر لنظر قضيتي الشوري وبطلان التأسيسية تضارب,2
#محمد_نجيب : الاندفاع الهجومي لـ #الدفاع_المغربي مفتاحنا لتعزيز الهدف المهم دفاعنا إحنا ميبقاش هو الهدف يا كابتن,2
عشان بكره اللى مستنى ومش عايز يفرق حد :),2
لم يبقى على #رمضان الكثير - لاتنسى صيام القضاء - حتى لا يأتي رمضان هذا العام ورمضانك الماضي غير مكتمل ! - ذكر غيرك ~,2
بيان صادر عن اجتماع سبعة من المرشحين المحتملين للرئاسة,2
ربنا يرحمك #محمد_الجندى,2
شاهد - آخر كلام: فض اعتصام التحرير بالقوة في أول أيام رمضان والاعتداء على المعتصمين وأهالي الشهداء #,2
"د عمرو حمزاوي، يتقدم بسؤال عاجل إلى وزير الداخليةعن سبب عدم القبض على ""أحمد مرتضى منصور""",2
#طارق_الزمر: فتاوى #برهامي تروج لاغتصاب الأمة أو السلطة,0
أرفض تماما أي دعاوى تطلق لفرض سلطة ووصاية مؤسسة الرئاسة على القضاء، استقلال القضاء هو الركيزة الأولى في دولة القانون لا,1
شاهدوا الآن الحلقة العاشرة من برنامج #قصة_الأندلس، والجزء الثاني من سيرة القائد عبد الرحمن الداخل الملقب بـ(صقر,2
بلاغ للنائب العام مطلوب صاحب هذه الصوره الذى هدد نجيب ساويرس بالقتل والاعدام,0
#مبارك راجل كويس واﻻخوان اعدااااالم على طول الخط,1
"مبروووك حياتي #غلطت_م_الأول_رنا_سماحه 900,000",2
"قال #سيد_قطب :""جاء الإسلام ليرد الإنسان إلى ربه، وليجعل هذه السلطةهي السلطة الوحيدة التي يتلقى منها موازينه وقيمه،كما تلقى منها وجوده وحياته",2
#السادة_المحترمون حلقة الأحد 08 سبتمبر2013 كاملة لقاء دأحمد السيد النجار أمحمد عبد العزيز …,2
"اعطينا اشارة البدء لـ30 يونيو ""واللى ايدة تتمد على سيدو تتقطع ايده "" #القاهرة_عاصمة_الثورة #صحوهم",2
محاولة اغتيال وزير الداخلية المصري بتخطيط وتنفيذ جنرالات السيسي | الصدى نت,2
الجحش بس هو الي يبقي فاكر ان تأييد #شفيق ثم #عمر_سليمان و رجوعاً لشفيق تاني ثم #السيسي من ابناء #مبارك و فلول البلد صدفة,0
الساكت عن الحق جبان ! لا مال و لا شئء ينفع فى الآخرفمن يقف على الحياد بين الحق و الباطل فهو مع الباطل بالتأكيد,0
نيجي نبوس علي دماغكو واحد واحد يعني عشان تقولكو #رجعوا_الجماهير ولا ايه طيب !!,2
#عندنا_في_مصر الشيوخ و اللي بدقن بس هما اللي مش مسموح ليهم يعملو حاجة غلط لاكن أي حد تاني عادي دة علي اساس ان ربنا هيحاسب …,2
أزهى عصور اللخفنة,0
الاسواني: لماذا لا تسمحون للرئيس مرسي بصلاحيات مطلقة مؤقتة لمدة شهور قليلة ؟! >> المقال كامل >>,2
لصالح من يُلغى مشروع ( محور قناة السويس ) الذي كان من المقرر أن يرفد الخزينة المصرية بمائة مليار دولار سنويا ؟ الجواب…,1
"مقتل سعيد فضة أكبر مورد بلطجية فى #شبرا_الخيمة وعميل أمن الدولة """,0
#ناشرون_الأخبارية : #حمدي_قنديل قانون الطعن فى العقود دا خلانا طراطير والشعب طرطور والحكومه ومجلس الدوله والشعب طرطو,0
تواصلت مع نعومي تشومسكي بخصوص ما نسب اليه من كلام بخصوص عداء دبي لمصر بسب قناة السويس وهذا رده,2
اللغة العربية يتحدثها 350 مليون شخص حول العالم (وفقًا لآخر الأرقام في 2013)؟ #اليوم_العالمي_للغة_العربية #بالعربي,2
الرسالة رقم 36 من الجزء الاول لكتاب رسائل سجين سياسى الى حبيبته,2
فترة حظر التجول ستظل من السابعة مساء وليس التاسعة مساء,2
"#ثوار رواية الزميلة المهندسة ""داليا رضوان"" عن إعتداء #بلطجية_الداخلية عليها اثناء مرورها بأحد الكمائن",2
1 بالأمس كان اليوم العالمي للصحة، وزارة الصحة أطلقت مع منظمة الصحة العالمية والجمعيات الأهلية حملة أضبط ضغطك أضبط حياتك ضد ضغط الدم المرتفع,2
أسرار نشأة السيسي داخل حارة اليهود بالقاهرة #الجمهور |#السيسي #انتخبوا_العرص #السيسي_يهودي #مصر #انقلا…,0
المجلس الانتقالي الليبي يكرم قناة ''اون تي في'' الفضائية المصرية، باعتبارها أفضل قناة فى تغطية أحداث ليبيا #25 #,3
دم شهيدات المنصورة يدين وحشية المجرمين الذين قتلوهن ويحق عليهم القصاص ولا يبرئ وحشيةالمتعصبين الذين القوهن الى التهلكة ويجب عليهم الاعتزال,0
قرار إعادة وزارة الإعلام فشل كلوي تام و مهزلة,2
بسهولة تحكم على حضارة دولة من مستوى خبزها و أنواعه تركيا ماشاالله,2
دخل الآن موعد صلاة العشاء #بوسطن,2
"""25: #الميدان:مفتي الدم الانقلابي صدق على اعدام 37 من 528 تم احالة اوراقهم اليه """,0
#يارب نسألك من خير ماسألك به نبينا محمد صلى الله عليه وسلم ونعوذ بك من شر ما استعاذ منه امين يارب,2
محامي ومستشار قانوني ٠٥٣٨٧٥٥٥٢٧ #نواف #علي #عمر #محمد #خالد #محامي #ركان #سعاد #سعد #حماد #حمد #احمد #يوسف #السعودية #فايز #عاجل رصد تسعة أبراج مخالفة لتعليمات السلامة في #الرياض,2
هو دة الحال بالظبط في المدارس المصرية يا عابلة : )) ونحمد ربنا على نعمة الربرابية #إخوان #شرطة #فلول,2
#الحقيقة_مباشر_مصر|#انقلاب_3يوليو حلقت 3 مروحيات تابعة للجيش فوق قرية #الميمون التابعة لمركز الواسطي ببني سويف،,2
بعتها لحضرتك في رسالة,2
شعب #موزمبيق غرق في السيول لمرتين ولم يجرؤ أحد من ذوو المفقودين على صفع أي مسئول ولازال المسئولون في مناصبهم2013,2
#صورة_اليوم السترة الواقية من الرصاص الى استلمتها #نقابة_الصحفيين من الجيش #الصحفي_العسكري,2
"الاعلامي محمد فودة يعقد مؤتمرا جماهيريا غدا بمدينة #زفتى بحضور الفنانة #غادة_عبدالرازق لدعم المرشح #عبدالفتاح_السيسي # إلعب ياسيسي:)""",3
هل يمكن ان نترك الثورة تنكسر خوفا من ان يستغل الاخوان النصر لصالحهم ام واجبنا ان ننصر الثورة ثم نحمي النصر من الاستغلال سؤال اوجهه للجميع,2
هل من الطبيعي أن يعرض شخص غير مصري نفسه للموت ويقف في منطقة اشتباكات وسط طلقات الخرطوش والرصاص الحي ؟,2
بوتين يتحدى الجميع فى آخر تصريحاته عن مصر,2
مصانع شركة النصر للحاصلات تباع بتراب الفلوس لتسديد الديون بعد توقف الانتاج طبعا ساويرس وبقية اللصوص يشتروها من فساد لفساد,0
تابعوا #نقطة_لقاء مع #يوسف_الحسيني على # ضيف الحلقة الكاتب الصحافي حلمي النمنم …,2
لمتابعة الحساب الشخصي للدكتور عبد المنعم أبو الفتوح,2
المدن -روجيه عوطة-نينا هاغن وعجينة الفم المتهكِّم #غناء_الصراخ #غناء #فن #ثقافة,1
يدعوكم صالون د علاء الأسواني إلى حضور الإفطار الجماعي السنوي اليوم الخميس الساعة السادسة مساءً >>التفاصيل>>,2
شاهد - يسري فوده: هذا وقت الاختيار بين الوطن و الأهل و العشيرة #,2
عاجبني الإيجابية الخايبة بتاعة الرفاق طيب خليك إيجابي بشوية حنكة سياسية أي منظر مش ستريبتيز مجاني كدة #مرار_طافح #ثورة_…,0
5 وبمناسبة العسكر، لا يعني تأييد تصويت العسكريين وأعضاء الشرطة كأفراد في العمليات الانتخابية استدعاء الجيش والشرطة إلى السياسة,1
عبدالمنعم عطية عضو مجلس إدارة نادي #دمنهور:وزراء الرياضة يهتمون بزيارة #الإسكندرية ولا يثومون بزيارة البحيرة رغم قصر المسافة #الملعب #,2
ابو الريش ساعدونا لجمع التبرعات شكرا استاذ بلال,2
أم الدنيا قد الدنيا مقال اليوم أعود به للكتابة بعد أجازة قصيرة وعلى الله قصد السبيل,2
"#إنت_حر | #كارمن_سليمان ووالدتها تغنيان ""حبيبتي من ضفايرها"" ألحان الراحل #عمار_الشريعي في مع #…",2
الندوة الأسبوعية للدكتور علاء الأسواني بالأسكندرية الخميس القادم السابعة مساءً بأتيليه الأسكندرية التفاصيل >>,2
شبكه اخبار #المحله | حمله حمدين تنظم سلسه بشريه لدعم و تأييد حمدين صباحي في المحلة,2
#عادل امام معاهم معاهم عليهم عليهم ‹☺›,0
"حان الان وقت صلاه الظهر لــ #أسيوط #مصر 11:53 ,",2
#الأردن_ينتفض وقريبا #الجزيرة_تنتفض #بلاد_الحرمين_تنتفض #الجزائر_تنتفض #العراق_تنتفض,2
مبارك لم يسقط لمجرد وجود آلاف في الميدان كان فيه إضرابات و شلل كامل في الدولة بعد انتشار خبر السبعين مليار دولار و ذلك للتذكرة,2
ما ترتيب التراس #وايت_نايتس من بين أفضل الالتراس في العرب ؟,2
علاقتى بالمذاكرة زى علاقتى بكيس الشيبسي #الجامبو افتح اقفل وكل مرة زى #اول_مرة :),2
روحي اقرأي وانت تعرفي أن كلامك غير مضبوط,2
"حرائر #الاسكندرية يبدأون اضرابا جزئياالبيان رقم ""1"" #اكسر_كلابش #انتفاضه_السجون",2
الفجر | بدء التصويت علي الانتخابات الرئاسية من التاسعة صباحًا حتى التاسعة مساءاً #مصر,2
صــــــورة نادرة للرئيس محمد حسني مبارك شفاه الله في مصنع بمنطقة حلوان بتاريخ 25 مايو 1982 م #حسني_مبارك,2
الفهم المصري المتحضر للإسلام أسس له الامام محمد عبده عام 1899فانطلقت مصر العظيمة لتبدع في كل مجال حتى وصل إلينا الفكر الوهابي الرجعي المتطرف,1
فضيحه تانيه أنا لسه ماسك ف مستشفي راس سدر وعرفت ان تم أخذ من الدوله حدود ١٥١ مليون جنيه لم يتم صرف ٦٠٪ منها,0
"إن أخوف مـا يخافـه المستبدون من العلم أن يعرف الناس حقيقة أن "" الحرية أفضل من الحياة "" عبدالرحمن الكواكبي #مصر #بداية_النها…",2
في هذا المكان من شعب بني هاشم ولد عليه السﻻم في مثل هذا اليوم 22 أبريل 571م،وخرج من أمه عند الوﻻدة نور #المولد_النبوي,2
#اللى_رافضين_السيسى_رئيس_بيعملوا_فولوا_لبعض #مرسي_رئيسي #انتخبوا_العرص #سيناء_خارج_التغطية #سأنتخب_السيسى …,1
22210 يشرفنا دعمكم نرحو التواصل معنا وملأ استمارة التطوع,2
ارفض البذاءات التى يبثها الشيخ محمود شعبان ضد الثورة لكنى ارفض ما حدث له في ميدان التحرير من إهانات واستهزاء بكرامته الثورة نموذج أخلاقي,1
دوركم في دعم المرشح الذي ترون انه الاصلح يجب الا يقتصر على التصويت يوم الانتخاب بل ان يكون عمليا بعمل التوكيل وبدعوة الناس لدعمه من الان,2
"#اللهم اكتبلنا في هذا اليوم ، رضاك ، وعونك ، وسترك ، واكفنا ، واغنينا عمن سواك ، واجعل فية سعادة في قلوبنا واشرح صدورنا, واعنا…",2
أليس الحب هو ان انظر الى وجهك الجميل،فأشعر انني امتلكت كل الدنياو انتِ كل دنياي #كلام_في_الحب #مصر #الإمارات #فلسطين #البحرين #السعودية,3
ابو اسماعيل امه امريكية لا مش امريكية طب فين الجرين كارد طب ده ماسك عيكم مستندات و فالاخر #فسسسسسس,1
ادعو المصريين الى مشاهدة توثيق مذبحة الاتحادية التى جمعها الاستاذ عمر طاهر سحل وضرب رصاص وتعذيب البنات لن تفلتوا من الحساب أيها الاخوان,0
هي #سما_المصري تتحسب مع البني ادمين ولا ايه النظام ؟ -_- #ارف,0
الفكرة رائعة وكلما تعملوا ترتيبات ليها إبعت لي منشن عشان أنشرها وبرجاء عمل قسم خاص لحملة الإرباع المخرومة اللي تستحقها الإدارة,3
من الطرفين,2
افضل ﻻعب في العالم رونالدو لم يستطع التسجيل بوجود الصخرة حمد المنتشري! #اسطورة #كانيدا_يحتاج_لحمد_المنتشري,3
من يقف على الحياد بين الحق و الباطل فهو مع الباطل و عندما ينتهي كل شيء لن تذكر شيئا من كلمات أعدائك لكن صمت أصدقائك سيترك أثرا لن يزول!!,0
د أبو الفتوح في العاشرة مساء يحيي دماء الشهداء و يقول قبلت أيادي الشهداء و جثثهم و هم على الأرض يوم 28,2
"""اجتماع متطوعين حملة دعم ترشح دعبد المنعم أبو الفتوح لرئاسة الجمهورية"" , 17 6:00",2
والله انا كمان نفسي يبقى فيه جزء ثاني لأبواب الخوف ربنا يسهل ونعمل كده قريب,2
يكرهك نصفي و نصفي فيك ذاايب #عبدالمجيد,1
عبد المنعم أبو الفتوح فى العاشرة مساء 15 05 2011,2
الدعاة والأمن في خندق واحد,2
من أقوال أبو الفتوح: ليس هناك مجال للحرية بالمعنى المطلق، فلابد أن تنتظم تلك الحرية مع قيم المجتمع ومبادئه وأعرافه,2
2013 يعني إيه الطابع الأصيل للأسرة المصرية؟ مدني ولا بدوي ولا نوبي ولا صعيدي؟ ولا قصدكم فرعوني بما إن هو ده الأصل؟,2
خمس الاف #الامارات #الهلال #النصر #السعودية #الكويت #قطر #الرياض #مكة #رتويت # #دبي #الشارقة # #غرد_بصورة 155,2
ما حجم اعمال الشاطر وكم تبلغ ثروته وما مصادرها وهل دفع الضرائب طبقا لنفس القانون الذي يطبق على ساويرس التطبيق الانتقائي للقانون فساد فاحش,0
كان عنده حلم :) محمد على كلاى : حلم بأن يكون فى من أقوى أبطال العالم فكان له ذلك ، لقد كان شابا صغيرا يعيش فى,2
أموي #سوريا • ضمن سلسلة معارك عواصف الصحراء اليوم تمت السيطرة على معمل اسمنت البادية والمفـْـْرزة الأمنية في …,2
#معرض_الكتاب كتاب رئيس الوزراء محمد مهاتير,2
روحي تحبك ♡ #عبدالمجيد,3
_ يسعدني أن المرة الوحيدة التي سأظهره فيها في رمضان ستكون مع الأستاذ,3
حزب النور أول خازوق كان منه ، كان في انتخابات الرئاسة إما عدد كبير منهم انتخبوا #مرسي وكانوا بالكلام مع #أبوالفتوح #انتخبوا_العرص,0
اتصلنا ب صابر ابو الفتوح قال مدير الامن رافض يتعاون !!!!!!! وبدا حرق موتوسيكلات وسيارات العاملين وبدا اقتحام,2
من بعيد العدد ماشاء الله جبار #جامعة_المنصورة,2
__ حاضر حنسكت و مش حنقربله بنقد او سخرية عشان هو الاغلبيةحاكون امعة و امشي مع الرايجة حاضر,0
إلي شريك شفيق في مشروعهما الرئاسي الفاشل: عيب عليكما تعاونكما مفضوحتزويركما فج,0
خمس الاف متابع بـ 200 ريال #سلمان_العودة #تغريدة #اقتباس #طارق #السويدان #طارق_السويدان #أعجبني #العريفي # 240,2
تؤكد لي الردود ان بعض الأخوة يعتقدون فعلا انهم الاسلام وانك اذا لم توافقهم فانت عدو للإسلام لا مساحة لديهم في ان تحب الاسلام وتختلف معهم,1
بصراحة انا احب #شبكة_المجد بس حظي الردي هو الي رافض ان اشترك فيها 😣,1
عرض الاسبوع 40 ألف متابع #شوارعنا #فن_تتقنه_النساء #ذلك_الشخص #شي_ودك_تجربه #بوح #درر #عجبني #حلو #مكه [2018309],2
خلط للأوراق وتضارب في اختصاصات مؤسسات الدولة، وتحايل قبل أشهر من الانتهاء من نقل السلطة,2
الانقسام بين القوى الوطنية طبيعي ولكنه حدث قبل إنجاز اهداف الثورة فاستفاد منه النظام القديم يجب ان نضع الثورة قبل المصلحة السياسية,1
الأرصاد: طقس اليوم معتدل وشبورة مائية بالقاهرة والوجه البحري #مصر #ميدان_التحرير,2
عملاء يكرهون الجيش المصري#عبدالرحمن_يوسف #انتخبوا_العرص #مصر_العربية #الإخوان #بلاش_شتيمة,1
#جلال_عامر الغائب الحاضر,3
#علموا_أولادكم الثبات ع الصلاة وهما هيتعلمو كل حاجه حلوة,2
"قرار جمهوري بتعيين رئيس الجمهورية أصدق من انتخابات ""تعبيرية"" مقصور حق الترشح فيها على خمسة أفراد لنقاطع هذا العبث كفانا خداع للشعب",1
د علاء الأسواني يكتب مقاله الاسبوعي بعنوان: ملاحظات صريحة على مسار الثورة …,2
#القمة_الحكومية عجمان تطلق رؤيتها الاستراتيجية 2021 مبروك وحفظ الله وطننا لما تصبو إليه,2
يا مقرفين ده فيه محجبات بيتم التحرش بيهم دي لو لابسة درع حرب من العصور الوسطى حيتحرشوا بالخوذة العيب فيكم يا معفنين,0
عاجل | طائرات الاحتلال تستدف موقع القادسية التابع لكتائب القسام في خانيونس #غزة_تحت_النار,2
| #عاجل نتنياهو: لا مفاوضات أو اتصالات مع أي حكومة فلسطينية لها علاقة بحماس بقريب أو بعيد وذلك بعد اتفاق المصالحة الأخير بين #حماس وفتح,2
#حمدين_صباحي: مشروعي هو قيام دولة مدنية خالية من الفساد,2
د عبد المنعم أبو الفتوح : أتوجه إلى كل إخواننا الذين لديهم رؤية مباعدة للدين تكونت عندهم من التجربة الغربية أتوجه,2
فيديو مفبرك والسيدة المذكورة لا علاقة لها بالحملة,2
ان 100 من #حازمون ب1000 مما تعدون ! #أنا_حازم,2
ياشباب الاخوان أنا فعلا حزين لأنكم شباب وطني يدفع بكم مكتب الإرشاد لمواجهة مع الشعب المصري ويجعلكم تدافعون عن رئيس ديكتاتور لا يفي بتعهداته,2
ميدان المحكمة,2
هذا الدستور غير دستوري #المادة_لاولى,2
الشيخ محمد سعيد رسلان يا ضعيف اتق الله فى ضعف قلب #عشر_ذي_الحجة,2
#كريستيانو_رونالدو كان متسللاً في هدفه الأول أمام أوساسونا,2
أمريكا تدير شبكات اجتماعية محلية في العشرات من الدول حول العالم #شبكات_اجتماعية #أمريكا #مصر #الربيع_العربي,2
التظاهر شيء والإرهاب شيء آخر,2
لو أخطأت أي قناة فيجب على القضاء أن يحاسبها و لا تحاسب إداريا,2
تقوم مؤسسة نبني بتنظيم معرض لملابس المستعملة والجديده في منشية ناصر يوم ٤ مايو،للتبرع الاتصال 01008880090,2
#المجد_للمبتسمين #المجد_للمبتسمين_صباحا,3
#تويت_كأنك_في_2050 هات يابني الشاحن عشان الإنسان الآلي بتاعي فصل شحن,2
اللهم لك الحمد حتى ترضا ولك الحمد إذا رضيت ولك الحمد بعد الرضا #اللهم_امين #شكر,2
#التحرير | #خالد_بيومي يكتب: دعم المستشفى الحكومى والمهندس #إبراهيم_محلب,2
#نصف_الدنيا تأجيل #محاكمة_مرسي بأحداث #الأتحادية ل 3 مايو,2
ليس لى أى علاقة بهذا الشخصلقد قمنا بدعم علاج مصابين داخل مصر وخارجها لكن الحالات التى دعمنا علاجها بالخارج كانت بباريس وليس ألمانيا,2
#بصـراحـه #عن ناس بيبقى نفسك تقولهم يلا المركب اللى تودى و يا ريت تتقلب و هى بتودى ! #رخامة,0
#الشعب_يرد_تحية_الرئيس #بكار_الديوث #انتخبوا_العرص #مصر_الليلة #نكاح_الكاراتيه #إنصاف_الاخوان #_ …,1
اللّهُـمَّ إِنِّـي أسْـأَلُـكَ العَـفْوَ وَالعـافِـيةَ في الدُّنْـيا وَالآخِـرَة ، اللّهُـمَّ إِنِّـي أسْـأَلُـكَ,2
هناك بعض من يمارس السياسة لضبط هندسة السياسة و العصف بمقومات مؤسسة الدولة الحديثة #,2
الإخوان مجموعات إرهابية يهربون مثل الفئران ويحتمون بالنساء والأطفال …,2
#بلغ قتلى البغدادي في #دير_الزور وحدها في الأيام الماضية 566 قتيل و700 جريح وأوضاعهم الصحية سيئة جدا وخاصة المهاجرين منهم…,2
) ! ما تحظر صلاة الجمعة ب…,2
كيف اكتمل عقلك ايها الجاهل !!!؟ #الام_المثالية #الام_هي,2
ما يحدث في اركان هو جريمة ضد الانسانية و ليس فقط ضد المسلمين ما يحدث عار على الانسانية كلها,0
أنا ضد من يحاول الكذب في السياسة أو من يعتبرها فن الكذب و ليس فقط من جانب أخلاقي بل لأن هذا أثبت فشله لذلك أنا,0
أول فيديو حي من الدكتور عمرو خالد على موقع هايد باركوانتظروا كلمة يومية من الدكتور عمرو خالد بالفيديو اشترك,2
وزير الطيران المدني المصري: وقف خط الطيران بين #القاهرة و #أثيوبيا يحتاج إلى قرار سيادي #العرب #مصر,2
"صلوا على الحبيب فى بداية لقاء جديد من لقاءات ""على خطى الحبيب"" نتحدث فيه عن بناء إنسان النهضة وعن الوضع في سوريا",2
"""لا يدخل الجنة من لا يأمن جاره بوائِقَهُ (شروره)"" #نشر_سيرته #",2
دول اوروبا اوقفت رحلات شركاتها الى مصر شركات التأمين ترفض عمل وثيقة للمسافر بكره تشوفو مصر,0
#ﺗﺘﺸـﻞ ﺁﻵﯾـﺂﺩﻯ ﺁﻟﻠﻰ ﻗﺘﻠﺖ #ﺟﻨﻮﺩ ﺑـﻶﺩﻯ #مصر #الارهاب,0
لهذا فهو يفضل النظام المختلط الذي يجمع بين مزايا كلا النظامين ويوزع السلطة التنفيذية بين الرئيس وبين البرلمان,2
نبيل فهمى احمد المسلمانى مصطفى حجازى مجرد 3 اوراق فى الكوتشينة الانقلاب يلعب بهم يفنطهم يوزعهم بس مين الولد ومين البنت ومين الشايب,2
#نفسي اوى اشوف مسلسل #يوميات_ونيس :),3
الضغط على الموقع و دخول اعداد ضخمة للحجز ادى الي تباطؤ خدمة الحجز سيتم معالجة المشكلة في اسرع وقت,2
ببساطة هذا الدستور بُني على باطل ولذلك فهو حتما سيقود إلى باطل مرسي كذب على المصريين من أجل تمرير هذا الدستور ولا يمكن أن يفلح من يكذب أبدا,0
"قصة حدثت لي في مطار القاهرة أثناء عودتي من مكة بعد تصويري لبرنامج ""باسمك نحيا"" وكان عن أسماء الله الحسني - وكانت",0
_ لا أتحدث عن #تحرش، ماعنيته النظرة الدونية لهن كبدايات الممرضات,2
الى اللاعبين والمدربين والاعلام:لا كرة قدم دون جمهور والى الجماهير:لا رياضة او متعة مع سب وعنف وشغب,2
جريدة الأهرام: محاكمة 6 من رجال الشرطة في حلوان لتعذيب مواطن حتى الموت أسلوب متكرر رسالة لوزير الداخلية: أنت المسئول,0
"لم نقل إن ما حدث في مصر كان ""انقلابًا""",2
بالصور السيسي يستقبل وفدًا من المستثمرين ورجال الأعمال بقطاع السياحة #مصر #ميدان_التحرير,2
و فوجئنا بالخبر منشورا في وسائل الاعلام وسنتوجه غدا الاحد الموافق 31 مارس الساعة التاسعة و النصف صباحا الى مكتب النائب العام لحضور التحقيق,2
شاهد - آخر كلام: الروائي الكبير بهاء طاهر 25,2
بسمة أمل من المستشفى - إسعاد غيرك إسعاد لنفسك,3
… #رتويت_عاجل تم قفل قناة دريم والسبب,2
_ ومش بعيد خالص تكون الشئون المعنوية هي اللي باعتاه من الأساس وهم بغبائهم المعتاد وقعوا في المصيدة دون تردد هيموتوا بغبائهم!,0
فعاليات توزيع البورشور أمام المساجد و التوقيعات كانت رائعة و التجاوب كان استثنائيا سيتم رفع الصور بعد قليل,3
الكل يحتفلون بأعياد ميلادهم، حتى الناس البيض,2
شباب حزب الوسط حاجة تفرح بجد الله يخرب بيتك يامبارك لو شباب البلد دي كان اشتغل سياسة براحته من زمان ماكانش ده حالنا,1
شاهدوا الحلقة ١٨ من برنامج عُمر-صانع حضارة,2
4 كلفة الفاشية المتصاعدة في كل الجنبات، ومقولات التكفير الجاهزة، والاستعداد للعنف الذي نراه اليوم في محافظات مختلفة وأدانته بالكامل واجبة,2
صوتك العالي دليل على ضعف موقفك,0
تلك الايام لما كنا ننتقد الاخوان يقولوا مش وقته تغلطونا دلوقتي،نخلص من العسكر و بعدين اعملوا اللي انتوا عايزينه، هيييه دنيا!!,0
وهو الإسراع في نقل السلطة من المجلس العسكري للهيئات المدنية المنتخبة,2
تخيل انك تتشاجر في الشارع انت تضرب خصمك وهو يضربك ثم يظهر شخص لكى يفرق بينكما لكنك تكتشف انه يمسكك ليمكن خصمك منك هذا ما يحدث في مصر الان,0
٨ نساء في ليلة واحدة والله المستعان آخر كلام ١١م على أون تي في,2
كلنا نثق في الجيش المصري ومن أجل ثقتنا واعتزازنا به نريده أن يرجع إلى ثكناته ولا يزج به في حسابات سياسية ضيقة,2
الان و بعد المناقشات الجميلة دي،اسمحولي انزل ببلوكات على حبة عيال سيس مالهاش الا كلمتين حافظينهم و شوية شتايم يالا من هنا حنرش,2
دور الشباب في الحياة السياسية في المرحلة المقبلة في آخر كلام الليلة يستضيف أ ياسر رزق - رئيس تحرير الأخبار,2
الاحتلال : من الان فصاعداً عباس سيتحمل مسؤولية كل صاروخ يطلق من غزة بعدما تصالح مع #حماس الإرهابية,2
#اكتب_رساله_لشخص_دون_ذكر_اسمه #لأحدهم #شواطئ_الحنين,2
#فيديو لاعب كمال أجسام,2
#تعطل_الواتساب #توقف_الواتساب #الواتساب_معلق تأملو هكذا,2
10 مصابين و 11 وفاة نتيجة التعذيب بمنطقتى رابعة والنهضة,3
ده من منشورات وزارة الثقافة السورية إذا مالقيتوش عند مدبولي جرب مكتبة القاهرة الكبرى قسم الفنون في الزمالك هتلاقيه هناك,2
2014 #مثير #جريمه مشاهده #سينما #افلام #عالم_سكر,2
لم تعد مصر تحتمل تكرر دوائر العنف والعنف المضاد، ولم تعد أيضا تحتمل التهاوي المرعب في قدرات الدولة,0
فقدت صديقتي يوم موقعة الجمل كانت حامل في شهرها التاني منعرفش عنها حاجة لحد النهاردة والدتها جالها شلل و ماتت من,2
"""الحياء والإيمان قرناء جميعا، فإذا رفع أحدهما رفع الآخر"" #جمعة_مباركة",2
عرض الاسبوع 44 ألف متابع #صباح_الخير #بعد_منتصف_الليل #صور_كنك_بنت #بوح #رتويت #أخر_الليل #الفتح #النصر [1476389],2
#زمكان - #مصر | مات من شوية عامل خبطه قطار عند مزلقان #صدفا فى #اسيوط,2
من أبطأ به عمله لم يُسرعْ به نَسَبُه #رواه_مسلم #الإسل…,2
للقضاء على الزحام ممكن يعملوا ترام ويلغوا تماماً ميكروباصات الأجرة ويوفروا اي عمل بديل لسائقي الميكروباص عشان ما يتقطعش عيشهم,2
7 بيقولك حديثة يعنى متركبلها,2
شاهد - آخر كلام: ضرب البنات و احتجازهن في الاتحادية #,2
اللهم لا تعلق قلبي بما ليس لي و اجعل لي فيما أحب نصيباً,2
#كلمه_بتتقال_في_البيت_كل_يوم وين امي ؟احد شافه,2
_ لم يحدث هذا كذب و افتراء,0
يجب أن ينفذ الرئيس وعده باجراء تغييرات في تشكيل اللجنة التاسيسية للدستور لتكون معبرة بحق عن كل أطياف المجتمع,1
العنف بمحاصرة مؤسسات السلطة القضائية وتعويق عملها لإخضاعها لإرادة الديكتاتور الذي يضع نفسه وجماعته فوق الدولة والسلطات والمؤسسات - مصر 2012,2
جدول دعمرو حمزاوي من يوم الجمعة 11نوفمبر حتى يوم الجمعة 18 نوفمبر,2
حبس عضوين #بالحرية_والعدالة #بالبحيرة 4 أيام لحوزتهما 6 طبنجات و3650 طلقة,2
تدوينة: شياطين النظام السابق وملائكة النظام الجديد,2
#زملكاوى انا و الفخر ليا,3
"#تقول_الأسطورة أن لما تكتب كده""""تبقى بتتكلم عادي،لكن لو كده""""تبقى من تحت درسك وعايز توصل حاجة تانية،لو كده""…",2
جانب من المشاركة النسائية في مسيرة #شبرا_الخيمة المناهضة للانقلاب اليوم,2
شاهد - نسمة طازجة من نسمات الجنوب العصي مصطفى رزق في آخر كلام #,2
يعني ممكن نقول كده بس في وقت تاني؟,2
بسمة أمل - العون من الله علي قدر النية قصة من التاريخ الإسلامي بطلها خالد بن الوليد حدثت عندما كان,2
"أشكر أهالى صان الحجر بالشرقية على استقابلهم الكريم لى وعلى عزومة البورى المشوى, وفي طريقي الان لالتقى بأهالى فاقوس في مؤتمر جماهري",3
جوارديولا يقترب من مانشستر سيتي,2
سيناء علي الخريطة اكبر علامة نصر في التاريخ #تحرير_سيناء,1
ما علاقة احترامي للبسطاء بذكر الحقيقة الاميون أهلنا نحترمهم لكنهم يصوتون على مواد لا يعرفون قراءتها هل نمجد الأمية ام نعترف انها معوقة,1
قليلٌ من يدومُ على الوداد فلا تَحفَل بقربٍ أو بعاد إذا كانَ التغيرُ في الليالي فكيفَ يدومُ وُدٌّ في فؤاد؟ #محمود سامي البار…,2
كورسيرا أكبر موقع عالمي يحتوى على مناهج جامعات عالمية هي الأفضل في تصنيف 2013! نتعاون معهم لتعريب المناهج، شاركونا! …,3
دي نسخة أوضح من المعصرة على بوابة الشروق وبإذن الله بكره يوم أجازتي هانزل لكم مساءا مقتطفات منها زي الأسبوع اللي فات,2
تصوري لخريطة الاقتصاد لمرحلة ما بعد الثلاثين من يونيو,2
د/ عبد المنعم أبو الفتوح : ليس هدفنا وصول شخص للرئاسة ولكن هدفنا عرض مشروعنا الحضاري لمصر والتفاف الناس حوله,2
#شاهد بالفيديو روسي يعلم طفله الصغير التدخين #منوعات #غرد_بصورة,2
دعلاء الأسواني: ماذا فعلت الولايات المتحدة مع السيد فوجيموري حين وضع نفسه فوق القانون ؟! >>,2
# | محكمة جنوب القاهرة ترفض استشكال مؤسس #البلاك_بلوك على حبسه 9 أشهر فى تحطيم نصب التحرير #مصر #,2
"""2016: راموس : انا قلب دفاع والعب بروح قتالية عالية #ريال_مدريد """,2
مبروك للصعيدى عبد الرحمن الابنودى الجيش اقتحم قرية دلجا بالدبابات والطائرات نوال تؤكد:مهمة سريعة لهدم الانفاق,2
#الببلاوى: #السيسى أدى دوره فى 30 يونيو وإذا لم يستكمله سيتحول الأمر إلى نكسة,2
| فيلم #ثوار #ورق# : #مصر # #مرسي_رئيسي #انتخبوا_العرص,1
شبكه اخبار #المحله | عاجل | تشديدات امنيه بمحيط مجمع محاكم المحلة الكبرى وجارى المتابعه لمعرفه التفاصيل,2
يجب ادخال المزيد من ممثلي التيار المدني كأعضاء لهم حق التصويت مع رفع نسبة الموافقة الى الثلثين حتى يصدر الدستور بشبه إجماع الاخوان يرفضون,2
الأسواني: كيف تعاملت الصحافة الأمريكية مع قضايا تحرش بعض القساوسة داخل الكنائس الأمريكية >> المقال كاملاً>> … …,2
#حفاية_بلاستك #كبدة_جاج #بيوستات #الدنيا_شوب #حبة #لاب_بروسثو #بطيخ #وسط_البلد #بطانية #هديه #ملعقة_خشب #كنباية #لمبة #زرا…,2
"#اليوم_السابع | أستاذ بـ""حقوق #القاهرة"": تشرفت بالتدريس للرئيس #عدلى_منصور",2
مقال علاء الاسواني الذي ينشر صباح غد بجريدة المصري اليوم,2
لا أحد يعلم أين عبود محمد الذى اعتدت عليه عناصر الأمن اعتداءًا غاشمًا فجر اليوم هل هكذا يعامل الانسان فى مصر بعد الثورة ؟,2
دأبو الفتوح : مدير كل مستشفى ومدرسة ومكتية ومؤسسة يجب أن يدرك ان الخدمة التى يقدمها للمواطني يجب أن يسهل حصول,2
علاء الاسواني يكتب: جملة اعتراضية هل يمثلون الاسلام أم يمثلون أنفسهم ؟!,2
اهالي الشرقيه قاموا بالواجب مع مراسله رجااااااااااالة,2
بالأرقام: أداء بنوك أبوظبي في الربع الأول - #الإمارات #بالعربي,2
""": إن كان عيد الأم في سلمهم يوم أنا عجوزي كل يومٍ لها عيد ! #عيد_الأم """,2
"الداخلية تشكر رسميا جمهور الاهلى والزمالك, سمعت بأذنى جمهور الزمالك يسب الداخلية بهتافات جماعية كالرعد بعد الفوز",2
يوم ما #السيسى هيكسب الانتخابات هعملها بروفايل واقوله #ارحل,0
بدء اﻻمتحانات الشفوية بـ #كلية_طيبة بـ #الأقصر,2
"حمزاوى يؤكد احترامه للشرائع السماوية وتأييده لـ""المدنية""",3
سي بي سي:تشييع جنازة العميد الشهيد أحمد زكي من #مسجد_الشرطة ب #العباسيةو #ابراهيم_محلب و وزير الداخلية يتقدمون الجنازة # #,2
أنظر إلي خريطة أفريقيا ستجدها مثلث له ٣ رؤوس هي مصر - المغرب و جنوب أفريقيا; هذه هي البوابات الثلاثة لأفريقيا أما,2
وشرف الأخت #صافيناز لانجح السنة دي :),2
#الأعلى_للجامعات يقرر السماح لقوات الأمن بالتواجد داخل #الجامعات لتأمين الامتحانات #محمد_ع,2
#عن يوم #حلو مع ناس بتحبهم عمرك ما هتقدر تنساة ツ,3
_ بيقولك #هيفاء هتعمل مسلسل ف رمضان #صافيناز هتعمل مسلسل ف رمضان اصوم انا #شعبان بقى,2
#انت #ليه #كل #كلمة #تحطها #فى #هاشتاج ؟,2
"مقال #عمرو_حمزاوي ""المذهبية المدمرة"" مسموعا من موقع #اقرأ_لي",2
"صدرت منذ قليل رواية الدكتور علاء الأسواني الجديدة ""نـــادي الـسـيـــارات "" تباع اليوم في مكتبات الشروق فقط وغداً بإذن الله في كل المكتبات",2
الأن #السادة_المحترمون مع #يوسف_الحسيني على # ضيف الحلقة محمود بدر …,2
شرحت فكرتي بصورة تفصيلية، المواثيق والعهود الدولية ملزمة لمصر وهي بالفعل دولية ومن ثم لمجال للحديث عن تدويل أو استقواء بالخارج,2
#مصطفى_حسني #الطريق_الى_الله ناو :),3
#اعتراف ما زلت احب سيريلاك بالقمح 😔,3
مجتش انت ليه ولا مقبلتش تضحى #شيرين,2
بوستر فيلم الشتا إاللي فات,2
إغلاق اللجان أمام الناخبين وتعطل حركة التصويت وتكدس الناخبين واستمرار الأخطاءالإدارية وغياب وضعف الإشراف القضائي وعمليات,2
البسوا يا بتوع 30 سونيا #ميدو,2
الليل هو بداية النهار والشتاء هو بداية الصيف والألم هو بداية الراحة#ابراهيم_الفقى,2
#اجمل #شروق #عالم #اخر #صباح_الجوري,2
شاهد - آخر كلام: أحداث ماسبيرو من يدفع الفاتورة # #,2
#اليوم_العالمي_للغة_العربية يفترض لها كل يوم وكل ساعة؟ لغة القرآن الذي نتلوه يوميا لغة التعليم المدرسي لغة العبادات لغة امة الخير,3
"#المصري_اليوم أنصار مرسي من قنوات ""الجزيرة"" إلى ""الشرق ورابعة"" (تقرير): منذ أحداث 30 يونيو و3 يوليو أت #مصر",2
أنظر إلي خريطة أفريقيا ستجدها مثلث له ٣ رؤوس هي مصر - المغرب و جنوب أفريقيا هذه هي البوابات الثلاثة لأفريقيا,2
انزلوا في مجطات المترو والشوارع في المانيا و امريكا و فرنسا ناس ملتحين بيوزعوا مصاحف،وناس بتدعوا للاسلام في الشارع ماحدش بيكلمهم,3
ننعي وفاة الأمير بدر بن عبدالعزيز آل سعود، شقيق الملك عبد الله بن عبد العزيز ملك المملكة العربية السعودية تغمده,2
الوطن | تجديد التبرؤ من مرض عضال! | عمرو حمزاوي:,2
دي بجد هي؟ انت متأكد؟,2
+ ثورة توحدنا #انتخبوا_العرص #ريتويت,1
عبد المنعم أبو الفتوح فى علمتنى الحياة الجزء الثانى,2
_ #اتجنن ولما تلاقي فى الامتحان سؤال مش عارف اجابته اكتب ( #انا_سعيد_إنك_سألتنى_السؤال_ده ) ~,2
فيما يلي مجموعة طويلة ومترابطة من التغريدات والتي ستنشر كاملة بالغد في مقالتي بجريدة الوطن أرجو الصبر على قرأتها، وأشكركم جميعا,2
بقلب القنوات لقيت عكاشه على الفراعين قام شاورلي من الشاشه وقالي ازيك ياهشام و شخط في عمال الإستوديو وقال اظبط الإضاءه,2
#نبض_رابعة | #متابعات تدهور الحالة الصحية للطالب عبدالرحمن بيومي- صيدلة #المنصورة المعتقل حالياً بسجن المنصورة …,2
يا شايلينكم على الاكتاف بننعي دمكم بهتاف و ندعلكم,2
عجبت لفصيل يدعي الاغلبية الكاسحة و يعكر صفوه برنامج اسبوعي لا يتعدى الساعةعايزين سلطة و معارضة تبقى معاهم,0
#الحقيقة_مباشر_مصر|#انقلاب_3يوليو جمعه مباركه صلوا على الحبيب,2
دأبو الفتوح للشباب والرياضة: فى حال نجاحى زوجتى ستستمر فى خدمة مصر فلا يوجد سيد أول حتى تكون هناك سيدة أولى,2
#وائل_جمعة: نمتلك الدافع الأكبر للفوز بمباراة العودة أمام الدفاع المغربي,2
بالمناسبة #موزمبيق واخيرآ صار عدهم فايبر 😂😂😂😂,2
بينامج يائع يا باسم أيجو أن تظهي في بينامجي قييباً :),2
#شهداء 25يناير ، #محمد_محمود ، #ماسبيرو ، #الاتحاديه ، #مجزره_بورسعيد حد فاكرهم طب ادعلهم بالرحمه,2
مجهود رائع لفريق القاهرة اليوم فى ميدان التحرير لجمع التوقيعات ايه اخبار باقى المحافظات عايزين نوصل ل40 الف توقيع سريعا,2
احبسونا و امنعونا #البعد عن #الاهلى محااااال,1
الأدمن: اتفرج على احلى مقاطع #امريكا_بالعربي حلقة 23,2
نتيجة الاستفتاء (ملف يحوي التحديثات):,2
تأكدوا أن التزام الرئيس بالقانون والحفاظ على استقلال القضاء وتدعيمه هو فى مصلحة الشعب قبل أى طرف آخر,3
تشغيل مشاريع ري الأراضي الزراعية بمنطقة أبو حمام في دير الزور #سوريا #ا…,2
بسمة أمل - الرسالة الأخيرة - أمك ثم أمك ثم أمك,2
"الدكتور عبد المنعم: ""إن لحم كتافنا من خير أبنا مصر البسطاء في الأحياء الفقيرة و على ضفوف الترع""",3
الشيخ صالح الفوزان يتحدث عن دولة الخلافة … : #في_الذكرى_التاسعة_نجدد_البيعة #سيد_قطب,2
هل الحروب الصليبية التى ارتكبت ابشع الجرائم باسم المسيحية تجعلنا نعادى كل المسيحيين في العالم أنا اعادى الأفعال السيئة ولا أعادى الديانات,0
خبر خاطئ على موقع اليوم السابع بأن الدكتور أبو الفتوح سيجري مناظرة مع أحد مرشحي الرئاسة و ليست هناك أية إتفاقات,2
مبدا تهجير الأقباط من منازلهم عند حدوث توتر طائفي جريمة إضافية في حق مواطنين مصريين صدقوا ان هناك دولة لا اصدق ان الشرطة عاجزة عن حمايتهم,0
تم الان طرد السيدة سحر ميخائيل ومنعها من الاستفتاء فى مركز قوص #قنا #الاستفتاء,2
احلى #ضحكة بالعالم 😍 #كارمن_سليمان #كارمن #محبوبة_العرب #ارب_ايدول #البوم #أخباري #اخباري…,3
#مصر_العربية |اقتصاد| السعر الرسمي للعملات العربية والأجنبية اليوم 21 ابريل 2014 م,2
د علاء الأسواني : من صاحب الفضل في نصر أكتوبر ؟ أقرأ المقال كاملاً على هذا الرابط:,2
محاسب كرداسة - #الجيزة,2
اعلام العار خيرى وباسم ولميس ركزوا سخريتهم ان مرسي نحس انهارده الاتقلاب ما بيفوتش وكل يوم مصيبة اكبر من الى قبله,0
هذا هو رأيي الشخصي أيضا,2
الأدمن: اتفرج على احلى مقاطع #امريكا_بالعربي حلقة 25,2
أحلام مصرية فى المسألة التركية فجأة ، إنفجرت و إنقلبت بعض الآراء المصرية ضد أردوغان 180 درجة ، فما هو السبب,2
في يوم الارض المجد كل المجد لمن يقاوم بامعائهه الخاوية #سامر_العيساوي #,3
من مشاكل تويتر هو الشعور بضرورة التعليق على أي حدث بشكل سريع حتى لو كان غير مكتمل التفاصيل، وكل واحد بيبني رأيه حسب انحيازاته واتجاهه الفكري,0
د علاء الاسواني: علام نص التقرير الذى اصدرته منظمة العفو الدولية عن اعتصامات الاخوان ؟! >,2
مفيش #ولد مش بيـבـب #البنات ، بس فيــہ #رآجل اقتنع أن #وآבـده بس #مگفيآه #اعقل_مجنونه,2
""": بالفيديو ابن مخرج #الفيلم_المسيء للرسول يشهر إسلامه على يد إمام الحرم المكي أوعوا يكون زي خبر أبوه اللي مات محروق 17مرة",2
في عهد مرسي تم قتل 134 مواطنا واعتقال 3400 مواطن مورس عليهم تعذيب بشع وهناك عشرون حالة اغتصاب للرجال لماذا لم تعترض امريكا على حليفها مرسي,0
لن ننساكِ يا سوريا تابعوا حلقة جديدة من حلقات سوريا في القلب ورسالة من شهيد حمص مصطفى عبود,2
ارشح نفسي لرئاسة #جمعية_الاقل_من1000_فولورز و اول قراراتي هو حلها لعدم الدستورية,2
#لو_بقيت_رئيس_جمهوريه هموت السيسى ومرسى وكل اللى هيجيب سيرتهم برضه,0
حرية التعبير لا تتضمن التحريض على العنف و الفتنة الطائفية بل هو خطاب كراهية,0
تعرف على أفكار ابو الاعلا المودودي وسيد قطب والتي بنيت عليها جماعة الإخوان #مصر #الإمارات #تونس #الأردن #اليمن #سوريا,2
"#مدونة_افتكاسات #رابعة #مرسي_رئيسي الاسلحة والذخيرة فى ميدان رابعة العدوية """,2
"إذا تتوقع إنتصار #تشيلسي اليوم ضد ليفربول "" ريتويت"" #ليفربول_تشيلسي",2
ماذا تغير؟ أسئلة إلى قيادات جماعة الإخوان المسلمين:,2
اعتصام عمال ''بلاتنيوم'' داخل ميناء السخنة #حاميها_حرميها #الجيزة,0
#نبض_رابعة | #البحيرة|مسيرة حاشدة لأهالي #دمنهور تلبية لدعوة تحالف دعم الشرعية احتشد أهالي مدينة دمنهور، مساء,2
لا أحد فوق القانون د عبد المنعم أبو الفتوح,2
حيطق عرق لعمرو أديب وهو يحاول ان يلمح ان ما يحصل في واشنطن شبيه بما يحصل في مصر,2
#اليوم_العالمي_للمرأة تخرج من بيتها في السطبلات في عز الشمس حتى لا احد يشاهدها وهي تاخذ الطعام من القمامة لابنائها …,2
كيف يحشد الرئيس مرسي الجماهير لاسقاط الاعلان الدستوري فيهتفون يسقط حكم العسكر ثم يشيد الرئيس اليوم بالدور الرائع للمجلس العسكريتناقض مؤسف,0
هههههخخههههههه #انتخبوا_البرص #يا_رب,0
المضحك في الموضوع إن أنا عمري ماتخيلت اني أخش الاتحادية،غير ااني أقف عالسورأتظاهر #يوسف_الحسيني #الس…,2
تقرير ناري #الجزيرة تفضح علاقة #وزير #الداخلية بالبلطجي صبري نخنوع _,0
الاحد القادم دورة مجانية - طريقك الآمن للاختبارات #الشرقية #السعودية _,2
الدين الداخلي في مصر يمثل كارثة وليس الدين الخارجي #السادة_المحترمون,0
دستور لا يمر بموافقة ثلثين الشعب على الأقل وفقط بالأغلبية المطلقة يبشر بإنقسام الوطن والإطاحة بالإستقرار ولن يعمر,3
رحم الله سامر سليمان، كان مصريا مخلصا لقيم المواطنة والديمقراطية وأستاذا متميزا للاقتصاد السياسي، رحمه الله,3
انت الملك والمملكه والقبيله #الملك عبدالله شقيق شعبه,2
قناعي لم يسقط، أنت الذي تخيلت وجوده,2
#لما_أموت نفسي ربنا يغفرلي,2
""": #مرتضى_منصور: رفض ""#ميدو"" قراري بمعاقبة عمر جابر يعني بدء ""صدام مبكر"" أو بدء معاش مبكر ها ها ها",2
#البنوك تقرض #الحكومة 5 مليارات جنيه لسد عجز الموازنة اليوم || لمزيد من التفاصيل على الرابط,2
#محمود_سعد اعلامي قذر بعد اذاعة فيديو خيانة #حمدين قال لم اسمعه جيدا ولم يعلق عليه لانه ليس اعلامي بل افاق ومنافق حقير 4,0
سلام السودان واستقراره شمالا وجنوبا ومنع العبث بأمنه واجب مصري,2
أنا ماشي ياشباب كان نفسي أنزل لكم الترجمة الفورية للخطبة الرئاسية ورسومات المبدع عمرو سليم بس ممكن تشوفوها في الينك ده,2
الوطن | دليل المصرية فى الانتخابات الرئاسية | عمرو حمزاوي:,2
_ _ طلع هزار الحمد لله :),2
في كل يوم لي موعد مع أحبتي حروف اليوم #خير_الجوف #الجوف #سكاكا #سكاكا_الجوف #تواصل #واتساب #درر #راقت_لي …,2
== #زب #سالب #مخانيث #زواج #بزاز #دلوعة #أسوان #تونس,2
حكمة الويك إند: الكلام لا يطعم الفم :,2
#دعوة_الصائم_لاترد #غرد_بالخير اللهم حبب إلى بنات المسلمين الحجاب الذى يرضيك اللهم آمين,2
#البرنامج - لينا شماميان - موال ارتجال/ لما بدي يتثني,2
بسام الحمرا بتاع حزب النور بيراهن ان يوم 30 مش هيحصل حاجه وانه عداوه على الاسلام !! افضحوهم #حزب_النور,0
1 قبل ٣٠ يونيو وخلال الأيام الماضية سجلت أكثر من مرة أن الإخوان وحلفائهم في اليمين الديني سيرفعون من الأسهم المجتمعية لدعاة رفضهم الصريح,2
لا يعني ضغط الجدول الزمني لنقل السلطة إخراج القوات المسلحة من معادلة الدولة المصرية،,2
شاهد - آخر كلام: لا تزال دماء نحو ألف شهيد ساخنة على الأرصفة #,2
#نجع_حمادي مسجد السيبل أقدم مساجد بهجورة صورة: صفاء ربيع #النجعاوية #ولاد_البلد #قنا,2
انفولو بلال مرشح الكنيسة و نصير دولة الفقيه ايوه الاتنين مع بعض,0
#عن انك تصاحب باباك ومامتك وتحكيلهم عن كل حاجة من غير ما تخاف منهم لانك واثق انهم هيساعدوك,3
رسالة إلى الشعب المصرى العظيم فى 30 يونيو,2
"""ندوة سياسية بعنوان "" البرنامج الانتخابي لعمرو حمزاوي """" , 23 7:00 10:00",2
يا ريت !,2
كيزاد أفضل منصة لتأسيس الأعمال في المنطقة  #الإمارات #بالعربي,3
أهي صهيونية وتدعم #حماس وتُعمّر #غزة بذات الوقت؟ أتريد تدمير الأمة فتقف ضد الانقلاب على من احتفلت #اسرائيل بعزله؟ أكل ت…,0
حتّى المحاريبُ تبكي وهي جامدةٌ حتى المنابرُ ترثي وهي عـيدانُ! * #ذكرى_سقوط_الأندلس,2
إيه حكاية منصب المرشد أعلى من مستوايات رئيس الجمهورية دي؟ هو المرشد كام دور يعني؟ ولا قصده في انهي فيديو جيم يعني,2
#اللهم بارك لنا في رجب و شعبان و بلغنا #رمضان لا فاقدين ولا مفقودين #اللهم آمين,2
"مين جاي مؤتمر بكره؟ "": مؤتمر الدفاع عن الدستور يستعرض المؤتمر آخر مستجدات وتطورات عملية وضع الدستور وتبعاتها """,2
#ﻓﻮﻟﻮﺭﺯ_ﺍﺳﻼﻣﻮﻓﻴﺘﺶ_ﺑﻴﻌﻤﻠﻮﺍ_ﻟﺒﻌﺾ_ﻓﻮﻟﻮ #ﻓﻮﻟﻮﺭﺯ_ﻋﻔﺮﻛﻮﺵ_ﺑﻴﻌﻤﻠﻮ_ﻓﻮﻟﻮ_ﻟﺒﻌﺾ #ﺍﻟﻤﺪﺭﻳﺪﺳﺘﺎ_ﺑﻴﻌﻤﻠﻮﺍ_ﻓﻮﻟﻮ_لبعض,2
"بالصور- إمرأة ""مفخّخة"" تجوب شوارع #بيروت """,2
"هذه هي الأيام التي تجعلك تبدأ في التفكير بجدية فيما قاله نيتشه ""عندما تحارب الوحوش إحذر ألا تتحول إلى وحش""اللهم لا تفقدنا إنسانيتنا أبدا",0
قال رسول الله صلى الله عليه وسلم (سيأتي على الناس زمان القابض فيه على دينه كالقابض على الجمر) #بكفي_حصار #اضبطوا_شركاء_المخلوع #اليمن #مصر,0
#غرد_بصوره #تصوير #تصميمي #مطر #جونا_خقه أتمنى يعجبكم وهلون،،،😗,2
الحضيف الجبان يرتوت لتغريدة يتهم فيها الملك عبدالله بالإرهاب ثم يقوم بحذفها !! #رتويت #الارهاب,0
بخصوص سد النهضة: تمتنع المزايدة دون معلومات، مع التأكيد على أن تدفقات مياه النيل مصلحة مصرية عليا لا يمكن التفريط بها,2
كيف يقتل اللواء فراج وسط زملائه فى كرداسة برصاصة من 10 امتار دون القبض على القاتل او حتى مطاردته!!,2
يقبض انصار الاسلام السياسي أموالا مجهولة المصدر ثم يشترون بها الأصوات وعندما ينتقدهم احد يفتحون عليه صفيحة قمامة شتائم يعنى دجل وقلة أدب,0
وهذا ماقلته اليوم مع محمود سعد لمن أراد أن يدرك حقيقة أكذوبة الإستقرار الذي يروجون لهتصبحوا على خير,0
": ﷽ قال تعالى: { إنا أنزلناه قرأناً عربيا لعلكم تعقلون } #اليوم_العالمي_للغة_العربية #اللغة_تنبض_بالحياة #بالعربي""",2
#مشاهير ستصاب بالذهول عندما تشاهدوالدته #صافيناز وكمان شوف شرطها الوحيد علشان#صافينازتشتغل راقصه شاهد الصورعلىالرابط,2
بيان لبعض الشخصيات العامةمنهم #ممدوح_حمزة و #سكينة_فؤاد و #فريدة_الشوباشي و #خالد_يوسف و #محمد_غنيم يطالبون فيه الرئيس بالإفرا…,2
#إبراهيم_محلب رئيس الوزراء:عودة #مصر إلى الاتحاد الإفريقي باتت وشيكةورفع تجميد العضوية خلال القمة الإفريقية المقبلة #مصر_نيوز,2
#برنامج_البرنامج ههههااااااااححححح وتوئف موه تانيه مش عاوف عملت إيه والله لا اقوقوكم في المحاكم,2
بدون عنصرية ولا مبالغة ضاحي فقد كثيراً من مكانتة عند الإماراتيين ناهيك عن باقي الخليج،بعد أزمة #سحب_السفراء_من_قطر,2
#انتخبوا_العرص المفوضية الأفريقية تقبل دعوى ترفض أحكام إعدام بمصر #مصر,0
""": خريطة مسيرات القوى الثورية والسياسية إلى #الاتحادية غدًا """,2
"#الشاهد — #أمين الفتوى السابق #بالأزهر: ظهور إمام ""#عمر_مكرم"" مع #إلهام_شاهين إساءة للأئمة لمشاهدة التفاصيل على",2
مين تزويره أكثر: صناديق إستفاء 2012 ولا صناديق إنتخابات مجلس الشعب 2010؟,2
"الحلقة الاولى :""كلمة اخيرة و ختام الحلقة""",2
يستحقّ القراءة #تحولاتي_الفكرية_الأخيرة,2
اعداد الطلاب المعتقلين اليوم فاق اعداد الطلاب الذين دخلوا الى المحاضرات العام الدراسي سيكون فى الشوارع حتى سقوط الانقلاب,2
ماتقلقش من #الظروف ؛اصل انت والظروف فى ايد #ربنا ولا يكلف الله نفسا إلا وسعها :) #اطمن ♡ #,2
مبرووووك ل#سواريز فاز بجائزة #أوسكار بعد آدائه الرائع في عدت #أفلام !,3
_ شهادة عظيمة للأخوان من ثاني أحقر رجل بالعالم بعد بوش الأبن #إنصاف_الإخوان,1
في دلجة بيتم توقيع جزية على الأقباط وكأن مفيش دولة #يوسف_الحسينى #الساده_المحترمون,2
1 #ضياء_رشوان هو واحد من أسوأ من تولى #نقابة_الصحفيين تآمر مبكرا مع #العسكر ومهد لهم الأجواء الإعلامية ل #الإنقلاب وشارك في قتل…,0
تصويت جماعي وتوجيه ناخبين وغياب القضاة ومنع أقباط من التصويت,2
يا نوجة فينك ؟! :),2
2014 #اوعى_تنسى,2
الملك عبدالله: اسرائيل وايران لايستحقان التواجد #السعودية # #الشرقية #8 #جدة #بريدة # #بريدة #الدمام,2
"حـازم إمـام: جمـاهير الأهـلى ""بتــفهم كـورة""",3
الصفحة الرسمية والوحيدة للدكتور علاء الأسواني على الفيس بوك هي >>>>,2
تعلم التوازن فى الحياة أربع دقائق,2
⊙ لأول مرة في تشيلسي تتحقق جائزة أفضل لاعب شاب بالموسم منذُ أن فاز تيري بـ لاعب الموسم عام 2005  #تشيلسي ٰ …,2
# #تصبحون_على_وطن #وقت_النوم #غداً_نلتقي #تدوين #مفيد,2
في ناس واقفة بشوم عند الشوارع المؤدية للتحرير بتوقف الناس بشكل عشوائي وقفوا العربية ال قدامي واتجمهروا عليها بدون داع …,0
إستمرار الحراك الطلابي بـ #جامعة_المنصورة #مفيش_عساكر_يحكمونا,0
يسقط إعلان مرسي الديكتاتوري,0
الحلقة 27 - الجزء الأول - الزغلول الكبير,2
اذا كان خلاف د ابو الفتوح مع الاخوان شخصيا فهو قابل للحل اذا نجحت محاولات الصلح وهو قد يتصالح معهم وهو رئيس في اى لحظة ويعود لصف الاخوان,2
7 مبدئيا عشان نتفق مافيش أحلى من سمك مصر بشكل عاموالله السمك في نيويورك ولا بريطانيا ولا تركيا ماليه لازمة جنب سمكناعاش سمكنا,3
#اتنين مقدرش ابدا افوت حلقة من برامجهم مهما كان السبب #ابراهيم_عيسى و #امانى_الخياط,2
انتهى الان لقاء د أبو الفتوح مع الاعلامي ابراهيم حجازي على قناة النهار,2
كلام الشيخ حسان لمنع فض اعتصام رابعة بالقوة جميل لكن لماذا لم نسمع صوته عندما سقط 134 شهيدا في عهد مرسي هل حرمة الدم عند الشيخ تتفاوت,2
انتى عايشه فى مسرحيه عاوزانى اكون كومبارس فى الخلفيه #كاريوكي,0
أو ممكن يكون صباعين في بعض,2
قمة المسخره #الببلاوى بيقول انا ليا ملاحظات على قانون التظاهر :) ياعم هو انا اللى مطلعه ؟!,0
من يشكك في عودة مرسي هو يشكك في وجود الله # #,2
لا ياعم هينفعوني بإيه الفولورز الأكتر لما أحس إني فتى أحلام الشيخ بظر,2
انا اللي بالأمر المحال اغتوي شوفت القمر نطيت لفوق في الهوي طولته ما طولتوش ايه انا يهمني و ليه ما دام بالنشوة قلبي ارتوي #صلاح_جاهين,2
في ناس بنشوفها بالالوان وناس جواها مش بيبان وناس اسود وناس ابيض وناس محتاجه بس امان #صلاح_جاهين,1
هو مستفز لي مع اني رحت الحرم تلات مرات الحمد لله و ليس فقط لمن لم يذهب يا استاذي العزيز,1
اهلا يا اسماءبلغتني رسالتك ويمكنك الاتصال في اي وقت,2
للأمانة الفيديواللى انتشر مش من أعتصام رابعة الفيديو من سيناء حسب الوصف اللى مع الفيديو ونازل من 3 أسابيع …,1
لا للصدام بين الشعب والجيش ولا لاستخدام العنف ضد المتظاهرين سلميا وحدة الصف الآن هى أهم ضمانة لاستكمال أهداف الثورة ومسيرتها,0
#جمال #خيال #حقيقه #جميل #درر #حكم #أعجبني #حكمه #بقلمي #شوق #بوح #شعر #قصيد #رتويت خمس الاف متابع بـ 200 ريال 132,3
الوطن | فى تهافت خطاب التآمر وحديث المؤامرات! | عمرو حمزاوي:,2
أفضل ممثل لثورتنا#30_يونيو هو قائدهاسيادةالمشير علشان كده #السيسي_رئيسي_2014 #سأنتخب_السيسى_و_مش_هنزل_لمستواك,3
لابد من حملة إنتخابية على الارض تتواصل مع الناخبين والناخبات ولا تعتمد فقط على الصحافة والتليفزيون,1
"""2016: بنزيما : علينا تقديم 120% طيلة المباراة للفوز بها #ريال_مدريد """,2
صورة لملعب #برشلونة يوم امس وهو ممتلئ بالورود حزنا على وفاة مدرب الفريق السابق تيتو فيلانوفا,2
"عباس يصف المحرقة ب""ابشع جريمة"" في العصر الحديث ويدعو اسرائيل لتحقيق السلام #افب #عباس #اسرائيل #المحرقة",0
#اسكندرية : صلاة المغرب يا إسكندرانية الفيس مش هيطير,2
#دعوة_الصائم_لاترد يا رب عنا علي انفسنا يا رب و اغفر لنا يا رب فانت اهل الرحمه و المغفره يا رب,3
الفرق بين مليونية اليوم ومليونية غيرها ، إن المحلات كانت فاتحة وبتبيع وتكسب فى محيط رابعة العدوية ، بخلاف المحلات,1
#اللهم أرحم من رحلو عنآ دون #ودآع :(,2
#بيع_متابعين #زيادة_المتابعين #تابعني_اتابعك #السعودية #الهلال #النصر #الاتحاد #الأهلي #الأتفاق #الشباب [90332],1
جمهورية #شبرا_الخيمة :),3
البوابة نيوز: وزيرة #الإعلام تصدر حركة ترقيات جديدة داخل قطاع المتخصصة: مصر #ماسبيرو,2
اعلام العار ساند منتخب مصر فى غانا لينسب الفوز لسيسي فخسرنا بالستة وتجاهل الاهلى كرها فى ابو تريكه ففزنا بكاس,0
طلاب الجامعات يهاجمون وزير التعليم العالي بسبب الضبطية القضائية لأمن الجامعة,2
البوابة نيوز: #دومينيك حوراني تستعد لجولة سياحية بتركيا وبلغاريا:,2
"الإسلام شيء غير هذا المعنى الذي أراد خصومه أن يحصروه فيه, الإسلام عقيدة وعبادة ووطن وجنسية وسماحة وقوة وخلق ومادة وثقافة",3
ننعي الي الانسانية رمزا متألقا للنضال في سبيل الحرية والنهضة والكرامة الانسانية القائدوالمجاهدوالمفكر العربي احمد بن بيللا زعيم ثورة الجزائر,3
ﻟﻴﻪ ﺍﻟﺒﻨﺖ ﺍﻟﻠﻰ #ﺗﺤﺐ ﻓﻰ ﻣﺠﺘﻤﻌﻨﺂ ﺑﻴﻌﺎﻣﻠﻮﻫﺎ ﺍﻧﻬﺎ ﻋﻤﻠﺖ #ﺟﺮﻳﻤﻪ ﻭﺑﺘﺒﻘﺎ ﺑﻨﺖ ﻣﺶ #ﻣﺤﺘﺮﻣﻪ ; :: #حوكا,0
1 123 اعمل حلقة على ما لم يحدث ؟!!! ان كنت انت ترى ذلك فلتكتب و تتحدث في ذلك و آتنا بالأدلة,2
"ﺗﺄﺟﻴﻞ #ﻣﺤﺎﻛﻤﺔ_ﻣﺮﺳﻲ ﻓﻲ ""ﺍﻟﺘﺨﺎﺑﺮ "" ﻟـ28 ﺇﺑﺮﻳﻞ ﻣﻊ ﺣﻈﺮ ﺍﻟﻨﺸﺮ ﻓﻲ ﺍﻟﻘﻀﻴﺔ #",2
كل من ينزل مظاهرة بسلاح أيا كان انتماءه السياسي هو مشروع قاتل يجب محاكمته,0
صدور قانون تشكيل الأحزاب دون أي حوار ونفس الحال بـالنسبة لقانون مباشرة الحياة السياسية يقلص مضمون أي حوار وطني ويفقده جانب كبير من مصداقيته,0
الهدوء يدفعك الى السكينة،والسكينة تقودك للتأمل،والتأمل ينير لك الطريق الى الحكمة،ما أحوجنا للهدوء #مصر # #لبنان #السعودية #الإمارات,2
"#اعترافات_الطفولة كنت اصوت حق بشار الشطي من فون ابوي كل ما يطلع نومينيه 😂😂""",2
د علاء الأسواني: هل نذكر معاً المطالب التي خرج من أجلها الملايين ؟! أقرأ المقال كاملاً على هذا الرابظ:,0
#انسى_نفسي_اذا سمعت ها الاغنيه 😍😍  #غلطت_م_الأول_رنا_سماحه,2
غير صحيح وموقفي الرافض سجل في أكثر من مقال بجريدة الوطن وبتصريحات لصحف أخرى من بينها اليوم السابع لكن حق التظاهر السلمي مكفول دوما,1
#النيابة تعاين سيارتين ملاكي أحرقهما مجهولين أمام مدرسة بـ #المحلة_الكبرى,2
يستضيفنى الليلة برنامج نادى العاصمة فى تمام الساعة 12 على القناة الفضائية المصرية,2
للاتصال بحملة دعم حمدين صباحى 0105064942 - 0103424388 - 0109333999 _,2
ياقلب بشويش بشويش على العين ماعد اشوف قدامي  كل ماطرا على الزين ماعدا انا تشل اقدامي  #عبدالمجيد,2
الانقلاب يقتل السوريين في البحر قبل ان يدخل على الفلسطينيين من الجو المصريون ذاقوا كل الاصناف,0
"قريبا الحملة الجديدة لثورة الانترنت , إحذروا غضب الشباب #ثورة_الانترنت #اقالة_وزير_الاتصالات #مكملين #أعرف_حقك #ستنتصر_ثورة_الانترنت",2
اخبار اليوم تحاور عمرو حمزاوي:,2
محلل يطالب بالقبض على السعوديين بأمريكا وقتلهم ##العراق #الدمام #الاردن #فلسطين #الاحساء المغرب #,2
كفاية عندك التايملاين ولو لسه مش فاهم يبقى مش مشكلتي حتى الآن كل الردود اللي بتحاول اما سخافة او قلة أدب او محاولة من واحد مش فاهم لغة,0
منع الإبعاث للتخصصات السواليفية إلي موجودة ف #موزمبيق #قرار_تنتظر_يصدر,2
نحن وغيرنا ننتظر من الاخوان الكثير، ننتظر ان يغيروا الصورة الذهنية المأخوذة عنهم فى الفترة الأخيرة، ننتظر ايادى ممدودة يتبع,1
ركن لمؤلفات على الصلابي التاريخية,2
"#ولاد_البلد #المنصورة مباحث #دمياط تضبط "" هاني الديسكو"" وبحوزته 55 كيلو بانجو و200 جرام هيروين",2
د جابر جاد نصار استاذ القانون الدستوري جامعة القاهرة ضيف #يوسف_الحسيني الآن في #السادة_المحترمون,2
كل العار الذي عشناه من سنين طويلة يتلخص في هذا الفيديو,0
ع #الواتساب انا اتعرض لهجوم و ضغط نفسي 😢,2
_911 شارع النزهة 147 من 9 صباحا إلى 6 مساءا تحياتي,2
حين يكافئ من تفوه بعبارات كراهية وعنصرية ضد المسيحيين بتعيينه في لجنة الدستور و حين يخرج من مزق الانجيل بكفالة فلا تندهش مما يحدث الان,0
اليوم ال98 لإضراب #عبدالله_الشامي عن الطعام #الحرية_لعبدالله_الشامي #معركة_الأمعاء_الخاوية #أنا_مش_رقم #الحرية_للجدعان #,2
قدم الفراعنة للعالم ثلثي الاثار الموجودة حاليا واليوم يقدم شعب مصر العظيم للعالم حضارة من نوع جديد الصمود واشارة رابعة,2
عرض الاسبوع هاشتاقات نشطة #في_الحياة_ياصديقي #غرد_بطولك #الشعب_يقول_كلمته #زودن_على_جكرها,2
من المؤسف ان يتراجع الرئيس عن وعوده لقد وعد الرئيس مرسي المصريين بإصلاح تشكيل لجنة الدستور وهاهو يتراجع عن وعده وينقض العهد شيء معيب,0
#تفه_واحده_مش_كفايه علي اللي كان بيقول الكهرباء بتروح لغزه ودلوقتي ساكت وبقي عزه,2
#الجامعات العامة فى #النرويج تسمح للطلاب من أي مكان في #العالم بالدراسة فيها #مجاناً !,2
#عاجل #الرياض #مكة #خواطر #غرد_بصورة #غرد_بصوره #دبي #غرد_بذكر_الله [31475935],2
لتحالف الوطني لدعم الشرعيه بالقاهره نقاط الانطلاق 1 مسجد صهيب الرومي الشرابية 2 مسجد التقوى شبرا الخيمة (كوبرى …,2
نفاق الجموع من آفات مجتمعاتنا فالكثير يعبرون عن مواقفهم في جلساتهم الخاصة ومكالمات الهاتف بينما ينافقون الجماهير في العلن خوفا على شعبيتهم!,0
"#الشروق | #مصر فى المركز الأخير ""عالميًا"" فى جودة المدارس وكفاءة التعليم الأساسى # #…",2
"دة هو ""بورشور الحملة""",2
كيف لإنسان في كامل قواه العقلية أن يقدم نفسه للشهادة من أجل واحد بهطالة مرسي؟,0
ورضيت أعيشلك انت يا حبيبي كفايه ان انت حبيبي #عمرو_دياب,3
برومو حلقة (بائع الليمون) - ثاني حلقات الأنيميشن من برنامج بسمة أمل انتظروا الحلقة الساعة 7 مساء الخميس,0
رفض دعاوى وقف انتخابات نادي قضاة #مصر,2
الصفحه الرسميه لمغني #الراب المصري #كاريوكي [[99]],2
د علاء الأسواني: ما سر لهوجة المجلس العسكري السابق ؟! أقرأ المقال كاملاً على هذا الرابظ : … …,2
منهج الانقلاب قتل وقمع وسجن اى معارض اعلام فاسد وقضاء مسيس ارتفاع للاسعار واقتصاد ينهار عزلة دولية وشحاتة خليجية,0
كل عام وكل طلاب العلم بخير كل عام وأهل طلاب العلم بخير أتمني لكم عاماً دراسياً ناجحاً مليئاً بالعمل والأمل,2
الان #عبد_الرحيم_على يكشف عن أخطر تسريب لـ #البرادعى و #العليمى وشكرى تابعووووووووووونا على قناة القاهرة والناس …,2
#غزة_تحت_القصف أنباء غير مؤكدة بعد ،، أصابة عدد من جنود الاحتلال بجروح بعد استهداف درويتهم من قبل المقاومة شرق #غزة قبل قليل,2
مش محتاج تروح #رمسيس علشان تخلص ورقك الخدمات ممكن تخلص من نادى #أكتوبر,2
كلمة د عبد المنعم أبو الفتوح فى ندوة سمعنا صوتك,2
#المملكة #جدة #جده #الرياض #الدمام #الخبر #ينبع #الشرقية #مكة #المدينة_المنورة #السعودية 7 #1فاضي,2
#السعودية #الرياض #مكة #المدينة #الدرعية صورة من الماضي الجميل لشيخ علي الطنطاوي رحمة الله في شهر رمضان بعد الافطا,1
"استعدادا للمباراة """,2
ما تفعله قناة الجزيرة هو إعلان حرب على مصر و لا يمكن السكوت عليه !,0
رجُولتكَ وهَبتني أُنوثّه مُختَلفَه ، مَ اَجمَلني بِكَ ! #صباحي,3
62 سي بي سي:جنايات #شبرا_الخيمة تقضي بمعاقبة سارقي سيارة القيادي الإخواني #محمد_البلتاجي بالسجن 10سنوات مع الشغل ههههههههه #,1
"موسوعة "" مسائل الجمهور "" في الفقه",2
_ أسد فالبرلمان ياسيادة النائبوالحق معاك عمره مايضيعاحنا وراك من مصرى مغترب فالكويتعضو حزب الوسط,2
93 ياخوخ في رمان في لوز فـي تـوت #في زبد فـي ديبـاج دونـــه قـزازه الحق عليّ #قدني من الشوق باموت #وان مالحقت الحق صل…,2
#مؤيدين_مصر_القوية_بيضيفوا_بعض انا #مصر_القوية و افتخر,2
#اتجوزها_لو راحت ستب او مويك # #__,2
رجل أكرمه الله بمصاهرة أكرم خلقه مرتين زهد في أمواله وتجارته طمعاً في مرضاة الله كانت الملائكة تستحي منه #عثمان_بن_عفان,3
7 هو المثل بيتقال في إسكندرية بطريقة تانية بس بتخالف شرع الله فمش هينفع أقولها,2
الاعلام لا مظاهرات صور القنوات مصر خالية وهادئة الطرطور مصر تدفع ثمنا باهظا بسبب المظاهرات مين الكذاب كلهم,0
هد دايرة و بنلف فيها ، الداخلية مش عايزة بقي في اولتراس فاخترعت مذبخة بورسعيد فالناس تموت فالجمهور يتمنع من الماتشات #الكورة_للجماهير,0
100 ألف متابع #الكويت #الامارات #دبي #مصر #البحرين #المنامه #السعوديه #الرياض #سوريا #عمان #قطر #الدوحة [1785725],2
مرة أخري ولكي لا نحبط، انتخاب رئيس بالإعلان الدستوري المبتسر يحمل معه بذرة الخلاف بين السلطات دستور ديمقراطي جديد هو مفتاح مصر المستقبل,1
مشاكل العمال تتفاقم ضرورة حوار ثلاثى عاجل بين الحكومة وأصحاب الأعمال و النقابات العمالية لوضع إطار متوازن يحفز الإنتاج ويضمن حقوق العمال,1
_6666 انا ادعوا دائماً بالرحمة للجميع و لا يعجبني اداء وزير الداخلية خاصة انه موجود من ايام الاخوان المجرمين و لا توجد لديه رؤية,1
ارجو النشر للاهمية,2
منتصر الزيات: سأنتخب عبدالمنعم أبو الفتوح إذا ترشح لانتخابات الرئاسة،,2
كان صلى الله عليه وسلم يحب الطيب والرائحة الحسنة وكان لا يسلك طريقاً فيتبعه أحد إلا عرف أنه قد سلكه من طيب عرفه #نشر_سيرته #,3
هل نحن في حاجة إلى إحترام القانون أم إلى إحترام الحق؟ سؤال قديم متجدد من أيام الثورة الأمريكية,2
""" #كاف "" يدعو "" #شحاتة و #ابو_تريكة"" لحضور قرعة #كاس_الامم و #ابطال_افريقيا #مصر #الزمالك",2
"يوسف الحسيني يستضيفني الليلة في ""السادة المحترمون"" نظريا برضه يعني ممكن أموت قبلها أو اتعطل في كمين ،أو أي? حاجة متفائل…",2
علشان الورد الي فتح في جنائن مصر مع باسم #ثورة_25_يناير #باسم_رئيسا_لمصر #انتخبوا_العرص,1
إنسان أيا إنسان ما أجهلك ما اتفهك في الكون وما أضألك شمس وقمر وسدوم وملايين نجوم وفاكرها يا موهوم مخلوقة لك عجبي! #صلاح_جاهين,0
كلامي لا يخص شرعية مواجهة القذافي كلامي يخص من توقعوا أن أستمر في حواري مع ضيف الاستوديو في موضوع آخر وكأن شيئا لم يكن,2
الدكتور كمال الهلباوي يدعم أبوالفتوح,2
مافيش شخصية بيهاجمها الإخوان دلوقتي إلا ورئيسهم ليه فيديو بيمدح فيها حتى الزند وعكاشةالعدو الأول لمرسي بعد نفسه وخيرت هو اليوتيوب حفظه الله,1
#سوريا # #حمص استهداف معاقل قوات النظام و شبيحته في حيي الزهراء و العباسية بصواريخ الغراد نصرة لإخواننا و …,2
_ ولغايه ماتبنوا الكنايس جوامعنا وبيوتنا وقلوبنا وعيوننا مفتوحه ليكوا تنوروها وتنورونا,3
#الوطن | محمد منصر لاعب #الصفاقسي ينفي خلافه مع أمير سعيود #اخبار_رياضية #,2
ألف صورة لألف شهيد من شهداء مجازر الانقلاب الدموي في #رابعة و #النهضة و #رمسيس و #الدقي …,0
ل لم يصمد عامين وكتبوا بعده وثيقة الحقوق واستفتي عليها وأقرت ب75? من الولايات رجاء التحري لأنك واضح إنك تسمع ولا تقرأ,2
هذا ما كسبتم لأنفسكم! اقرأ المقال كاملا على موقع #الشروق,2
هاتفيا حمدين صباحي مؤسس التيار الشعبي #السادة_المحترمون,2
أطالب بالتحقيق مع الدكتور محمد مرسي بتهمة إهانة فكرة رئاسة الجمهورية,0
كل الإنتقادات الجادة لمسودة الدستور في هذه المدونة,2
#اوسكار #المونديال أوسكار يحارب الإصابة ويسارع الزمن قبل المونديال,2
اعتذار سي بي سي عن حلقة الشيطان الاراجوز جزء من التمثيلية لاظهار أنها شملت مساسا بسيسي او الانقلاب لا تصدقوا,0
ولو خيرت في وطن لقلت هواك أوطاني ولو أنساك يا عمري حنايا القلب تنساني إذا ما ضعت في درب ففي عينيك عنواني #فاروق جويدة,2
الحد الأدنى والأقصى للأجور والكادر الطبى الجديد وعودة بورسعيد مدينة حرة ثلاث مشروعات قوانين,2
#الكويت #السعوديه #البحرين #قطر #ا?مارات #عمان #العراق #مصر #تونس #الجزائر #المغرب #ا?ردن #السودان #لبنان 21,2
مصر دولة بنت ناس بس الزمن معاكس #المادة_لاولى,1
مهزلة اتهام هيثم محمدين بقلب النظم الاجتماعية للدولة !! #مصر,0
#كان_ياما_كان 😆,2
الوسط الحقيقي في السياسة المصرية يتبنى المطالبة بنقل السلطة من المجلس الاعلى للقوات المسلحة الى هيئات تشريعية وتنفيذية منتخبة,2
تشيلسي سيدخل تدريب صباحي اليوم بتواجد هازارد و ايتو ولويز وراميريز بعد غيابهم بالامس ولم يتبين دخول تيري للتدريبات #تش…,2
علم ابنك القرآن وسوف يعلمه القرآن كل شي #علموا_أولادكم #علم,3
مشكلة من يقفون في الوسط محاولين الانتقاد دون تعصب والثناء دون تزلف هي أنهم الأكثر عٌرضة للهجوم ممّن هم مؤيدون ومعارضون على طول الخط,1
توثيق مذبحة الحرس الجمهور، أكثر من 34 فيديو,2
#النور_قطع في #الهرم الصف اليمين كله من أول النفق لحد بعد قسم الطالبية #الاستقرار_ملي_الشوال,2
#انتخبوا_البرص,0
وجود #ميدو في مركز المدير الفني قادر انه يخليك مطمن علي #الزمالك لأنه مدير فني بعقليه المشجع خايف علي الزمالك و …,2
# أفضل عشرة مواقع #تبادل_رتويت #لايكات و #متابعين مجاني …,2
بسمة أمل - كن من المتقين,2
حزب مصر الحرية عضو في تحالف الثورة مستمرة,2
#شخص_تتمنى_له_عاما_سعيدا_2014 _____ 7_ 20,2
الوطن | كتائب الرئيس مرسى | عمرو حمزاوي:,2
مسحوا جرافيتى محمد محمود مسحوا حكاية ابطال ثورة يناير للاسف منهم اغبياء وجهلاء ايدوا 30يونيو,0
#الفيفا يشيد بملعب #الجوهره ويصفه بثاني افضل ملعب بالعالم وارامكو أذهلت #بلاتر #افتتاح_ملعب_الملك_عبدالله,3
شبكة العملاق | رصد| طلاب جامعة #الأزهر بـ #المنصورة يُحمِّلون شيخ #الأزهر #25 #11 #,2
كل عام و أنتم بخير، تقبل الله منا و منكم صالح الأعمال,3
"#بيونسيه تؤثر في العالم أكثر من #أوباما و #بوتين في القائمة السنوية لمجلة ""تايم"" #صباح_الخير_يا_عرب",2
هو أنا لما حد من أنصار مرسي يقول لي ماحيلتكش غير الكلام المفروض أرد أقول له إيه؟ غير الشتايم طبعا لا أنا أقصد أفهمه إزاي معنى كلمة كاتب؟,2
التجمع الساعة 4 أمام مسجد الشيخ كشك بشارع مصر والسودان ترعة الجبل كوبري القبة طومانباي ميدان سراي القبة,2
#علامات: من علامات موت القلب عدم الحزن على مافات وعدم الفرح على ماهو آت,0
بطولة تدق الطبول حاربوا من اجل الاسطول #زمالك,2
#المصري_اليوم ضبط 19 تأشيرة مزورة على طائرة متجهة إلى ليبيا: ضبطت إدارة الجوازات بمطار القاهرة الدولي، #مصر,2
طول ما بيشتمك ككاتب الحمقى اللي فاهمين إن مرسي صح والحمقى اللي فاهمين مبارك كان صح والحمقى اللي فاهمين الحل في القمع والعنف فأنت أقرب للحق,1
#جنايات_المنيا : تصدر حكماً بإعدام 37 إرهابيا اخوانياً وبحبك 492 لمده 25 عاما في قضيه اعمال العنف بمطاي بعد عزل الرئيس الخائن #محمد_مرسي,3
"تعرضت لحفل تعذيب فى ""النهضة"" على أيدى ""الإخوان"" لرفعي صورة ""السيسى""",2
#مبارك عنده أبناء و #مرسي عنده جماعة الوحيد اللي غلبان في البلد دي هو عدلي منصور تحسه إنه مقطوع من شجرة !,3
زوقوك الناس يا دنيا بالكلام عن السلام و الكلام غير الحقيقة و العمل غير الكلام #محمد_محسن,2
باطل وقبض الريح! - بلال فضل - بوابة الشروق بلال بيقول كلام زين- يميل للمقاطعة ويشرح لماذا-عشت يا رفيق,2
شاهد - آخر كلام: السلفية في مصر - الشيخ أسامة القوصي #,2
أصدقائى لاتنظروا للوراء وإنسوا التجربة الاخوانية بما لها وعليها لنبدأ مرحلة جديدة لمصر بيد واحدة نبنى ونعمر والكل يشارك,1
6 كنيسة مارمينا للأقباط الأرثوذكس بحى ابو هلال قبلي,2
#مرتضي_منصور يهاجم #ميدو و #ابراهيم,2
كل شعور انخلق منك وعاش لك ، لا تسمح له يروح لغيرك #حاول,2
ثانية واحدة مش فى ناس بتقول ع #باسم متأمر وخاين وكده طب اتخيل كده لو الحاجات اللى بيهاجمها انتهت زى تطبيل الاعلام وكده مش #مصر هتبقى احسن,0
وماحدش هيضيع البلد غير الجبان والواطي والحقير عديم الذمة اللي عمره ما بيقبل على نفسه ما يقبله على غيره من كتر ما هو خائف وجبان,0
#خريجات_جامعيات_قديمات_عاطلات #ظلم #حرمان #طموح #الم #قهر #معلمات,0
ندوة الدكتور عمرو حمزاوي بالهيئة العامة لدِار الكتب والوثائق القومية 14-مارس-2012,2
شدد الرئيس على أهمية تعزيز دور أجهزة حماية المستهلك,2
إيه ده #طارق_سويدان بيتكلم زى #البرادعى العلمانى الكافر الزنديق أولا يتدبر أولى الألباب !!,2
3 اقالة رئيسة الطب الشرعى حسمت الجدل حول قتل لواء فراج مطلوب معرفة اسم القاتل واسباب القتل,2
كثيرا ما نضيع أوقاتنا في التعامل مع أعراض المرض بدلا من استثمار الوقت في العمل على علاج المرض ذاته,2
هذا الإعلان لصالح مجموعة وسيعرض بالفواصل في رمضان ان شاء الله صوره من الإعلان # #رمضان,1
#مميــز جولة #السوري الحر بدرعا || جولة مع أمير الإقتحام #جبهة النصرة في تل الجابية,2
من أعظم نعم الله عليك أن يقضي حوائج الناس علي يديك فاكر آخر إنسان ساعدته؟,3
كل اناء ينضح بما فيه، عن حمله #السيسي و #حازم_عبد_العظيم اتحدث,1
الندوة الأسبوعية للدكتور علاء الأسواني الخميس القادم بمركز إعداد القادة بالعجوزة >> التفاصيل على هذا الرابط:,2
فى بور سعيد ضحايا شافوا الغدر قبل الممات #07 #افتكروهم #74شهيد فى الجنة,2
#السيسى سوف يفجر مفاجأة قريبا …,2
ليه بتتحمرشوا بالبنات؟ #المواطن_المصري,2
بدل ما تسأل على فين الحلقة اشترك في قناتنا و هي توصلك على الايميل وقت رفعها ع اليوتيوب,2
ألقطر كان بيوصل لبنان !!,2
تصويبا لما نشر على لسان أبو العلا ماضي من محرر النيويورك تايمز لم أقل أبدا أن الإسلام ليس هو الحل,2
نفسي أصحى بُكرا ألاقيه يوم 12 فبراير 2011 ! #حلم #طموحات_و_أماني #ثورة_يناير,2
"ندوة توقيع رواية ""نادي السيارات"" الليلة السبت السابعة مساءً بفرع مكتبة ""أ"" - داندي مول >> التفاصيل :",0
من شيكاغو أميركا #سوريا_فى_القلب,2
شاهد - هل تفرز هذه الإنتخابات برلمان الثورة حقاً #28 #,2
تصرفات القادة !! نعم لأردوغان مصر !,3
اللقطات التى تنشر من لجنة كتابة الدستور توحى لنا ان مصر دولة بلا دين ولا اخلاق ولا قيم ولا تاريخ ولا رجال,0
""": من رأى منكم منكرا فليغيره بيده فيه إعتراض ع القرآن? ???"" فعلا؟انت بتعتبر التحرش تغيير منكر باليد؟",2
"لقد اعلن البوب الحرب علي لقد اغتر بعدد متابعيه, كأن ثورة لم تقم",2
#محمد_طلبة_رضوان يكتب لــ #مصر_العربية | يومًا ما سنحاكم السيسي على هذه الجرائم,2
الانقلابي المليونير حازم عبد العظيم يشكو من ارتفاع فاتورة الكهرباء الله يكون فى عون الغلابة فى الزمن الاسود لحازم وامثاله,0
شاهد - آخر كلام: د محمد البرادعي - ليلة جمعة 8 يوليو - موجة الثورة الثانية 8,2
"البنك المركزى التابع للانقلاب يعلن أن ديون مصر ارتفع لمستوى بشع غير مسبوق وتجاوزت 1,8 تريليون جنيه كارثة لا يشير لها اعلام العار",0
#الشروق | #المعصرة مصر ليست #تركيا و #أردوغان ليس تركيا أيضا#! يكتبها #بلال_فضل ويرسمها #عمرو_سليم …,2
والله ما عارف أضحك الله يحرق #ثانوية_عامة على مدرسينها واحد واحد,0
الصفحة الرسمية والوحيدة ل علاء الأسواني على الفيس بوك,2
للعلم ده مهرجان درجة أولى ما لو بالفلوس ما كانش حد غلب,1
التفكير بالراحة مفيد في أوقات الضباب الثقيل الذي قد يفقدنا أنفسنا و ليس فقط الرؤيا،نحن بشر ليس بيننا ملائكة و فينا شياطين #مصر #,2
_ مصر خسرت أرواح أبنائها التي لا تعوض بمال السعودية أوالامارات,0
مسخرة كوميدية من يوسف الحسينى على القبض على احمد عارف وحسن البرنس#حتى وانت بتستخبو بردو اغبية,0
"""أنا بحب الراقصات وهم فوق رأسي"" إحنا عارفين و النع…",2
"#محافظ_القاهرة: إزالة العقارات المخالفة بالقرب من ""#المحكمة_الدستورية"" لحماية المواطنين",3
بتضحكني فكرة إن إخواني أو سلفي يقولك أنتم أتفه من أن نهتم بكم مع إنه بايت تقريبا طول اليوم على تويتر يبعت منشنات شتيمة وتكفيرمن التافه إذن؟,1
رفض الطعون ضد شفيق يدل على انهم سيدفعون به للرئاسة بالتزوير لا يجب ان تستدرج الثورة لمعركة معروفة نتيجتها سلفا لابد من عزل شفيق ومحاكمته,0
د علاء الاسواني يكتب مقاله الأسبوعي بعنوان : ماذا تعلمنا من المحنة ؟! …,2
"#السادة_المحترمون الحلقة 114 الأحد 11 أغسطس 2013""عخالد عكاشة،حسن الرداد،حورية فرغلي"" #مصر …",2
البغنامج، جغّب ناغ الغيغة :),2
#لحس #مكوة #سالب #فتح_بكارة #مشتهية #بزاز #تونس #بيروت,2
لأن مجلس الشعب منتخب على عوار وتشكيل التأسيسية أيضاً بسيطة وواضحة,0
و كأنى أحكى نفس القصة (( فَلَنْ تَجِدَ لِسُنَّةِ اللَّهِ تَبْدِيلًا وَلَنْ تَجِدَ لِسُنَّةِ اللَّهِ,2
شاهد - آخر كلام: طيب الله أوقاتكم، و صبّرنا و صبّركم #,2
شاهد - آخر كلام: جمعة النهاية طبول التحدي تقرع #,2
اوعى مشاكل #الزمالك تنسيك ان الاهلي انضم لبرايز و بيبع كاندوم,2
عرض الاسبوع 44 ألف متابع #أذكار_المساء #بصراحه_مليت_من #خد_موقف_من #علمتني_الحياة #الحياة_تحتاج_إلى_شيئين [918324],2
عاجل| انفجار قنبلة بدائية الصنع بمنطقة #الطالبية في شارع #الهرم من #الوطن …,2
عن فرحتك وانت بتجدد الباقه,3
تحية لقضاة مصر الأجلاء لدفاعهم عن حقوق الشعب المصري وحرياته وتمسكهم بمبدأ استقلال القضاء,3
عاش محمد مرسي مفجر ثورة ديسمبر وحفظ الله الغباء صديق السياسيين الفشلة الوحيد ورحم الله الشهداء السابقين واللاحقين,1
"""_: #أن_بي_أس_الإماراتيه تقوم ببث دعاء #سلامتك_يا_خليفة اداء ابراهيم عبيدلي بعد كل اذان #_""",2
"مهندس أسامة يونس أصيب في مذبحة #رابعة كان في غيبوبة 23 يوم حتى توفاه الله أمس "" عضو ""أهلا"" لدعوة …",2
شبكة رصد الإخبارية/ #رصد | #المنوفية تواصل الحراك الثوري المناهض للإنقلاب واصل - عبر تطبيق نبض,2
"😂😂😂 "": بالفيديو: #توفيق_عكاشة: #هيفا ولية ناشفة """,0
مسيرة مدينة مصر غير مسبوقة يا ويلكم يا انقلابيين من ثورة الشعب العظيم,0
__ #نفسك_فى_أية_فى_الجنة_ ؟ أرتاح بدون نوم آكل بدون هم أضحك بدون نهايه أبي أحط أول رجل فيها أقول هذا الحلم المنت,1
11 قتيل بالتعذيب فى رابعة والنهضة,2
الليلة ، و على مدى الايام القادمة سننشر طلبات الالتحاق كمتدربين للموسم الثاني من البرنامج على تويتر و صفحتنا الرسمية,2
#تفجير كشك دخان في منطقة الوحيشي قبل قليل !,2
"وصول #مرسي لمقر أكاديمية الشرطة في قضية "" #التخابر",2
جمهورية مصر الطبيعية جمهورية ديمقراطية حقيقية جمهورية مدنية تحمي حقوق المواطنة و المساواة و العدل,3
قصة الأندلس - حلقة 25 - الحب #2_ #عمرو_خالد,2
#المنصورة مديرية أمن #الدقهلية : (مدير وقيادات مديرية أمن الدقهلية تشارك القوات المسلحة الإحتفال بعيد تحرير,2
قد وجب اقالة وزير الداخلية وتطهير جهاز الأمن من كل فلول واتباع النظام,2
ياقوة الله ياقوة الشعب,3
الاسواني:قبل أن تشترك القوى الوطنية في أى انتخابات قادمة يجب عليها أن تجد اجابة لهذا السؤال: المقال كاملاً >> … …,2
عرض الاسبوع 36 ألف متابع #وش_أكثر_شي_يسهرك #صيام_الإثنين #خد_موقف_من #صلاة_الوتر #فى_تويتر_تلاقى #الدمام [927627],2
الندوة الاسبوعية للدكتور علاء الأسواني الخميس القادم في الأسكندرية التفاصيل>> … … …,2
#الوفد - تأسيس #السيسى لحزب سيصيب الحياة السياسية بالخلل,0
و بمناسبة الضرورات تبيح المحظوراتتعريف الضرورة هي ماهلك دونها الانسانيعني المعاناة بدونها ليست ضرورة الاشباه و النظائر للسيوطي,2
و أعتز بمصريتى و صعيدتى,3
افضل ما قاله الرئيس الراحل محمد انو #السادات #تحيا_مصر #مصر,2
الصوره اليخاندرو وبالصج مطلق #ليه يا مجبوس طلعت برياني ؟,2
خارطة الطريق تستلزم مشاركة وطنية بعيدة عن العنف #السادة_المحترمون,1
مؤتمر حزب العدل لدعم #حمدين_صباحي رئيسا لمصر : حمدين صباحي: مشروعي هو قيام دولة مدنية خالية من الفساد,1
محاكمة المتورطين وذلك بشرط ان تكون الحكومه واجهزتها لديها المصداقيه وليست صاحبة سوابق فى التزوير والتدليس والصاق…,0
#أحبك_ربي الحمد لله,3
3 في اجتماع اليوم، طالبت الرئاسة بالشفافية الكاملة وبتقديم كشف حساب عن إدارتها لملف السد الإثيوبي خلال الأشهر الماضية وإخبار الرأي العام,2
#الشقيرى #ماهر_زين #خواطر9 #الاوسكار #3,2
رأي الجاحظ في نفي الوحدة العرقية للعرب، وأن العروبة موطن ولغة وثقافة #اليوم_العالمي_للغة_العربية,2
نرجو تشريفنا فى مقر الحملة 147 ش النزهة من ميدان سانت فاتيما الدور الثانة او راسلنا على الايميل,2
شكرا لكل من جاوبنى,3
اخطب اخطب ماهو ده تمامك,2
مفيش #باسم :(,0
": عاجل استقالة وزير السياحة احتجاجاً على تعيين محافظ الأقصر "" ما زال فى مصر رجال يفضلون الوطن على المناصب"" الف تحية",1
روزاليوسف- تحقيق الزميل / رضا رفعت كوارث استخدام الفحم في مصر #أوقفوا_الفحم,0
#جديد_في_تويتر الرائع هنا انك بتتعلم البلاغة لانك ملزم بـ 140 حرف,3
#مصطفى_حسني : إلهي وسيدي نفسي أشكرك على أي حاجة هتعملها قبل ما تعملها لإني متأكد إنك مش هتعملي إلا كل خير #أحبك_ربي,3
#دوله_التعريص #عسكر حراميه,0
السلطة القضائية هي الوحيدة التي تملك الحق في,2
و #فجأة !! ،، بقى الشعب المصري كله دلوقتي بيقرأ روايات,2
#متطرفون #يهود يضعون لافتات على أبواب #الأقصى تدعو لبناء #الهيكل المزعوم تفاصيل في التعليق الأول,2
انت الوحيد اللي قلبي يبتسم لحكيك من جماله,3
عليك نور !,3
فريد أحمد حسن : لماذا تستهدف الحكومة الشيعة؟: #أبلة_فاهيتا #محمد_مرسي #حزب_الحرية_والعدالة #حمدين_صباحي #عمرو_موسى,2
برلمان مشكوك في شرعيته سينتخب لجنة نصفها منه أي غير محايدة لوضع دستور لمصر وليس للأغلبية الدستور مصدر السلطات وليس العكس المتاهة مستمرة,0
#الدنيا_علمتني إن العيش ياما يشوف و محد ثابت في مكانه الا البليد,2
د البلتاجي مخ,0
#متجر_وتين #اي_لاينر #زينة #تجميل,2
حازم الببلاوي هراب ومتراجع ولا يستطيع تحمل المسئوليات وحكومته فاشلة #السادة_المحترمون …,0
الرسالة الأسبوعية د عمرو حمزاوي الجمعة ٢٤ مايو ٢٠١٣,2
مشربتش من نيلها؟ طب جربت تغنيلها؟ جربت فعز ما تحزن تحاول تولد فأمريكا عشان الواد ياخد الجنسية؟ #شيرين #نفاق,0
ممكن تكون ضد مبارك ومرسي ممكن تكون مع مبارك ممكن تكون مع مرسي ،، بس الاكيد كلنا لازم نكون مع المساواة والعدل أما…,1
#يوسف_الحسيني نرجو إسقاط دين الفلاح كي نتغني بعجلة الإنتاج #السادة_المحترمون,2
مرينا اف ام ساعه مع عبدالمجيد #عبدالمجيد يبيله سنه مو ساعه,2
"الرئيس #الفلسطيني محمود #عباس : #الهولوكوست ""أبشع جريمة عرفتها البشرية في التاريخ الحديث"" فلسطيني يقول هذا الكلام ؟!",0
المجتمع زي الرصيف وسخ و عايز يتكنس في ناس بتعرق عالرغيف و ناس بتعرق من التنس #دينا_الوديدي,0
عدد المدنيين الذين أحيلوا للقضاء العسكري يقترب من 12 الف مصري في ستة اشهر الرسالة هنا ان التظاهر السلمي قد يكلفك سنوات في السجن الحربي,0
لا للمحاكمات العسكرية للجواسيس اللى بيتعاونوا مع اسرائيل ! #تويت_كأنك_ناشط_ايام_حرب_اكتوبر,0
الوطن | موجتان متعاقبتان لمقاومة صناعة الاستبداد (1-2) | عمرو حمزاوي:,2
حقيقة 2: خامة صوت آخرين غير حليم وإمكاناتهم درجة أولى لكنهم بالجهل و الكسل حولوها إلى درجة تانية درس عظيم لمن يتفكرون #,1
حين يصبح مصطفى بكري شبه متحدث باسم المجلس العسكري ، اعلم أن هناك الكثير يجب عمله، حتى تنجح,1
سولفي للرمل عن قصہ دفى واجمعي برد الشتاء وتلحفيہ احضني حلم الطفولہ يالمى، طيري في الجنہ وجناحك رفرفيہ ! #لمى_الروقي,2
سنة كنا بنضحك فيها علي قنوات الفتنة لكن و انت بتضحك البلد كانت تحت رحمة تحريضهم المهم البلد الحمد لله,2
دباسم يوسف عمل برنامج البرنامج و #فسسسسسس,0
#يوسف_الحسيني امريكا لاتعنيها سوريا ولا الشعب السورى ولا نصره الاسلام، لكن يعنيها الكيان الصهيوني وحماية تركيا,1
علاء الاسواني: ماذا نفعل لكى نقدم صورة جيدة محترمة عن العرب والمسلمين في العالم؟! الاجابة تتلخص في الأفكار التالية :,2
في الاسكندرية مع فريق عمل لجنة جمع المعلومات والادلة وتقصي الحقائق الخاص بجرائم قتل واصابة ثوار الاسكندرية من يناير 201,2
لم يترك الانقلاب نقيصة الا وعملها,0
صورة أخري للقبض علي عصام العريان,2
إنجاز الثورة الأعظم أنها فرضت الشعب طرف في معادلة الحياة في مصر بعد ماكان غايب عنها آلاف السنينوإشاعة اليأس سبيلهم لسرقة هذا الإنجاز,1
القُنعة #كلمة_تستحق_التأمل,2
شكرًا جزيلا,3
#الأعلى_للجامعات يقرر السماح لقوات الأمن بالتواجد داخل #الجامعات لتأمين الامتحانات,2
"""7: اليوم السابع | رئيس #جامعة_المنصورة: إبعاد أساتذة #الإخوان عن #الامتحانات الشفوية ""قابل",2
الرئيس مد التأسيسية شهرين خلافا لاستفتاء مارس والآن نائب الرئيس يقول أنه أُجبر على الدعوة للاستفتاء في 15 يوم التزاما به! احترموا عقولنا!,1
#مصر_القوية يصدر بيان بخصوص أحكام الإعدام الصادرة اليوم وفيما يلي نص البيان #إعدام #مصر,2
رحماك من هذا العذاب قلبى من ااشواق ذاب #عبدالحليم_حافظ #يا_مالكا_قلبى,2
هل دعوة #حسن_البنا اخرجت الناس من عبادة القبور الى عبادة الله ؟الشيخ #محمد_أمان_الجامي #كلنا_ال…,2
#باقي_على #رمضان,2
تابعونا اليلة الساعة التاسعة والنصف بتوقيت مكة المكرمة على قناة البرهان في برنامج بوابة التشيع,2
أهم مواضيع تحدث في مصر الأن #الاخوان #المنيا #السيسي #الشرطة #مرسي,2
اخوان مسلحون في مواجه الأمن بالمهندسين #مصر #,2
"#ربنا إنا #ظلمنا #أنفسنا وإن لم تغفر لنا وترحمنا لنكونن من الخاسرين"" ​••• ••• ••• ••• ••• ••• ••• ••• ••• #رتويت_للاجر",2
نبيل العربي فخر لمصر في علمه و أخلاقه ووطنيته ونقائه ولم يفكر أو يسعي يوماً للترشح للرئاسة لا تزجوا بإسم الرجل في هذا المناخ السياسي الملوث,1
جماعة الإخوان الإرهابيون بقئلهم سنتين و نصف سبب الكآبة و الحزن لكل المصريين إنتظروا رد الشعب - جنازة الشهداء …,0
"#موقف_نفسي_اعيشه_مع_جوزي يجي يصحيني بليل و يقولي يلا قومي نصلي الفجر""",2
يا رب اجعلنا نبتسم لرؤية بيتك الحرام آمين,2
أتواصل مع أصدقائي في حزب الدستور واساعدهم بالافكار لكنى مؤمن بان الكاتب لا يجب ان ينتمى لاى حزب وانما يظل مستقلا حتى يحتفظ بوضوح الرؤية,2
هل قصد #ويليان و #أوسكار عدم التمرير الكرة #لمحمد_صلاح في مباراة #تشيلسي 1 × 2 #سندرلاند ؟,2
#بصـراحـه مفيش حد يستاهل غير اهلك,2
السلام عليكم ورحمة الله أصدقائي لقلد طلب مني #مارك تغييــــــــر إسمي المستعار وإلا فلا يمكنين دخول حسابي,2
عرض الاسبوع 40 ألف متابع #شوارعنا #فن_تتقنه_النساء #ذلك_الشخص #شي_ودك_تجربه #بوح #درر #عجبني #حلو #مكه [2087480],2
سادساً: زر أصدقاء والديك تكسب برهم #خطى_الحبيب,2
يوسف الحسيني يفضح كذب قناة الجزيرة ويكشف تمثيل الاخوان,2
من أسرار الشفاعة -شاهدوا حلقة جديدة من بسمة أمل,2
البرادعى شريك الانقلاب يهاجم الجيش والشرطة والحكومة والاعلام ويصفها بالفاشية ضد قيمة الحياة الانسانية والتوافق الوطنى لن يفلت ايضا من العقاب,0
# لانني في الوسط فساقف في مواجهه اي سعي لاقصاء اي تيار شريطه الا يكون ذلك التيار نفسه ا,1
قانون الضرائب الذي يتم تطبيقه على اسرة ساويرس هل هو ذات القانون الذي يطبق على خيرت الشاطر وحسن مالك ام ان القانون يتعطل امام أثرياء الاخوان,2
القصة وراء الصورة الأشهر هذا الأسبوع,2
"متابع للدستور وكل مسوداته منذ شهرين تخيير الناس بين ""نعم"" للدستور و""لا"" لاستمرار إعلان غير دستوري هو ما أتحدث عنه",0
تقديرات مرسي في لانتخابات ( شاطر- شاطر جداً - بديع ),2
__ 1 _ يعني انت مش متابع بس بتشتمني احتياطي؟,0
شاهد - آخر كلام: طبيعة قنابل الغاز وكيفية مواجهتها #,2
#الجمعة #سورة_الكهف #جمعة_مباركة,2
شكرا شاركت بالفعل في اجتماع تأسيسية الدستور ولم نصل لشيء بعد!,2
ندوة دكتور علاء الأسواني يقيمها الليلة الخميس الساعة 9م في مركز شبابيك بالمقطم والدعوة عامةالادمن >التفاصيل>,2
واقع معظم الاطباء في تعاملهم بين المستشفيات الحكومية والعيادات الخاصة #طبيب #أطباء #مستشفى #عيادة,2
نبيل الخطيب، رئيس التحرير التفيذي في قناة العربية، يتحدث عن الدراسة في معهد الإعلام الأردني.,2
إنهم يكتبونني,2
جبهة الانقاذ تقترح حل وسط فى #انتخابات #الرئاسة #حمدين ( #صباحى ) و #السيسى ( #مسائى ) و أسبوع و أسبوع :) #,2
مش ذنبي إنك دخلت السياسة بعد الثورة وماسمعتش عن عرض جامعة الأزهر اللي شباب الإخوان لبسوا فيه أقنعة واتحبسواراجع الأرشيف قبل ما تفتي,2
#تنويه_البرنامج لو جنبك عيل وخايف عليه وفاكر ان الالفاظ اللى هتسمعها فى البرنامج هتفسد اخلاقه يبقى لامؤخذه قوم انت لان,2
_ ده للجنس البشري مش فصيل او دين معين ده اسمه تحويرايه علاقة ده بالخلافة كنظام سياسي,2
يدعوكم حزب مصر لحضور لقاء غدا الجمعة الموافق 14- 12 -2012 الساعة الواحده ظهراً بالمدينة التعلمية بمدينة السادس من,2
اسمع اغنية كراكيب ل #وسط_البلد دايما ع راديو وصله,2
أعظم ما تعلمته من نظام الرئيس مبارك هو كيف ينهزم وطن دون أن يحارب وكيف يتحلل مجتمع دون أن يموت #جلال_عامر,1
شكرًا يا دكتوره هبه,3
"""10: #اكتب_عبارة_على_باب_قلبك لا يسكنه الا المتميزون وفي النهايه يخذلونگ""",2
العالم لا يملك ترف إهمال مصر أو التدخل بفجاجة في الشأن المصري #السادة_المحترمون,1
القدرة هى منحه من الله لك اما الامكانات هى مابداخلك لاستخدام هذه القدره دكتور #ابراهيم_الفقى,2
ماذا لو حصلوا على السلاح النووي؟ #المغرب #الجزيرة # #الخبر #ليبيا # #الأردن # #دمشق #الخليج #الإمارات,2
ممكن يبقى إسمك سكينة بس تبقى أرجل بكتيييييييييييير من واحد إسمه أحمد,2
المفسد عادل فقيه #عادل -فقيه -وزير-للصحه,0
الذين يقتلون ويذبحون ويلقون الشباب من الأدوارالعلياويعذبون ويبترون الأطراف ويرهبون سكان رابعة ويستخدمون الأطفال…,2
الوطن | الدستور نقاش ما بعد صلاة العيد | عمرو حمزاوي:,2
لمشاهدة الحلقة الحادية عشر من برنامج #قصة_الأندلس:,2
في عالم الأعمال يتحسن أداء الشركات كثيرا حينما يكون لها منافسا قويا لحرصها على تقديم أفضل ما عندها حفاظا على نموها ورضا مستخدمي ومنتجاتها,2
"صبحي صالح: حكم ""الدستورية"" بحل البرلمان ""جناية تزوير"" وسنرفع دعوى ضدها يا سلام",2
و إذا أخذتَ العهدَ أو أعطيتَهًُ / فجميعُ عهدِكَ ذمةٌ و وفاءُ,2
لماذا ٨ يوليو: د علاء الأسواني و عدد من الثوار و أهالي الشهداء في آخر كلام الليلة ١١م بتوقيت القاهرة,2
مجلس عسكري و حكومة غير قادرين علي حماية مرشح رئاسي بارز، ناهيك عن توفير الأمن في البلاد، هما المشكلة و ليس الحل,0
_ مبروووووووووووووووووك للريال حببتى بس الصراحة البايرن هوالى كان احسن #ذا_شامبيووونز,0
#الأمن يسيطر على اشتباكات #المطرية وفض تجمع #الإخوان,2
83 مابلاش انت يا عبد العزيز،دانت بنفسك شوفت الاخوان بهدلوني ازاي ،، الرجل جدع و عمل اللي معر…,2
بيان صادر عن جبهة الضمير (بمناسبة مناقشة قانون السلطة القضائية بمجلس الشورى اليوم): تتوجه جبهة الضمير للسادة,2
شاهد - آخر كلام: بعد تراجعه مصير استقالة النائب العام,2
متى يارب يحكمنا رئيس يوصل الغاز إلى الشعب بسعر مخفض ويضرب إسرائيل بالغاز المسيل للدموع؟,2
صورة لميدان #التحرير قبل وصول المسيرات الساعة 5م,2
المتطلبات المادية مرتفعة جدا مما يتعدى امكانيات معظم القنواتفكانت الخطة ان تشارك القناة بنصف التكاليف فقط و ان نآتي بباقي التكاليف عن ٥,2
أقضي اليوم مع أهلى بمرسى مطروح وأعود فجر الغد لأشارككم في مهرجان مصر القوية بمركز شباب الجزيرة الساعة 6 مساء,2
بعد القضاء على القاعدة والجماعات الارهابية في شبوة وأبين، يجب القضاء على مصادر تمويلها المالية والفكرية في العاصمة صنعاء #اليمن #الارهاب,2
يعمل محمد مصطفى شردى مع عمرو اديب استبن كومبارس مساعد معاون كمالة عدد المهم يقبض,2
اليوم لدينا فرصة ذهبية لكي نعود إلى حدود 11 فبراير وكل من يتخيل أنه سيستطيع بعد ثورة أن يحكم منفردا ويطيح بالباقين هو واهم سيفشله الواقع,2
افتكر شخص تحبه بدعوة في السر فالدعاء في ظهر الغيب من الادعية المستجابة #دعوة_الصائم_لاترد,0
شاهد معنا كيف يعالج #أطباء عيادات دوالي تضخم #البروستات بدون جراحة #فيديو #يستحق_المتابعه #للرجل…,2
#الداخلية_بلطجية #جهلة_والقمع_حياتهم,0
اقتحام وحرق وتدمير مقر حزب غد الثورة انتقام من مواقف ايمن نور الوطنية وزملائه الشرفاء لا اسكت الله للجبهة صوتا,2
#نبض_رابعة | #ضد_الانقلاب |#حاميها_حراميها | #اوعى_تنسى #مكملين,2
لا تستطيع أبدا ان تتكلم عن وجهة نظر واحدة لفهم الاسلام الذي اتسع ليتقبل قراءات مختلفة حتى التاريخ الاسلامي اختلف المسلمون في قراءته,2
"مشروع قانون الشوري للمجتمع المدني ومشروع الرئاسة ""المعدل""يعكسان العقلية الأمنية الإستبدادية التي ثورنا ضدهاثم يتساءلون لماذا يتمرد المصريون",1
اللى حصل مع محمود شعبان فى التحرير أفترا عليه لأنه ضعيف,0
عزلة الانقلاب عالميا تتزايد وكل دول العالم تمنع مواطنيها من الذهاب الى مصر حتى حقراء الخليج من ممولى الانقلاب يمنعون أهلهم,0
مقال د علاء الاسواني بعنوان لماذا فاز محمد مرسي ؟! ينشر صباحا بجريدة المصري اليوم,2
يجب ان يدرك القائمين على الوطن والمرحلة الانتقالية ان الشعب يقرر ولا بيطالب,2
عبد الرحيم علي: #وائل_غنيم و #وائل_عباس اتفقا على ضروة القضاء على #أمن_الدولة اقرأ التفاصيل على الرابط,2
بين فسيفساء التكفير والتفكير مساحة ليست بالواسعة المنبسطة ولا هي ارض قحط وعرة #مصر #لبنان #تونس #الأردن #الإمارات #السعودية #العراق #فلسطين,1
حاولت اكتر من مره البس بيجاما في البيت واعمل ابن ناس بس الجينز بيستهويني حتى جوه البيت #افضح_نفسك,1
64 لا خفت انا كده، اللهم نجنا من غضب الاخوان و اجعل كلامنا خفيف عليهم,2
اعد باستعادة حقوق المقهورين والشهداء والمهمشين والضعفاء وان اكون سند الفقراء,2
كن كالنهر المتدفق لا تعيق الصخور العاتية مجراه,2
موقف #يوسف_الحسيني مع أحد شباب الإخوانإشارة رابعة وقدامها بوسة #السادة_المحترمون …,2
#اعترافات_ليلية أبي أرجع الديرة و أخذ فرة على البحر :(,2
جملة اعتراضية ـــــــــــــــــــــــــــــــ هل هذه الانتخابات عادلة ؟!,0
ميدان عبد المنعم رياض ليلا #تصويري #ريزو #مصر #بيقولك_أعرف_بلدك,2
هزيمة الأهلي مثال صارخ لنظام يقوم على وأد الحريات ألا يخجلون #,0
"حزب النور يلتقي في الشوارع الخلفية لمقابلة الأمريكان ""معروفة"" #يوسف_الحسيني",2
"شبكة رصد الإخوانية بتسلم ابنها ""عمر فرّاج"" تسليم زفر وبيقولوا انه جاسوس لتركيا ،ويقولك احنا إخوان #سلملي_على_اخلاق_الجماعة #مصر #فلسطين",0
شاهد - آخر كلام: خطاب عبد الناصر حول الإشتراكية والإخوان #,2
رفض التلفزيون المصري ظهوري في برنامج عمرو خالد حملة التعتيم و التشويه مازالت مستمرة,0
تجاهل الاعلام الحقير لضحايا معدية قنا الذين غرقوا فى النيل يكشف انهيار الحق لو أيام مرسي كانت الولولة والدموع للركب مش كده يا منى,0
#البوابة_نيوز: #أردني يستورد عصائر منتهية الصلاحية ويعيد طرحها بالأسواق:,2
اليوم السابع مش بتاعة نجيب!,0
78 هذا قصه صارت لي أتمنى تستفيدون منها #المجد #شبكة_المجد #قناة_ماسه,2
د علاء الأسواني: ما هي آليات التحول الديموقراطي الذي تحيد عنه السلطة الحالية ؟!> أقرأ المقال كاملاً >> … … …,3
د عبد المنعم أبو الفتوح ضيف برنامج في الميدان في قناة التحرير اليوم الساعة 10 مساء مع الاعلامي مح,2
أنباء عن تغيير أوقات الدراسة في الرياض اعتباراً من العام القادم من ١ظهراً إلى٥عصراً وذلك لمدة ٤ سنوات لعمل #مترو #الرياض,2
اخترقنا عيد الأقباط ليس تماماً كي نحميهم بل كي نحتمي بهم في لحظة ضعفنا نحن - من مذكرات مستقبلية لمسؤول مصري,2
الحمد لله الحمد لله الحمد لله 3 3 3 #مصطفى_حسني,2
2) وقوات مسلحة لا يتدخل بشئونها أحد ولمجلسها حق الفيتو على الدستور وغيره,2
انتهى الآن التجهيز للمؤتمر الشعبي للدكتور عبد المنعم أبو الفتوح بالمطرية، و بدأت تتوافد الجماهير إلى مكان المؤتمر في ترقب وصول الدكتور,2
فقط مد اليد والدمج في إطار القانون والسلمية والامتناع عن التوظيف الزائف للدين هي المضامين التي ستمكننا من الدعوة إلى مصالحة وطنية حقيقية,1
#مصطفى_محمود ربنا يرحمه ويغفرله,2
شاهد - آخر كلام: الفعل ورد الفعل بعد مليونية إنقاذ الثورة د علاء الأسواني - الشاعر تميم البرغوثي #22,2
وزير الصحة المكلف: لا تأجيل للدراسة #خبر_عاجل #السعودية #تأجيل_الدراسة #خطر_فيروس_كورونا #وزير_الصحة,2
مدن (#فلسطينية) #رام_الله #القدس #نابلس #اريحا #قلقيلة #الخيليل #طولكرم #بيت_لحم #طوباس #جنين #بيتونيا #بيرزيت #جباليا #البي…,2
شاهد - آخر كلام ـ يسري فوده: هذه معركة لا يحسمها وزير #,2
أتوقف بحكم محكمة,2
#مساء_الخير | رجل أعمال مصر مستهدفون في #ليبيا #2_ #مساء_الخير,2
نحن فى معركة الحرية والكرامة والعدالة من كانت قضيته غير هذا فهو يسير فى الطريق الخطأ #ثورة_يناير #وعى_الثورة,2
"وأن تعددت مفآهيم #السعاده ! تبقى [ أنت ] #البلوز , سبب سعادتي",2
أسعار #البنزين في #إيران تقفز بما يصل إلى 75 بالمئة مع خفض الدعم:,2
أحب السفر إلى أمي في العيد نفس الطريق الذي قطعته ألاف المرات محشوراً في بيجو 504 سبعة راكب مليئاً بالأحلام,2
حماس تنفي تباين قيادتها السياسية والعسكرية,2
الصحافة #الإسرائيلية تحاول إنقاذ #آمال_كربول من المساءلة ب''هجوم معاكس'',1
#صباح_الخير #بعد_منتصف_الليل #غرد_بذكر_الله #صور_كنك_بنت #لو_كنت_المتحكم_بالتويتر #رتويت خمس الاف بـ 200 ريال 7,2
الرجوع للحق فضيلة حمد الله على سلامة أحمد السيد النجار,3
7_ مش أنا اللي لسه بيهري هم بيعملوا كده وطالعين نازلين كذب أسطوري والمفروض يعني أصدقهم لما يبقى فيه دليل بالشكل ده؟ ولا أطنش؟,0
تقوم فنلندا بالتخطيط لجعل سرعة 100 حق من حقوق جميع المواطنين بموجب القانون وذلك بحلول العام القادم #ثورة_الانترنت #خيبة_علينا,2
أولا: الموضوع مش فيه تفاصيل ثانيا: اللينك لا يعمل ثالثا: التعليق ع الصورة خاص بمقال مختلف تماماً الخلاصة: مفيش فايدة #22,0
وزير الداخلية يدشن خدمة إصدار جواز السفر إلكترونياً #الجوف #سكاكا #القريات #عرعر #سكاكا_الجوف #دومة,2
عرض الاسبوع 44 ألف متابع #أذكار_المساء #بصراحه_مليت_من #خد_موقف_من #علمتني_الحياة #الحياة_تحتاج_إلى_شيئين [925981],2
دموع يوسف الحسيني على معاناة أهل أحمد أسامة ضحية الإخوان بأحداث رمسيس …,2
شهيد بيرسم شهيد #عيسى_عصام #خالد_سعيد,2
مش دستورنا و دى بلدنا,2
المرأة هي سر توازن الحياة وسر جمال الكون ومصدر المحبة والرحمة في هذا العالم كل عام وأنتن أقوى وأجمل وأفضل #يوم_المرأة…,3
آخر كلام : ثورة الشعب السوري واحتمالات التدويل # #,2
"في #موزمبيق حل المشكلة, اخفاؤها, اتهام مكتشفها, نفي حدوثها",2
محكمة النقض تحدد جلسة 13 يوليو لنظر أولى جلسات طعن #هشام_قنديل على حكم حبسه,2
لدينا اكبر رصيد فى العالم لاكاذيب الاعلام على الشاشات والصفحات انتظروا بعد سقوط الانقلاب موسوعة اعلام العار ستكون حديث العالم,0
ياباشمهندس لو الرقم اللي هم بينشروه عشان يبعتولك عليه تهديدات ده رقمك بجد، من حقك تبلغ الأمن الوطني يتتبع أتصالا…,1
الأسواني: لو أن صحيفة مصرية نشرت واقعة تؤكد أن أحد قيادات الاخوان قد تحرش جنسيا بأحد شباب الاخوان >> المقال كاملاً>> …,2
#مصر لا يوجد خبر أسخف من حل الإخوان ما جرى منذ الانقلاب أسوأ كثيرا من الحل ،البلاد بلا دستور ولا قانون واختطف …,0
حادث كنيسة الوراق الخسيس لن ينجح فى التفريق بين #كلام_و_كلام #يوسف_الحسيني #السادة_المحترمون …,2
هذا حال الكثير مع الواتساب #الواتساب_معلق,2
نهايه الشوط الاول ادى فرصه ل #صبرى_رحيل و آحيات ابوك ارحم امى العيانه و طلع #رؤوف و نزل #عمرو_جمال,2
شاهد بث مباشر لزيارة أهالي ضحايا قطار أسيوط,2
لما قالها #البرادعى بقى خاين وعميل يقولها #السيسي يبقى البطل العظيم يا سلام على شعبنا لما يعرص,1
قرار #وزير_الداخلية بشأن الجرائم الكبيرة الموجبة للتوقيف #السعودية -,2
ان اللون الرمادي ليس له محل من الاعراب يا ابيض يا اسود #علمتني_الثورة,0
قلت للرئيس هناك حملة على حرية التعبير وبدأتم في اغلاق القنوات ومصادرة الصحف بدون سند قانوني معنى ذلك ان كل من يهاجم الاخوان سيتم إغلاقه,0
#الكويت #السعوديه #البحرين #قطر #ا?مارات #عمان #العراق #مصر #تونس #الجزائر #المغرب #ا?ردن #السودان #لبنان 535,2
شاهد - آخر كلام: ثورة مصر إلى أين بعد أحداث جمعة التطهير مع عدد من النشطاء # #25 #,2
مدريدى #ذا_شامبيووونز,2
١ يحرص عصابة الانقلاب علي تحسين صورة مصر الممزقة والنجسة في العالم عن طريق كلاب البيادة من مذيعين وضيوف في,2
جـنـود الـعرين #الجيش_العربي_السوري - #الحرس_الجمهوري - مجموعة #نافذ_أسد_الله تشتبك مع المجموعات,2
شاهد - د جلال أمين ضيف آخر كلام في محاولة لشرح ما يحدث للمصريين الآن,2
إشاعة الأمل أبرك من الهري ونشر المعرفة خير من الإنسياق وراء قنابل دخان الإعلامولن يضيع الله دماء الشهداء إذا ظللنا نتمثل سيرهم وأحلامهم,1
يا شعب نايم ع الرصيف و بالمقشة بتتكنس فيك ناس بتشقي ع الرغيف و ناس بتتعب من التنس #صلاح_جاهين,2
علاء الأسواني يكتب: حوار غاضب في المقر السري > > ينشر صباح غد الثلاثاء في جريدة المصري اليوم >> …,2
اليوم السابع | ضبط عاطل تبادل إطلاق النار مع قوات #الأمن وآخر بحوزته #مخدرات بـ #الغربية,2
هي حاجة غريبة، ومش مفهومة ومش عارف ليه سيادة الرئيس بيقعد مع رؤساء الأحزاب #السادة_المحترمون …,2
صناع الحياة: مجموعة من الشباب جمعتهم المودة و الحب في الله و حثهم حبهم للخير في محاولة عمل إيجابي لإرضاء ربهم و,1
أؤكدلك أن إلاخوان أمبارح فى إسكندرية كان معاهم كل أنواع الاسلحةمش سلميينإلاخوان مجموعه إرهاب…,0
الاخوان مش موجودين في الميدان،ماشي، دول محبين مرسي،ماشي،طب موقعة الجمل كانوا من محبين مبارك، بنحاكمه ليه بقى؟,2
""": #قناة_تغاريد / #كليب_اسمعوني (الفرات السعدون): عبر """,1
#ذات_مومنت لما الكهرباء تقطع وانت لسه شاحن التابلت عادي بقي اقطع براحتك,2
٣ على الرغم من ذلك لست من المنسحبين أو الصامتين انتظارا، أريد نقل آرائي التي أسجلها يوميا على صفحات الشروق المصرية إلى قطاعات أوسع من الناس,2
#الايفون #تقنية جاك مقطع صوتي على #الواتساب وعجبك وما تعرف كيف تحفظه !! تابع المقطع 💚,2
7_ أكبر معوقة وخازوق أخذناه كان من الإخوان أنا شايف كده واليوم يجب أن نكمل المشوار دونهم,0
اصبر علی مصابك يستحق ذلك النعيم ألمك عمرك مؤقت ثق بذلك #الجنة #الامارات,2
اللهم إني أسألك الجنة وما قرب إليها من قول أو عمل وأعوذ بك من النار وما قرب إليها من قول أو عمل #الضحى #الوتر #اذكر_الله,2
#ارجع_يا_بوب,2
بالفيديو : الرئيس السابق حسني مبارك يلوح لأنصاره من خلف زجاج غرفته في المستشفى #مصر #حسني_مبارك,2
احقر انسان هو اللي سكت عن الانقلاب في مصر وعقبها قال ما يجوز الخروج على السيسي لانه ولي أمر #إنصاف_الإخوان,1
_ # رائ عصام سلطان - حزب الوسط - فى موضوع المجلس الاستشارى,2
انا هقولة شرعيتك حمرااااااا,0
"#أن_بي_أس_الإماراتيه تقوم ببث دعاء #سلامتك_يا_خليفة اداء ابراهيم عبيدلي بعد كل اذان #_""",2
اللقاء الكامل للمرشح الرئاسي #حمدين_صباحي ومدير حملته الانتخابية ( حسام مؤنس ) و(عماد عاطف ) عضو الهيئة العليا,2
"أرجو من الشعب المصري ألا يفقد ثقته في مؤسسة الجيش , وأرجو من أخواننا في",2
#أنا_حازم #انصاف_الاخوان#الثائر_البغل #مرسي_رئيسى #سنحيا_كراما #الديوث_برهاميوس#انتخبوا_العرص #_,1
#اصعب احساس # #لما يوحشك حد# #مات# #سو#,0
المجلس العسكري نمتلك ادلة تدين 6 ابريل و تدريبهم في الخارج و في الاخر #فسسسسسسسسسس,0
الانقلاب يقترض 62 مليار اخرى من البنوك فى سبتمبر اموال المصريين تتبخر بكره تشوفو مصر,0
هو كل كلب ولا كلبة يمسك منصب فاكر أنه ممكن يتحكم في تاريخ البلد دي على أشكالكم الضالة #مبارك #أكتوبر #سيناء #نصر,0
#الراتب_مايكفي_الحاجة #الاتحاد #الهلال #النصر #الاهلي #مرسي #السعودية افضل الاسعار هنا تفضل 52,2
"الإخوان يعتدون على حفيدة مرشدهم الأسبق ويحطمون سيارتها ""فحتى بيوت رموزهم لم تسلم من قلة الادب"" …",0
مصر تخرج على بكرة أبيها في …,2
حتى يومنا هذا عودتي لإنتاج مسلسل مداح القمر أو المشاركة فيه خبر غير صحيح ولا أعلم من أين أتوا بمثل هذه التصريحات المنسوبة إليا,2
وأريد بالتضحية: بذل النفس والمال والوقت والحياة وكل شيء في سبيل الغاية، وليس في الدنيا جهاد لا تضحية معه #حسن_البنا #الإخوان,2
#ارتقوا_و مش كل واحد هتشوفوا مختلف معاك في الرأي يبقى حمار ومش بيفهم !,1
يا ديين النبى لو كان #البرادعى اللى قال هنعمل مصالحة !! تشتغل اسطوانة يا خاين يا عميل يا ارهابى يا اخوانى عايز تطلعهم عشان ترضى امريكا !!,0
سلام مربع للمحلة ورجالة المحلة أول من قطّع الصورة وتفّ على الأسطورة,2
حفل خيري يذهب دخله لمساعدة الأطفال في عزبة خير الله....,2
عندما تشاهد المتسولين والذين يقتاتون من صناديق القمامة فأعلم ان هناك نظام قمعي فاسد يحكمهم #انتخبوا_العرص,0
مساء الفل عليكم يا اسكندرانية معادكم مع نشرة (5) مساءً #2 اسكندرية,2
ألرب واجد,0
الأسواني يفوز بجائزة حرية التعبير من ألمانيا ،للتفاصيل>>>>>,2
استاذ يسرى ادخل عندى هتلاقى زرار مكتوب عليه فلو دوس عليه هينور ازرق بجد و الله هينور ازرق و لو مش مص,2
1 وصلتنى رسالة من مشجع كروى الى طاهر ابو زيد: كنت لاعب متميز وللأسف ضيعت كل ذلك بولاءك للأنقلابيين بل أصبحت من قادة الانقلاب,1
في إنتظار الحلقة الثانية عشر من #برنامج_البرنامج لباسم يوسف هل هنالك إقتراح لفيلم أو برنامج ؟؟؟؟,2
"#اللهم ارحم "" #والدي "" رحمة واسعة وبرد على قبره ياأرحم الراحمين #يالله #يارب #وقف_عمر_الشيراوي #أبي #الوالد",2
مجلس الشعب: أنا عضو في لجنتي حقوق الإنسان والشئون الدستورية ولم أترشح لا على رئاسة أو وكالة أي من اللجنتين ولم أصوت في انتخابات اللجنتين,2
وعلي رأي #ام_سندس يا تعيش #مصطفى_بكرى يا تموت #سيد_وزة,2
#نجم_الدين #عمرو_جمال تحبا في الله اجتمعا عليه و تفرقا عليه و كانت النهايه انهم يتمسكوا مع بعض #الحريه_للجدعان #الحريه_للابطال,2
"#قناة_اليوم_السابع #7 بالفيديو أحد أبطال #حرب_أكتوبر يكشف استسلام جنود إسرائيليين خوفا من علبة ""فول""",2
شاهد - آخر كلام: أزمة التأسيسية قنبلة في الطريق #,2
تابعونا على صدى البلد برنامج شباب البلد حالاً,2
"بطاقة مباراة #ارسنال و #نيوكاسل """,2
الوطن | الكتلة الثالثة توافق أم مقاطعة | عمرو حمزاوي,2
#انتخبوا_البرص مشكلة,0
#ولاد_البلد #المنصورة #مصراوي مركز #المرأة يدين هتك عرض طفل #بلقاس ويطالب بـ #محاكمة عاجلة وإعلانها للرأي العام,2
زي ماكتبت لما شعر السلفيين بغدر الإخوان وإنهم بيستخدموهم وسيلة ضغط ليس إلا وطلع نادر بكار ينتقدهم بدأوا يشتموه ويقولوا عليه طامع في السلطة,0
ألف رحمة ونور عليك يافنان مصر العظيم ياأعذب الناس وأجملهم وأطيبهم,3
:) #مصطفى_حسني ^__^,3
#عسكر_كاذبون #25يناير القادم يشهد توحد القوي الثورية #قوتنا_في_وحدتنا #6ابريل #اخوان #ليبرالي #يساري #حازمون …,1
أيقونة جديدة للثورة على الانقلاب رشا عزت المُدرسة بمدرسة القاضي الابتدائية فى بنى سويف التى رفضت تشغيل اغنية تسلم الايادى رغم ضغط العسكر,2
"بينج بونج :من أسبوعين قال عنى أحد كبار القتلة أننى "" أمن دولة "" فضحك عليه الجميع إلا واحد فقط وافقه على ذلك بعد دقائق من قوله، 1",2
كل ما تريدي معرفته عن #سرطان_الثدي,2
انت بتحور يا مغير، انا و انت متفقين على خطأ استعمال دور العبادة سيبك من دي و جاوبني،فين التحريض على الحرق و العنف,1
"#يوسف_الحسيني بالفيديو يفضح كذب قناة الجزيرة ويكشف تمثيل الاخوان دور الموتى!! """,0
المشير #السيسي يزور الكاتدرائية المرقسية ويهنئ الإخوة الأقباط بعيد القيامة المجيد …,2
وإن الصدفة احياناً بتبقى بألف ميعادانا نفسي اقولهالك فأول مرة نتقابل #محمد_محسن 3,2
"د علاء الاسواني يكتب مقاله الأسبوعي بعنوان : دفاعاً عن "" قطعـــــــــة الحلـــــــــوى "" …",2
الوزراء اغلبهم أكاديميين من حملت الدكتوراه نتمنى #مجلس_الوزراء يجمع الأكاديمي والناجح من القطاع الخاص,1
أجدع حاجة ان التيتى قصدى #السيسى كل ما يحاول يعمل شو اعلامى فى صورة تتقلب عليه #هاشتاج سخرية وده يبين انه حمار اخر حاجة #السيسى_هايصالح,0
يوم ما #هتفتري اعرف ان #ربنا هيبعتلك اللي يفتري عليك,2
مباراة الدفاع الحسني الجديدي والأهلي #الاهلي_الافريقي #الكونفدراليه_يا_اهلي # #…,2
"عاجل القبض على محمد بديع مرشد الإخوان المسلمين فى شقة سكنية ب "" رابعة العدوية """,0
"من اقوال شيخ المعلقين #محمد_رمضان #ماجد_عبدالله لابد ان تكون هناك قناة رياضية متخصصه لنجوميته وابداعه تقديرا"" لتاريخه المجيد لوطنه ولناديه",3
نندَّفع بكل ما أوتينا من عاطفه و نتفاجَّأ بأشرس معالم الخذلان! #إعترافات_ليلية,2
73765287 لا أعتقد :))),2
عرض الاسبوع 40 ألف متابع #شوارعنا #فن_تتقنه_النساء #ذلك_الشخص #شي_ودك_تجربه #بوح #درر #عجبني #حلو #مكه [2097739],2
شاهد - آخر كلام: مصر فوق قانون الطوارئ أخيراً #,2
دعمرو حمزاوي يشرح المادة الاولي في الدستور الجديد,2
بيدونا اجازة فى عيد العمال عشان نقعد فى البيت نتفرج على فيلم الايدى الناعمة،حرام والله #أوقفوا_الفحم,0
"منع الأضحية هذا العام ""مفسدة"" #السادة_المحترمون",2
"""اما الزبد فيذهب جفاء وأما ما ينفع الناس فيمكث فى الارض "" لهذا عاش جمال عبد الناصر",2
أوصيكم بقراءة هذا المقال شيخ المجاهدين في البيكادلي! بقلم خلف الحربي #العريفي_مصيف_في_لندن,2
مقتطفات من خطاب الزعيم مرسي الأول الخطاب أبلج والجمهور لجلج,2
للأسف انتهى وقتي اليوم ومضطر للجري للجامعة للتدريس ونتعود للدائرة الساعة ٧ مساءا شكرًا وهنكررها كمان أكيد,2
#هننضف_لو طبقنا الكلام الي بنكتبه على تويتر في حياتنا فعليا مش مجرد كلام تكتبه عشان تبان مثالي قدام الناس !!,2
الليلة مع #يوسف_الحسيني لعصام القوصي،مأمور سجن وادي النطرون،يفجر مفاجأة من العيار الثقيل #السادة_المحترمون، الساعة11مساءً #…,2
شكراً :),3
#الوفد - فيديو #عبدالحليم_قنديل يسخر من قاضى إعدام #المنيا,2
التنظيم الدولي للإخوان تعلم على يد رامسفيلد يقوم بحربين في وفت واحد او #كلام_و_كلام #يوسف_الحسيني #…,0
خمس الاف متابع خليجي حقيقي بـ 300 #النصر #الهلال #الاتحاد #الشباب #الاهلي #الاتفاق #الرياض #التعاون #الفتح 660,2
الجماعة تعود أكثر من 550 إلى الخلف و تصدر صكوك الغفران #يوسف_الحسيني #السادة_المحترمون …,2
"شاهد ""#برنامج_كفو | قريباً | #قناة_مجد"" على -",2
#فيديو طفلة صينية تقرأ #القرآن بطريقة تأسر القلوب #كيك #,2
#محمد_علي_خير _:قرار الرئيس #عدلي_منصور بتحصين قرارات الحكومة من الطعن عليها أمام القضاء غير موفق #مساء_الخير #,0
#طاهر_أبوزيد وزير الرياضة السابق يدلي بصوته في انتخابات #حزب_الوفديتنافس عليها #السيد_البدوي و #فؤاد_بدراوي #,2
عاوز ايه من شعب اكتر واحد متفائل فيه مات محروق :) #ابراهيم_الفقى,1
صدق من قال لاتستطيع شراء الاخوان لانهم قوم لاسعر لهم لايبيعون آخرتهم بدنياهم لايرضون بغيررضى الله بديلا لله درهم وطوبى لهم #انصاف_الاخوان,3
"كتاب ""مرسي ودموعي وابتسامتي"" للأديب/ محمد فتحييناقشه الليلة دعلاء الأسواني في ندوته الأسبوعية في المقطم التفاصيل",2
20 ﻫﺬﺍ ﺍﻟﺨﺒﺮ ﻳﺜﺒﺘ ﺃﻥ #مرتضى_منصور ﺭﻛﻦ ﺃﺳﺎﺳﻲ ﻣﻦ ﺃﺭﻛﺎﻥ #ﺍﻟﺪﻭﻟﺔ_ﺍﻟﻌﻤﻴﻘﺔ ﻓﻠﻢ ﻳﻘﺒﺾ ﻋﻠﻴﺔ ﻋﻨﺪﻣﺎ ﺃﺳﺘﺪﻋﻰ ﻟﻠﻨﻴﺎﺑﺔ ﻧﺎﻫﻴﻚ ﻋﻦ #ﻣﻮﻗﻌﺔ_ﺍﻟﺠﻤﻞ,2
الأغنياء ليسوا فقط هم أصحاب الأموال فهناك من هو غني بحب الناس له وهناك من هو غني بأهله و أصحابه,2
اللي شتموا وكفروبلال والاسواني دلوقتي زي العسل على قلبهم عشان مع القرار واللي اتهموا البرادعي انه عميل بيستشهدوا بيه ضد القرار #عبث,1
1 كما سجلت أكثر من مرة قبل٣٠ يونيو وبعده، مصر وقعت فريسة لفاشية دينية محرضة على العنف ولفاشية قمع وإقصاء وعنف زيفا باسم المصلحة الوطنية,1
#عيد_الأم مافيه شي أسمه عيد أم تحب أمك أدع لها بكل وقت,2
#جماعة_انصار_بيت_طنيطر #تحالف_عمليات_السبام #جيش_عمر #جيش_السلف #جيش_الفاروق #جيش_عائشة #جيش_الحسبة _4 …,2
يوم عظيم على شعب عظيم باذن الله حشود المصريين وهتافاتهم وسلميتهم تحرك الصخر النصر قادم وما النصر الا من عند الله,3
بعد سقوط الانقلاب سيكتب التاريخ أن مصر عاشت أسوأ وأسود أيامها من 3 يوليو 2013 والى يوم السقوط القريب ان شاء الله,2
مبروك على مصر وأهل مصر اﻷبطال اﻷشاوس المحترمين المتعلمين المثقفين كل شعب مصر شعب راقي كلمتكم الموحده و #سأنتخب_السيسي,3
#الميدان:المحكمة الافريقية تقبل دعوى الحرية والعدالة و تلزم مصر بوقف إعدامات محكمة المنيا,2
د/ عبد المنعم ابو الفتوح في مؤتمر المنيا : الانفلات الأمنى عملية مصطنعة من خلال بعض القنوات الاعلامية مدفوعة,2
اليوم مرت ٣ أسابيع على مذبحة #رابعة و النهضة التي تشبه في بشاعتها مذابح صابرا و شاتيلا و سربرنتسيا و ١١سبتمبر لا يفعلها إ…,0
#ذات_مومنت لما البنت تكون عاملة شي وبيا يجي عالبيت يقول مين الحيوان لي عامل هيك بكون شكلا هيك #,2
قريباً #تويتر تطلق ميزة و وظيفتها تعطيك إحصائيات عن تفاعل متابعينك مع تغريداتك #تقنية #نيوتك,2
بدء حفل توقيع بروتوكول تعاون مع المستشار أشرف هلال محافظ المنوفية لمحو أمية العاملين بالجهات الحكومية هناك ضمن,2
#حركة_كايدينهم #مصر #قول_كلمه_للسيسي_وخد_فولو_هديه ياسيسى يا زعيييييييم #سأنتخب_السيسي #احنا_شباب_هنصوت_للسيسى #سوريا …,3
أنا عايز أخويا عصام,2
ألتقيكم بعد 30 دقيقة من الأن على قناة ، للحديث عن قضية الإساءة لرسولنا الكريم، صلى الله عليه وسلم,2
لا للهحوم على قنوات الإعلام:,2
رُبّ قوم زهبوا آلى قوم فلما القوم الاولانيين لما راحوا للقوم التانيين مَ لأهومشي ، خدوا تكسي و راحوا #الفيفا,2
عرض الاسبوع 40 ألف متابع #شوارعنا #فن_تتقنه_النساء #ذلك_الشخص #شي_ودك_تجربه #بوح #درر #عجبني #حلو #مكه [2054574],2
عملية الاعتقالات المستمرة لرموز رفض الانقلاب هدفها الرئيسي مساومة هؤلاء على حريتهم مقابل التنازل عن حرية شعب!! لكن الله ثب…,0
غازات محمد مرسي مقالي اليوم في الشروق مع خالص التحية,2
طفل #زملكاوى عقب مباراة بتروجيت,2
سي بي سي:جنايات #شبرا_الخيمة تقضي بمعاقبة سارقي سيارة القيادي الإخواني #محمد_البلتاجي بالسجن 10سنوات مع الشغل #,2
انتظروا تغطية لزياردة د عبد المنعم أبو الفتوح للاقصر غدا والتى ستتضمن زيارة كنيسة العذراء صلاة الجمعة في الساحة,2
حشود مظاهرات جمعة الوفاء لدماء الشهداء اصابت الانقلاب بصدمة وخوف على حياتهم رد فعلهم قتل قمع اعتقال,1
تعليقًا علي أسعار الغاز مصر القوية : الحكومة غير منتخبة ولا تمثل جموع الشعب #مصر #ميدان_التحرير,2
#الاسكندرية #عدالة_جنائية قضت نيابة شرق فى القضية رقم 688 لسنة 2014 عرائض شرق بحبس محمد فراج عبد الغني علي 4 أيام,2
على المجلس أن يعود لمكانه الطبيعي وثكناته ويسلم السلطة لجهة مدنية منتخبة #19 18,2
مباراة #المصري و #المنيا مذاعة على قناة الصعيد - السابعة سابقاً - تردد 11227 رأسي,2
#يوسف_الحسيني لا تستمعوا لكلام البلتاجيفهو لا يريد الا التشويهخسىء وخسأ قومهسلام! #السادة_المحترمون …,0
4 العمل الحر لا يحتاج موافقة أو تعيين الله موزع الأرزاق ؤ هو لا يوزع على أساس الدين,2
وزيرة البيئة تعترف ان مشاكل القمامة لن تحل الا بعد 10 سنوات الاعلام ذبح مرسي بعد 100 يوم لانه لم يحلها,0
تفووووووووو #غزة_تحت_القصف,0
""": تايمز سكوير #نيويورك #غرد_بصورة #سياحة #سفر #صور #امريكا """,2
تشييع جنازة العميد الشهيد أحمد زكي من #مسجد_الشرطة ب #العباسيةو #ابراهيم_محلب و وزير الداخلية يتقدمون الجنازة #,2
زيارة د أبو الفتوح لكنيسة السيدة العذراء بالأقصر من الأرشيف,2
هامش للديمقراطية صندوق الانتخاب والإرادة الشعبية وسيادة القانون - عمرو حمزاوي :: بوابة الشروق ::,2
مما وصلني على #الواتس_اب #برود_كاست #حقيقة #قيادة_26اكتوبر #قيادة31نوفمبر #قيادة_المرأة_للسيارة,2
هواجس العام الجديد - سابعنا عن شروط الأداء السياسى الفعال لمجلس الشعب - عمرو حمزاوي - بوابة الشروق,2
الأبواب إلى الله كثيرة و متعدده حتى لا تتعب الأبدان و لا تفتر الهمم ، (صلاه - دعاء - صدقه - تفكر فى خلق الله -,2
ونحن في الجبهة القومية للعدالة والدمقراطية نؤكد رفضنا التام للمشاركة في أي فعاليات تستهدف إعادة مرسي-أياً كانت مسميتها أو…,0
#بيقولك_أعرف_بلدك القاهرةلقا، الأديان في مربع واحد هكذا أراد الله مصر واهلهاآمنين باذن الله #اخوان_ابليس,0
#واحد_فاضي #الهلال #السعودية #النصر #النصر_الهلال #غرد_بصوره #الرياض #زيادة_المتابعين #رتويت #هاشتاق_خاص [2602308],2
جمهور الموت الاحمر في استقبال لعيبة #ليفربول ملاحظه : الجمهور هو الاحمر مو الموت مافي موت احمر و موت فوشي #ارحل,2
عظيم نجاح أجهزة الدولة وبالتعاون مع أهل سيناء في إطلاق سراح الجنود المختطفين دون إراقة للدماء، هذه إدارة أزمة ناجحة ينبغي الإشادة بها,3
أيها الغيورون على القانون هل سمعتم عن تهريب المتهمين الأمريكان و14 الف مدني في السجن الحربي وإعلان دستوري باطل يمنح الحكم للعسكراين كنتم ؟,0
حاول اعرف إسلامي من واحد زيك عامل نفسه وصي على إيمان الخلق وتكبر عليهم باسمه ونعم الخلق,0
شن قادة الانقلاب حملة مستمرة على كل أصحاب الرأي الآخر، حتى من يختلف معهم من حلفائهم، حتى لا يبقى هناك رأي آخر، …,0
"#مصر_الليلة رئيس جنايات الجيزة"": القضاء يحكم بالأوراق ولا علاقة له بالسياسة وأحكام الإعدام لن تتغير",2
الوقوف دقيقة حداد على ارواح شهداء احداث سيناء وعلى شهداء ثورة 25 يناير في بداية المؤتمر الجماهيري,1
اعتقد محتاجين وبشدة إعلان لموقف مصر الثورة ضد الحرب علي سوريا كلام وكلام #السادة_المحترمون …,2
ظلمه ضريرن كل ماحوله اعتم كنه سواد الليل بينك وبيني #اغنيه #الجفا #كلمات #السمو ##ألحان #فهد_الناصر #غناء #عندليب_الشباب_عبدالسلام_محمد,2
#الداخلية_بلطجية #تعذيب المهندسة داليا رضوان تم الاعتداء عليها بالضرب الخميس الماضي في أحد الكمائن بالعجمي,2
اهمال إدارة المرافق العامة بما يؤدي لقتل متوالِ للمصريين جريمة تستحق العقاب الجنائي افتقاد الرؤية وبرامج الإصلاح فشل يستحق العقاب السياسي,0
#مصر |#حزب_الوسط | 269 يومًا على اعتقال المهندس #أبوالعلا_ماضي رئيس حزب الوسط ونائبه الأستاذ #عصام_سلطان اثنان …,2
#أشاهد_الآن #ليث_و_نورا_الموسم_1_الحلقة_11 على شاهدنت عبر,2
صامت على الانقلاب مثل رجل شاهد خيانة زوجته فشرب عصير ليمون سئل:ماذا فعلت قال:عملو ليمون لنفسهم,0
_ قمع الثورة في البحرين بطريقة همجية جريمة تم التغاضى عنها لاسباب طائفية الانسان يجب ان يتمتع بحقوقه مهما يكن دينه او مذهبه,0
اخونا الحبيب نور الدين عبد الحافظ بخير احلى خبر من يوم مجزرة فض رابعة بشرة خير جديدة قبل سقوط الانقلاب ان شاء الله,1
إدانات واسعة لسقوط قتلى في #جريمة_الصومعة ب #البيضاء #بكفي_حصار #اضبطوا_شركاء_المخلوع #الأردن,2
حلوان وروكسي وعين شمس بورسعيد وبنى سويف والمنيا والفيوم والسويس شكرا حشودكم شعب مصر عظيم,3
#حاول تخسر شي لجل صديقك وولا تخسر صديقك لجل شي♡̷̵! ♈̷̴-,2
#تويتة فى عشق الكيان #الاهلى,3
بعض الأصدقاء الذين أحترمهم رفضوا فكرتي بفظاظة لازلت مقتنعا بها مهمتنا ان نقضى على الأمية وان نقضى أيضاً على استغلالها لحساب اى فصيل,1
من يريد السفر سيعرف الفارق بين حكم مرسي وزمن العسكر، مفيش دولارات في البنوك ومتقدرش تسحب من حسابك المصرى الا اقل القليل,1
قصه حقيقيه : يحكي أن هماً زال في سجده !,2
__ مفهومه يا عمونــا بس احنــا متربيييييييين :) :) #عادل امام استايل :),2
#الحكومة جاهزة للخروج من الحكم فور تشكيل حكومة #الوحدة_الوطنية,2
كل اللى قدامكم تمثليلة بين السادات وجولدامائير مصالح متبادلة والكلام عن الحرب …,2
غريبة، مفيش تصريحات النهاردة للدكتور مصطفى الفقي عن مباراة مصر و قطر #,2
""" يعلم #الأقصى أن يوماً سيأتيه رجال يحبُون الشهادة كما يحب المُـتخاذلون الحياة ! #فلسطين """,1
من لا يملك قوته لا يملك حريته وارادته السياسية,2
القائمة السوداء: بعض شيوخ الفضائيات الدينية الذين روجوا لأكذوبة اني ماسوني وأضافوا اليها بهائي وغيرها من الأكاذيب أيضا بحق ليبراليين آخرين,0
من هو المستهدف؟ فعلا سيناء الضحية الدائمة للداخل والخارج لكن اهل غزة هم المستهدفون بقرار اسرائيلي,2
#الجامعات تناقش تأمين الامتحانات وتسمم 29 طالبة فى #الأزهر فرع طيبة,2
#أوسكار : لقد امضيت سنتان مميزتان حتى الأن، و أريد أن استمر في اللعب هنا لسنوات عديدة مثل تيري ولامبارد,3
بكرة احسن ولسة في امل,3
العيال الاخوانجية السفلة عاملين مولد لسيادة #المشير #السيسى فى حلوان بالطبلة والصاجات!!,0
إنت فاكر إن متابعتك لأفلامي أهم من بلدي؟ في ستين ألف داهية وإوعى ترجع في كلامك قبل ما تعتذر على جهلك,0
أخي العزيز: إياك أن تتخيل إني لما أعملك بلوك يعني عدم إيماني بحرية الرأيبالعكس أنا بأميط الأذى عن طريقي وإماطة الأذى عن الطريق صدقة,1
لماذا بكى #عثمان_بن_عفان رضي الله عنه عندما وقف على القبر #اذكروا_أمواتكم_بدعوة #الموت,2
لابد من عودة المواطن الى المشهد السياسي من خلال المشاركه العاليه و الواعيه فى الانتخابات,2
مقال هام انتفاضة-الدفاع-عن-الرسول-بين-لوع-جماعة-الإخوان-ومق,2
ندى الاذان جوه الجوامع يشد قلب المؤمنين #حمزة_نمرة,2
"هم خلاص بقوا المتحدث الرسمي للتنظيم؟ ""_: #الشروق | واشنطن تحذر من هجمات للقاعدة بالشرق الأوسط في أغسطس """,2
#حط_نفسك_مكان_البنت قبل ما تنزل لازم اهلك يكونوا عرفين رايح فين مين هيكون معاك هتروحو ازاى مين هترجع متى و هترجعو ازاى,2
كل مصرى حر فى المانيا يتوجه ظهر غد الى وزارة الخارجية الالمانية فى برلين لاعلان معارضته لمؤتمر الانقلاب وترعاه ملكة الاردن,1
أحد الحضور: نحن محبوسين في مصرلعدم قدرتنا على التواصل مع المجتمع,2
أحمد شفيق يعرض خدماته الانتخابيّة على #السيسي,2
"شاهدوا حلقة جديدة من برنامج ""بسمة أمل"" مع قصة واقعية بعنوان ""واحد قهوة على الحساب !!!"" هكذا تكون الإنسانية",2
"#الوطن | ""#الزند"" و""#عكاشة"" يصلان الكاتدرائية للمشاركة في قداس #عيد_القيامة المجيد #مصر #اخبار",2
"الانقلاب معه الرصاص والنار والغاز والتعذيب والضرب والسجن والمال والاعلام والجهلاء والجبناء, الشعب وحده سيسقطهم جميعا بالسلمية",0
يا شباب فى خاصية جديدة أطلقها موقع الفيسبوك لكى تصلك منشورات الصفحة دائما قم بإختيار ( ),2
أصداء الثورة التونسية قبل أن يحرق العرب أنفسهم في آخر كلام الليلة في العاشرة مساء بتوقيت القاهرة الثامنة مساء,0
وانت بصحة وسلامة يا إلي صباحه يا باشا,2
#غرد_بطولك #امك_في_كلمتين #الانستقرام #جملة_اذا_قلتها_لاتصدقني #القنفذة #خميس_مشيط #حفر…,2
شاهد - آخر كلام: مشاريع قوانين وزارة الداخلية #,2
شاهد - د محمد فؤاد جاد الله: هناك مشاركة في صنع القرار من التيارات القريبة من الرئيس #,2
و فجأة فيس بوك كله بقي و !! عن #الامتحانات أتحدث !,2
#تويت_برسمة_انت_راسمها ابداااااع المذاكرة بتطلع الفنان اللي جوانا,2
#سري ويرد الصباح على كلام سعود الفيصل (أنا لن اقبل تهديدك لي وللكويتيين بهذه اللهجة ),2
تحرير المحكمة الدستورية,2
"إنه أحد ""المفقودين""…",2
صباحكم سحابة مُثقلة بالسعادة ، تُمْطِرَ قلوبكم بالخير والتوفيق والرحمة والعافية والدعوات المستجابة لكم ولمن تحبون  ௸✍ #مطر,2
الوطن | الدستور تقييم ختامى لباب الحقوق والحريات (17) | عمرو حمزاوي:,2
3 يتناقض مع واجب الشرطة التورط في العنف أو التصعيد مع المتظاهرين,0
"""العليا للانتخابات"": 188 ألف توكيل للسيسي و31 ألفا لصباحي #ماسبيرو #كشوف_العذرية #ستوكهولم_سيندروم #كما_تكونوا_يولي_عليكم",2
شاهد - آخر كلام: أسرى مصر في سجون إسرائيل #,2
"""_6: رَبٰاه عَطفك إذا ضَاقَت بِنَا الـصُدور """,2
جمعة مباركة تحرير وتطهير مصر واجب اخلص النية وجدد النية لله وحده انزل احشد اهتف سلمية سلمية سلمية,2
على سبيل #السعاده انا صديق مجدى,3
الطرطور: 30 يونيو رد فعل رافض لاستنساخ النظام الأسبق سؤال للطرطور:ماذا فعل القضاء الشامخ للنظام السابق؟,0
2050 البرادعي مواقفه انضف بكثير من بتوع أكبر قيادي إخواني أو سلفي ده تاريخ ومش هتعرفوا تغيروه الراجل ما بيريلش ع الكرسي,1
قصة العجوز الحكيم و محرك السفينة رااائعة,3
(مما خطيئاتهم أغرقوا فأدخلوا نارا فلم يجدوا لهم من دون الله أنصارا) [نوح:25] #تاملات_ايمانية #غرد_بالخير,2
يا جماعة المشكلة مش فى الفيديو ولا فى الشريط ولا فى المكان إحنا فى حد فينا نيته وحشة :):) #الثورة #فيلم_ثقافى,2
كل البلاوي اللي #الداخليه هتعملها بعد كده فينا هتبقى بإسم #مكافحة_الارهاب وهنرجع تاني نغني لفق لفق في القضيه بتاعت #الالتراس #النظام_هو_هو,0
"اعتصموا في رابعة, الجيش والشرطة حرقوها قالوا حنعتصم الجمعة 30 اغسطس فى سفينكس العصابة سبقتهم لسفينكس والجيش والشرطة حرقوها",0
#الجامعة_العربية تؤكد دعمها #للرئيس في مواجهة الضغوط #الإسرائيلية تفاصيل في التعليق الأول,2
ما رأى أهل الفن والثقافة والسياسة وحقوق الإنسان والمرأة في اعتقال ابن خيرت الشاطر وابنة د الشواف وزوج أخت البلتاجى؟ أكيد غلطة الاخوان,2
خاطرة جديدة عن التنوع و الإختلاف,2
دهاني سري الدين والفنان محمود العسيلي ضيفا #يوسف_الحسيني الليلة في #السادة_المحترمون,2
تحكي بروحك كلوبيستي وولد جمعية دز جام وإكتب كمنتار فيه #اثبتوا وجودكم ولاد الجمعية,2
#ذات_مومنت لنا تغوجئ ان امتحاناتك الاسبوع الجاى وانت مفتحتش كل المواد # ساقطين ساقطين ساقطين ساقطين #تجارة…,2
من فعاليات الحملة : يقوم د عبد المنعم أبو الفتوح اليوم بجولة ميدانية يلتقى خلالها ببعض اهالى الجيزة للتواصل معهم بشكل مباشر,2
وأن يسهر على محاسبة قانونية ناجزة وعلنية لمن ارتكبوا العنف واعتدوا على كنيسة دهشور وأن لا ينتهي الحال إلى اللا عقاب واللا عدالة كأحداث سابقة,1
#ﻟﻮ_ﺍﻟﻌﺎﻟﻢ_ﻣﻔﻬﻮﺵ_ﻣﺼـﺮﻳﻦ_!! ﻛﺎﻥ #ﺣﺴﻨﻲ_ﻣﺒﺎﺭﻙ ﺍﺗﻌﺪﻡ !!,2
#غرد_للعين #الوصل #الوحدة #الهلال #النصر #ريال_مدريد #برشلونه #ميلان #مورينهو #رونالدو #ميسي 😝😝😝😝,2
"#الشروق | ""الطب الشرعي"": حصيلة قتلى #رابعة 377 حالة بينها 11 تم ""حرقها"" بعد الوفاة """,2
باسم يوسف يشعل حماس المتظاهرين أمام الاتحادية,2
الي جميع الناخبات و الناخبين نائب البرلمان يتحمل هم الدائرة و الوطن و لا يفرق بين من صوت لة و من لم يصوت لة,2
أنا ضيف _:الفنان المصري عمرو واكد ضيف #مجلس_مهيرة ا لآن تابعونا هنا على تويتر,2
بإذن الله سيعرض برنامج عُمر صانع حضارة على قنوات: والمحور والنهار، والمواعيد كالتالي: قناة أم بي سي:,2
#الحب_هو أن تُشْبِعَ حبيبكَ اهتماماً قبل إشباع رغباتِك..!”,3
أنا بحب الرقاصات وهما فوق راسى؟! انت نجس اصلا يا #انتخبوا_العرص,0
#نفسي احس ان في امل في مستقبل احسن اخلاقيات احسن ظنون اقل,2
شاهد - ' حزم الحرية الأمريكية #,2
بينما اشار #حمد الى أن الهجوم #الإسرائيلي على #غزة جريمة حرب وفق المواثيق والقوانين والأعراف الدولية مسوخكم إعتبر…,2
قرأت عن مواجهة شعب الارجنتين لارتفاع اسعار البيض وتعلمت الكثير وادعوكم لمقاطعة اى سلعة يرتفع ثمنها شكرا اسرة كلنا د/ علاء صادق,2
"نننتظركم غدًا في القاعة 23 بكلية الحقوق_مبنى كلية التربية, في #الأصبوحة_الأدبية لنعيد بعث صالون #مي_زيادة الأدبي",2
الم يكن من الأحسن ان تؤجل الانتخابات أسبوعين تضامنا مع شهداؤنا الجدد و حتى يتوفر الأمن و الهدؤ لكى نذهب جميعا لنحتفل باول انتخابات حرة؟,2
"سعوديون يطالبون الجيش المصري باختراع علاج لكورونا على شكل ""صباع الكفتة"" #اللى_رافضين_السيسى_رئيس_بيعملوا_فولوا_لبعض",2
! اللى خلف ما مات!,2
المطالبة بتطبيق الأحكام العرفية واستعادة الأمن في الفقرة الأولى من آخر كلام الليلة ويستضيف: أ محمد مصطفى شردي - أ ضياء رشوان,2
حسب الأنظمة والإجراءات المتبعة في الداخلية أجبر هؤلاء على تقبيل أحذية الضباط يوم الأربعاء الفائت #البحرين #اعتقال …,2
شاهد علي هذا الرابط: بدء لقاء دعمرو خالد,2
الصلاة على أرواح 19 من شهداء الثورة مجهولي الهوية بعد صلاة العصر في مسجد السيدة نفيسة,2
هل الكتابة مجدية أصلا؟ إجابة من توفيق الحكيم وتطبيق من ناظم حكمت في فن مكافحة الغائط,2
اللى عايز يساعد غزة محتاجين جراحين مخ وأعصاب،أوعية دموية،عظام السفر بمعرفة اتحاد الأطباءالعرب التواصل مع دهشام,2
العيسى: لا دخل للدول الكبرى والصغرى في مناهجنا,2
أتمنى على الجميع التعقل والعودة سريعا إلى التنسيق الانتخابي والعمل على إنجاحه,2
"أصحاب شخصيه ""#أبلة_فاهيتا"" الحقيقيين هما ""حاتم الكاشف"" و""شادى عبد اللطيف""",2
صباح الخير #أسيوط / #نزلة_عبدالاه #الأسايطة #ولاد_البلد تصوير: أحمد دريم,2
انا دخيلك؟ من عيون الخلايق لا عاد؟ تترك في عيوني #علامات,2
البطل الشرقاوى أحمد الشحات يجدد ذكرى سليمان خاطر وسعد ادريس حلاوة وأيمن حسن تحية لأرواح شهدائنا ونضال المقاومين المستمر ضد العدو الصهيونى,1
#خلق_جميل الكرم,3
ع ج على جمعه عار جسيم,2
#كن_من_المسبحين #غرد_بالخير #غرد_بذكر_الله سبحان الله الحمد لله لا اله الا الله الله اكبر ولاحول ولاقوة الا بالله,2
#الميدان|اتحاد طلاب جامعة الأزهر يصدر بيان نطالب فيه كافة المنظمات الحقوقية المحلية والدولية بسرعة التدخل و الضغط,2
الانتخابات البرلمانية القادمة محطة كبرى، فإما تقارب بيننا وبين الدولة المدنية بمعانيها غير العسكرية وغير الدينية أو تباعد بيننا وبينها,3
اعداد كبيرة من الامن بزي مدني خلف الصف الاول للأمن المركزي عند ناصية مجلس الشعب #الداخلية_بلطجية,0
وزير الداخلية كان عصا في يد الإخوان ولا يصح أن يظل في منصبه #السادة_المحترمون,0
#الزملكاوية_بيعملوا_فولو_لبعض,2
83 مصلحة الشعب فوق اي وسيلة,2
الليلة على قناة الحياة انا ضيف نيشان الساعة 10:30,2
الفحم وصل يا استاذنا واحنا واقفين نتفرج #أوقفوا_الفحم #حكومه_تقتل_المرضى,0
أهم حاجة لازم تتعرف هي مين سلح كل الناس دي,2
سوَّاح و انا ماشي ليالي سوَّاح و لا داري بحالي #عبدالحليم_حافظ,2
أصدق مافي تاريخ حسنين #هيكل هو عملة من أجل قطر وعلاقته بأمير #قطر,1
الوطن | عن دستور الجمعية التأسيسية ومواده (2) | عمرو حمزاوي,2
صورة وشهادة الزميلة داليا رضوان عن واقعة الإعتداء عليها من قبل الداخلية بسبب دبوس عليه 6 ابريل #الداخلية_بلطجية,0
شوفتوا؟ الدنيا مش سودة قوي,2
شاهد - آخر كلام: أسماء محفوظ بعد مثولها أمام النيابة العسكرية # #,2
#جهاد_اللحام: #المحكمة_الدستورية تتلقى أول طلب ترشح ل #رئاسة_سوريا,2
يوم 13 نوفمبر محكمة القضاء الإدارى أجلت دعوى إلغاء الإعلان الدستورى الأول الذى أصدره الرئيس إلى 22 ينايرالبلد لم تكن فى,2
بادافع عن واحد قال عني شخصيا عميل وخائن وجاسوس وتسبب في تشويه سمعتي عند كثير من المصريين! شفتي إزاي؟!,1
ﻭﺍﻗﻮلك ﺍﻳﻪ ﻃﺮﻳﻖ ﺍﻟﻜﺮﻩ ﺍﺧﺮﺗﻪ ﺍﻳـﻪ ﻭﻫﻲ ﻗﻠﻮﺑﻨﺎ ﻣﺎﺗﺖ ﻟﻴﻪ ﻟﻔﻴﻦ ﻫﻨﺮﻭﺡ ﻣﺎ ﺑﻴﻨﺎ ﺷـﻴﻄﺎﻥ ﺍﻣﻠﻨﺎ ﻳﺎﻭﻃﻦ ﺧﻠﺼﺎﻥ ﻣﺤﺪﺵ ﻓﻴﻨﺎ ﻣﺶ ﺧﺴﺮﺍﻥ ﻭﻻ ﻣﺠﺮﻭﺡ #ﺣﻤﺰﺓ_ﻧﻤﺮﺓ,1
حين نناقش قرار للحكومة نتحيز له بحجة :بلاد بره كلها بتنام بدري،تيجي لاطلاق حرية العقيدة: احنا مالنا ببلاد برة؟,1
الأسواني: كيف لمؤمنين يحرصون على الصلاة والصيام والا يفعلوا شيئا حراما او حتى مكروها أن يتحولوا الى جلادين؟! >>,2
أنصار الإخوان يعتدون على طاقم قناة أون تي في أمام الإتحادية #السادة_المحترمون,2
"د علاء الأسواني يكتب مقاله الأسبوعي بعنوان ""هل المرأة انسان؟؟"" ينشر صباح غد الثلاثاء في جريدة ""المصري اليوم"" >>>",2
دعبدالمنعم أبوالفتوح أثناء حديثه مع أحد الأهالى,2
ألا يعلم الوزير المتدين أن الكذب حرام، وأن الله لن يقبل صلاته إذا كان كاذبا,0
#البوابة_نيوز: في خطاب لــ #محلب و6 وزراء #المركز_المصري: استخدام #الفحم كارثة:,2
عضو في الكنيست: لابد أن يكون في كل بلدة يهودية عربي واحد على الأقل وإلا فماذا أفعل لو تعطلت ثلاجتي يوم السبت؟,2
ال ع الشمال ده زيت #باسم_عودة الإرهابي أما اللي على اليمين ده زيت الإستقرار بتاع #السيسي م ل,1
امارات الندامة تفرض شروطها لاستمرار دعم الانقلاب قبل اربعين سنة كانت اكبر امنية اى بدوى منهم انه يزور مصر منك لله يا سيسي,0
مرسي بيعمل جلسات الحوار الوطني عشان يفرح لما يلاقي حد يقول له السيد الرئيس فينسى اللي حصل وبيحصل له في المحافظات وقدام الإتحادية,0
"#الوئام مناورات ""سيف عبدالله"" رسالة قوية عنوانها… أمن وطن وسلاح أمة #السعودية #الكويت #البحرين",2
حزب #المصريين_الأحرار يعلن تأييده للمرشح الرئاسي #المشير عبد الفتاح #السيسي,2
"رحم الله من قال : "" أقم الدولة الإسلامية في نفسك يقيمها الله على أرضك "" #حسن_البنا",2
#المحلة_الآن | حان الآن موعد صلاة #المغرب حسب التوقيت المحلي لمدينة #المحلة_الكبرى عَنْ أُمِّ المؤمنين أم,2
""" توفني مسلماً والحقني بالصالحين "" فلا تعش بعيداً عن #الله وتطلب #السعاده",1
"#اجتماعات برعاية #أميركية لبحث تمديد #المفاوضات #الفلسطينية ـ ""#الإسرائيلية""",2
#طيب_نفسي كل الناس تبقى على طبيعتها و ميكدبوش على بعض #كيوت_أوي_أنا_في_نفسي,2
رأى منقول صادم جدا ليس كله بطبيعة الحال صحيحا ولكنه صارم فى الحق فى نقاط كثيرة وأقدمه لكم كما هو دون اى تدخل نقلا,1
قتل مع سبق الإصرار والترصد لحظة قتل أدمن صفحة إخوان كاذبون أمام قصر الإتحادية,2
والله كنت مسافر وبعدين عيان وشكلي هاغيب فترة عشان فجأة صحي مشروع فيلم مهم كنت باحلم بيه من زمان ويبدو إنه هيتحققهاغطس شهرين كده,2
فيا من يبتغي جنات عدنٍ تقدم لا تكُن في القاعدينا و خُض غمرات حرب في ثباتٍ فعُقبى خوضها للمُتقينا #تحريض,2
انها قنبلة موقوتة استمر فى تطبيق قانون الطوارىء و خاطر بالانفجار,0
حرق الكنائس وقتل الناس وتعذيبهم وقطع أصابعهم وألقاؤهم من فوق الأسطح وذبح الضباط كل ذلك في نظر الاخوان من حقهم والا اعتبروا انفسهم ضحايا,0
صحف الفلول تخسر بفداحة لا اعلانات لا توزيع لا ايرادات تخفيض النفقات يجبرها على طرد مئات العاملين من اعان ظالما,2
_بل هو العقل لان اسفل النعل ملئ بالقاذورات و القذارة فكيف تكون طاهرا اذا مسحت اسفله بعد مشيك في مكان نجس,1
بالفيديو | الجوهري : مصنع أسمنت تيتان اعتداء على حق مواطني وادي القمر في الحياة ##كفاية #اوقفوا_الفحم,0
": : ""كونوا على يقين أن هناك شيء ينتظركم بعد الصبر ليبهركم فينسيكم مرارة الألم!"" قولى يا رب !",1
# #_ #أنا_رسام #تويت_برسمة_انت_راسمها,2
هامش للديمقراطية ــ أولوية اقتصاد السوق والعدالة الاجتماعية - عمرو حمزاوي - بوابة الشروق,2
#سنن_نبوية || #سنن_قيام_الليل قال رسول الله - صَلَّى اللَّهُ عَلَيْهِ وَسَلَّمَ -: (أفضل الصيام بعد رمضان شهر,2
ليه مستكترين إن الست تنفيطيب شكرا ليها إنها نفت كلام طائفي زي دهولازم يتم عمل تحقيقات قضائية لإثبات وجود قرصنة ولو طلع كدب ساعتها تتحاسب,1
لما يكون الحل انك تتمشى ومش قادر بس هتتمشى #يحدث_الان حتى المتعه بقت #لازم !!,2
أميركا تغيّر أولوياتها,2
السلطة الفلسطينية تستقدم خبراء قانون دوليين بشأن المحكمة الجنائية,2
كن طموحاً فليكن هدفك بلوغ القمر فإن فشلت في الوصول اليه ستحط بين النجوم,2
حيث إن أصل استخدام الكلمة كان للمجند حديثا في الجيش العثمانلي، ودا كان غالبا فلاح، ودي كانت بتعتبر شتيمة #أصل_كلمة_مصرية #لغةمصري,1
للأسف لا معلومات إلى الآن عن هاني سمير لوقا، بقية الأسماء في النيابة، محمود القرش في طرة وعرض على النيابة وسيعرض غدا مرة أخرى,2
الرضا بماا كتبه الله لك~ يجعل لك الحياة كما تريد♡,3
أثق في رؤيةأحمد سعيد وأعلم التزامه بمبادئه وأنا معجب بتصريحه أن الحزب يستطيع أن يكون حزب الأغلبيةوأتمنى فوزه في الانتخابات لتحقيق تلك الرؤية,3
حتى لا ننسى,2
أحياناً يكون العدو الذكي أفضل من الصديق الغبي,2
وهل برايك استمرار المظاهرات هو الحل حتى لو كان على حساب اقتصاد واستقرار البلد؟ #مجلس_مهيرة,2
‏ الأسواني: كيف لمؤمنين يحرصون على الصلاة والصيام والا يفعلوا شيئا حراما او حتى مكروها أن يتحولوا الى جلادين؟! >>,2
يازين #مضامير اشتقنا لها 😿,2
محمد_مرسي بميدان #رابعة_العدوية وقت الحملة الإنتخابية هل يستطيع السيسي أن يخرج من مخبأه لترويج لحملته؟,2
أنزل انتخب ساعات قليله ويتحدد مصير مصر مدنيه أم دينيه أرجوك حرك كل من حولك,2
قلب الوطن مجروح لا يحتمل دين ام #عسكر #منير,0
"#متصدر_لاتكلمني, #النصر_الشباب, #الهلال, #اكشن_يا_دوري شجع ناديك بدون تعصب مع برنامج الايفون الرائع 593",2
الهتافات تتصاعد فى المحلة ضد الإعلان الدستورى والرئيس مرسي,2
#6ابريل صباح الغباء # خلطة نقاء وغباء ثوري النتيجه حزب وطني #نيولوك #الحرية_للمعتقلين #ماهر #دومه #عادل # #…,0
الأسواني: الدم سوف يعلق بيد كل من يشترك في هذه الانتخابات الباطلة فلنقاطع الانتخابات وننضم الى,0
نجحنا في القضاء على 99% من البؤر الإرهابية …,2
‏مبارك عليكم الشهر! ‏#رمضان_كريم‏,3
طب طلع ايسكو و #نزل_صلاح بقى,1
#مصر_القوية |1- قامت الدولة الحديثة بالأساس على فكرة الفصل والتوازن بين السلطات من خلال التزام الجميع بالقانون العادل المك…,2
"#الوطن | #الدعوة_السلفية تفتتح مركز ""النور"" الطبي بـ #الزقازيق #اخبار",2
#مصر ≡ مصر سلطات الانقلاب توقف وفد حقوقي بمطار القاهرة (Ҩ) #انتخبوا_العرص,0
شاهد - آخر كلام: إضراب عمال النقل العام #,1
ومهما قالوا الناس ناديكوا #ضاع وخلاص هافضل وراه عـ طول دا اسم #غالى عليا ومهما يعمل فيا والله بنحبك يا #زمالك #الزمالك,2
فن مكافحة الغائط!,2
سؤال للدكتور عن متاعب الفلاح المصري والبناء على الأراضي الزراعية,2
عندك تيخقنيخعتق !! بيقول ااه بس للأسف خلص ياباشا !! #لازم يجذب,2
"بيونغ يانغ تشبه رئيسة #كوريا_الجنوبية بـ""عاهرة"" و #أوباما بـ""قوادها"" #كوريا_الشمالية #أمريكا #العالم",0
أغلى 10 #سيارات #شرطة | #فيديو #يوتيوب,2
سيد قطب في دقيقة #الإخوان #إنصاف_الإخوان #مصر,2
الوفد - علقة لـ #محمدفؤاد وتامر بجاتو من بودي جارد في #الجونة -,2
ذو العقل يشقى في النعيم بعقلة و أخو الجهالة في الشقاوة ينعم #أروع_أبيات_الشعر_العربي,1
بسمة أمل للمخطوبين و المخطوبات و المتزوجين و المتزوجات و الكاتبين كتابهم و الكاتبات : ),2
"سلطات مطار #الأقصر تفحص طائرة تجسس بحوزة راكب عائد من #جدة """,2
تحية وتقدير لچورچ اسحاق ستبقى دائمًا رمزًا للشجاعة والوطنية وإنكار الذات الثورة مدينة لك بالكثير,3
عايز تعرف دي ثورة ولا انقلاب ! شوفت قيادات الوطنى لحظة القبض عليهم وهما بيغطوهم بملايات ! طب شوفت قيادات الإخوان وهما بيب…,0
"أبرز عناوين #الصحف ""#الإسرائيلية"" صباح يوم الاثنين",2
الإنسان الناجح، هو من يظل يبحث عن عمل، بعد أن يجد وظيفة#عمرو_خالد,2
نص الجزء الثانى لحوار أبو الفتوح لموقع الجماعة الإسلامية,2
بعد ذهابي للقصر العيني القديم ومعرفة أن حالات الإصابة تقريبا 30، 8 إصابات بأعيرة نارية، عدت لقسم قصر النيل وتقدمت ببلاغ ضد المجلس العسكري,2
#بالعربي #عشان_متأثره #وحشاني_فشخ #وحشني_الكلام_معاكي #وحشاني_قاعدتنا #عايزه_احكيلك_كتير #مفتقداكي,2
#فى_مصر_الموازيه فى طاقة رياح وطاقة شمسية #مصر #أوقفوا_الفحم #إزرع_فى_البلكونة #,2
إجراءات حاسمة للحد من ارتفاع الأسعار لبعض السلع #السادة_المحترمون,2
"اعلام العار قلب الدنيا صراخا على خسارة المنتخب من غانا ولم ينطق على دهس سيارة للطلاب امام جامعة الازهر, شياطين فى صورة مذيعين",0
لو اصبح كل الناس ثوريين، ولكن لم يوجد اي تحرك اجتماعي، تأكدوا لن يتغير شيء من يريد التغيير، يجب ان يتحرك على ارض الواقع #ا…,2
"#المجد_للمبتسمين_صباحا #غرد_بصورة , كل ما افتكر الراجل ده بحمد ربنا على اللي إحنا فيه :))",2
البوء المعفن ده انا سمعته فين قبل كدا !,0
#حمزة يطالب بإلغاء قانون #التظاهر والإفراج عن #دومة,2
أنهيت إجتماع مع عدد من مستشاري الحملة لوضع اللمسات الاخيرة على برنامجنا للوطن قبل إعلانه بشكل نهائي,2
#صباح_الخير #صور_كنك_بنت #لو_كنت_المتحكم_بالتويتر #رتويت 7 #1فاضي,2
وصول سفينة #أمريكية إلى #السودان حاملة مساعدات لنازحي #دارفور,2
محدش عنده #ضحكة سلف,2
"انفجارات #جامعة_القاهرة ""تضر بثورتنا السلمية"" …",2
تطبيق القرآن الكريم ساهم بنشره فكم شخص سيقرأ ويختمه؟ولك مثل أجره للأيفون للاندرويد…,2
#رصد | تظاهرات ووقفات احتجاجية منذ صباح اليوم بجامعة #الفيوم نظم طلاب جامعة الفيوم اليوم عدد من الوقفات …,3
اذا أجريت الانتخابات بنفس القضاة والضباط الذين اشرفوا على التزوير بنفس النائب العام مع احالة من يعترض الى محاكمة عسكرية النتيجة معروفة,0
لا ولن أوظف أبدا عمل الخير للانتخابات أو السياسة دعوت للتبرع للخير قبل رمضان واستخدمت تويتر وفيسبوك كوسيلة للتواصل وليس لمغازلة مصر الجديدة,1
3 القضاء المصري أتى بمرسي رئيس ما تقوله يعني أن نتيجة إنتخابات الرئاسة باطل القضاء سلطة دولة وهكذا مرسي هو الدولة مرفوض,0
"سبع دروس مستفادة خرجنا بها من حلقة ""دردشة تيوب"" التي أذيعت الأحد الماضي عن اهتمامات الشباب العربي على الإنترنت",2
سيتم إفتتاح مستشفى الحروق قريباًدجابرجاد نصار يشكر #يوسف_الحسيني و #السادة_المحترمون و # …,2
#لما اوحشك غمض عينيك وانده عليا انا هسمعك وهحس بيك وتحس بيا صورتى ف ايديك بوسها بعنيك وبعتلى ورده #وياك,2
اللهم بلغنا رمضاااااااااان #نفسي يرجع بقا,3
بلال فضل ومصطفي النجار عن فاشية التعذيب في سجون وأقسام الشرطة بعد الانقلاب يكشف ان مصر ترتد لعصور العبودية، فظائع لا توصف,0
فى وطنى يموت من لايستحق الموت على يد من لايستحق الحياة #سأنتخب_السيسى_و_مش_هنزل_لمستواك,1
برضو مصرين إن فيه مفاجأة! عمال أقول لكم اسمي إبراهيم تقولولي لأ إنت اسمك عباس خلاص إنتو أدرى,2
الرأى والتعبير فى خطر !,2
اشهد ان لا اله الا الله واشهد ان محمد رسول الله الثورة ستنتصر ان شاء الله,2
الحقوا عكاشه تدخل والبطة اعترفت قبضت من الشاطر,2
#نبض_رابعة | #شبرا الخيمة تواصل انتفاضتها ضد حكم العسكر انطلقت مسيرة حاشدة بعد صلاة العشاء من أمام مسجد الهوانم,2
": #تعطل_الواتساب #توقف_الواتساب #الواتساب_معلق تأملو هكذا """,2
لا علاوة سنوية ورفع اسعار الطاقة وكل السلع وفلوسنا 65 مليار دورلار في #سويسرا !!! #لن_ندفع_الفواتير #مصر #الاهرام #الاخبار #الوفد #الاعلام,2
استهداف في بيت لاهيا ووجود اصابات #عاجل_من_غزة #غزة_تحت_النار,2
المصري اليوم| السفير حسام القاويش، المتحدث باسم #مجلس_الوزراء، للإعلامية #جيهان_منصور في برنامج #صباح_التحرير:,3
لولا فيلم الرصاصة لاتزال فى جيبى كنت نسيت ان النهارده عيد #تحرير_سيناء 'مع ان مفيش علاقة بينهم' #مصر,1
هل أصبح كل المصريين فى أوروبا اخوان؟ أجمل وأشيك الفتيات والرجال هتفوا ضد العسكر والانقلاب فى جامعة سواس كل مصر ترفض الانقلاب,2
طيب وين القانون اللي يحميني إذا تحرشوا البنات بـيّ ؟ #ام_بي_سي_في_اسبوع #تحرش,2
هل تعلم؟ #نيوكاسل يتفوق بالمواجهات المباشرة على #ارسنال في تاريخ الدوري الممتاز الانجليزي؟ بعد قليل أرقام واحصائيات للفر…,2
ما الذي يجب أن تعرفه كل #امرأة عن سرطان الثدي؟ #سرطان_الثدي,2
«ماسبيرو» يسدد 24 مليون جنيه ديوناً لـ«الإنتاج الإعلامى»,2
المصريين,2
_ !!!! اريد ان اشخر لكن اخشي عليكم من الضجيج #الكورة_للجماهير #رجعوا_الجماهير يا ولاد ال…,1
وفي ألمانيا، مرر البرلمان في 2009 تشريعا يحظر المواقع,2
الاخوان يطالبون الشرطة بالاعتذار لأنهم غطوا عيني جمال صابر اثناء القبض عليه وماذا عن 80 شهيدا هل دمهم حلال لأنهم ليسوا إخوانا سقوط أخلاقي,0
بصراحة دى اكتر حاجه بتخلينى مش بحب تويتر موضوع الفولورز,2
الأرسناليين الي يدافعون عن فينقر وصلون لمستوى حومة تسبد ما عمري وصلته، مدرب محترم وكبير وقدير، بس خلاص ياخي كل شي له عمره! #ارحل #فاردز #طس,1
تكبيررررررررررررررررر مسيرة احرار #المعادى الان,1
#الهلال #النصر #الأهلي #الأتحاد #جده #رتويت #شعر #السعودية #الكويت #الإمارات #قطر #دبي #الرياض #غرد_بصوره 4559,2
أنت شخصية عامة ياأخي الكريم لابد أن تتقبل النقد الساخر كما نتقبل نحن التكفير والتخوين من مشايخكم وأنصاركمغفر الله لنا ولك,2
"الشاهد — #مفاجأه تقجرها "" #رويترز"": قصة #أسرة ناقوس ينذر #بتصاعد خطر #التشدد في #مصر التفاصيل",2
في حد إبن حلال عمل الفيديوهين بتوع ناسا جنب بعض عشان يبطلوا مغالطة ويقولوا ده نفى في فيديو تانيإتفضلوا الفيديو أهوه,1
عندما يتحدث عزمى مجاهد عن المبادئ والأخلاق في الرياضة ويهاجم نجوما ساندوا الحق والشرعية في رابعة والنهضة، نحن في زمن لميس وكل خسيس,0
د عمرو الشوبكي يقرأ تطورات اليوم والشاعر أمين حداد يقرأ آلام العام - آخر كلام 11م,2
د أبو الفتوح : رقابة الدولة على الأفكار يحول الناس الى مؤمنين منافقين وهذا ما لانريده ولا نقبله,0
يبقى الكلام دائما أرخص من الدم، ويبقى الفقير هو الضحية المفضلة، وتبقى مصر كما هي تحب ولادها مقتولين، ولا حول ولاقوة إلا بالله,0
#شنطة_مايكل_كورس_٢٠١٤ #مايكل_كورس #شامواه السعر٢٠٠﷼ #هاي_كوالتي عرض خاص لمدة أسبوع #تخفيضات #الواتس_اب 0506968396 …,2
الشيخ طلحة توفيق (سورة #الملك) 1412هـ - #شغلات_تعدل_مزاجك #مزامير #ما_يعدل_مزاجي_غير,2
78 الدكتور عنده ندوة في الاسكندرية الاسبوع القادم وكان لديه جولة ميدانية في الجيزة الاسبوع السابق,0
"البديل | البديل "" أبو الفتوح: توريط الجيش في السياسة أكثر من اللازم خطر على الأمن القومي",0
114 _ الآن,2
ملعب #ريال_مدريد #سنتياجو_برنابيو 😍لبيه ملعب يفتح النفس 😉,2
"من كتاب دعوة للتعايش للدكتور عمرو خالد : ذات مرةٍ قال أبو حنيفة: ""أنا أرى كذا""، ولم تنتهِ المناقشة، فكتب أحد",2
عبر #أردوغان عن استغرابه من قيام شخص يدعي أنه رجل دين بالتنصت على رئيس الحكومة ووزرائه وقال أن ليس من أخلاق الإسلام التجسس ع…,2
دليل المراسل الصحفي - وكالة رويترز,2
رغم التضييق الامني الثوار يخرجون في مدينة نصر: #ثوار :)),2
لو اقدر اخليك جنبي ع طول ♡',3
يبدأ بتقديم مؤتمر اتحاد طلاب مصر,2
بقى الخولات #محمد_عادل و #احمد_ماهر بتوع #نشطاء_السبوبة #حمدين_صباحي عايز يطلعهم كده عادي ونكرمهم كمان! #احا,0
عمري ما كنت اتخيل اني هتحاور مع قتلة او متورطين في قتليتبع,0
ارجو من الشبكات اللي بتدعي انها اخبارية انها تشوف الكلام اللي بيقولوه على لساني اتقال هنا في على تويتر و لا لا,2
الببلاوي: تصنيف الإخوان تنظيما إرهابيا قرار سياسي #الببلاوي #مصر,3
اختيارلجنة المائة يجب أن يتم وفق معايير واضحة تراعي تمثيل كافة قطاعات المجتمع من رجال نساء عمال فلاحين مسلمين مسيحين وأهلنا في سيناء والنوبة,1
التعادل فى نهاية اللقاء قلل فرحة الاهلى لكنه خير لأنه سيجعل لقاء الاياب فى القاهرة حاسما ودور المصريين خلاله حاسم لاعلاء اسم بلدهم وفريقهم,1
"#احداث_من_الذاكرة مبارك يستنجد بالبلاطجة، عنوان من صحيفة الجمهورية الصادرة من مدينة تعز ""ويبدو العنوان خطأ"" #بكفي_حصار #اضبطوا_شركاء_المخلوع",0
بعد الغدر والخيانة اللى شفناها ومن الاخر اللى هنشوفه لابس بدلة #شرطة هيرجع لامه ملفوف في بدلته #ثورة_اسلامية,0
جيش السيسي يهدم بيوتنا؛ لإقامة منطقة عازلة بين سيناء وغزة أين أقنية التصهين؟ لا ورواري العربية يلطم، ولا منتهاه,0
"""مش عاوزين نسيب الروتين يموتلنا أحلامنا""عن إجراءات إنشاء صندوق تنمية الأسكندرية #السادة_المحترمون …",2
لمشاهدة بث حي لبرنامج #السادة_المحترمون مع #يوسف_الحسيني علي # من خلال تابع…,2
حكاية حلم انتهي #ثورة_25_يناير,2
270 يومًا على اعتقال المهندس #أبوالعلا_ماضي رئيس حزب الوسط ونائبه الأستاذ #عصام_سلطان,2
مدينة الأربعين / #أسيوط #الأسايطة #ولاد_البلد تصوير: أحمد دريم,2
"""1: انتخابات #نقابة_الصحفيين: #طارق_المومني_ نقيبا للصحفيين #الاردن"" الف مبروك عمي الاعلام مقاولة النا",2
مقال النقاب على موقع الشروق وفي كتابي مصر على دكة الاحتياطي ليس هذا موضوعنا الان اردت فقط ان ابين كيف يسلك الفاشيون عندما تختلف معهم,1
""": جرحى الغارات الصهيونية اليوم على شمال قطاع غزة #غزة_تحت_القصف رقم2 """,2
باربارا وأولاد السوءقراءة في مذكرات المذيعة الأمريكية الأشهر باربارا وولترز وعلاقتها بالسادات,2
مؤثر-جداً-وفاة-طفل-بـ-6-ابتدائى-داخل-المعتقل يا #دولة_الظلم #دولة_القهر براءة,2
انتصار مرحلى للسلطوية العربية #عمرو_حمزاوي #مصر #ليبيا #الجزائر #السعودية #اليمن #العراق,2
شاهد- رجلٌ يتغزل بـــ #فيفي_عبده مباشرة على الهواء 1 # #الحكم,2
#حمدين_قدوته_عبدالناصر #مصطفي_محمود عشان ده حبيبك وخدلي بالك أنت بلاش كل مثقفي عصر ناصر بلاش كل أحرار #إنقلاب_52,1
عزيزي السلفي الراغب في قتل نفسك من أجل منع رحلات الطيران القادمة من إيران، بالنسبة لرحلات الطيران الإسرائيلي القادمة إلينا كل يوم، إيه؟,1
اي أمرأة تصنع الحب والايثار والاهتمام والعطف والحنان مؤهلة ان تصبح أم مثالية,3
تحياتي يا بلد,3
قبل ما نسميه الشتا إللي فات من الكواليس,2
"""لقاء مع اردوغان""",2
#تعارف_بلاك_بيري #لستات_بلاك_بيري #قروب_بلاك_بيري #اضافات_بلاك_بيري #الخبر #عاجل #الدمام #الجبيل #الرياض #ريتويت,2
كنت حاسه ان الدور عالشعب قرب والنداله حتبقي في اي تجمع وأي مكان #سفله #الارهاب,0
تبادل اعلاني #اخر #الاخبار #القدي,2
هو توفيق عكاشة مش راح للعرص ليه ؟؟؟؟ #انتخبوا_العرص,0
أمريكا لا يهمها #شرعية أو #أنقلاب كل ما يهمها أمن #إسرائيل و #كامب_ديفيد #نصرة_شريعة_الله,2
"مش معقول يا جماعة أنا هتفاءل لوحدى شدوا حيلكم معايا و "" مدد مدد شدى حيلك يا بلد """,2
"هل تعرف معنى اسم الله الصمد ؟ ""الصمد"" الذى يُقصد إليه فى قضاء الحوائج ""الصمد"" لا يحتاج إلى أحد و يحتاجه كلُ أحد",3
شاهد - آخر كلام: سميح شقير، 'يا حيف',2
#بيقولك_أعرف_بلدك مدينة الآثار تحت الماء او مملكة كليوباترا، خليج ابو قير/ اسكندرية,2
_ مستقبل ايه اللي مستنينه في دولة الظلم و الاعدام و مصادرة الحريات #سنحيا_كراما غصبا عن المتخاذلين,2
"وكله كوم والتعليقات بتاعة الفيسبوك اللي تلاقي فيها واحد بينه وبين إسراء بتاع 8 سنين ويقول لي:""إزيك ياض يا وائل"" ياض؟ جيل أساحبي صحيح :)",2
"يهنئ حزب الوسط الدكتور عبد الفتاح ماضي بتعيينه رئيسا للمجلس القومى للشباب ويتمنى له التوفيق""",3
""" #الإخوان"" يفرشون ""ملاية #رابعة"" للنظام ونشطاء: صامدون ونحن نائمون #مصر #الإخوان #الإرهاب #الحكومة",2
""" ندوة دعلاء الأسواني في مركز إعداد القادة بالعجوزة ""الخميس القادم السادسة والنصف مساءً>> التفاصيل على هذا الرابط:",2
دا خنقنى من ساعة مدخلت على طنيطر والصدمة اللى جبتلى الشلل لما عرفت انه مسيحى ا,0
الوطن | من يتخذ القرار بالاتحادية؟ | عمرو حمزاوي:,2
العاقل من يصنع قارباً يعبر به النهر، بدلا من أن يبني حوائط حول نفسه تحميه من فيضانه '' #عمرو_خالد '',2
أتحدى أي شيخ من المتاجرين يطلع يقول الكلام اللي بيتقال قدام السفارة على الهواليه لإنهم يعشقوا التحريض بس وتسخين الشباب لإن ده بيزود السبوبة,0
صحيفة دير بوند السويسرية شركة اوراسكوم تخسر وتترنح وخسائر ساويرس ممول التمرد والانقلاب تتضاعف,2
محمد رُضا كتب عن الشتا اللي فات,2
"""19: ياعيال ياشباب لحد يجاوب بس #البنات نبي نشوف ثقافتهم 💃 """"",2
نشكرك تكلمتي بلسانا جميعا :),3
"#لو_ده_جنان_اتجنن واكتب على غلاف ورقة الاجابه ""اوعا تفتح الورقه ارجوك,,ارجوك""واكتب فى الورقه الي بعدها ""برده فتحتها ياحيواااان ""!!",2
انا وحده عايشه لوحدها ومش حاسه وحدها ; #شيرين,2
تم تدارك الخطأ,2
فيديو تعريفي عن أكاديمية التحرير:,2
خالد و البسطويسي و وابو العز مرشحو الثورة شخصيات وطنية عظيمة اتمنى ان يتوحدوا خلف حمدين لانه في رأيي الأقدر والأقرب للفوز,1
"إعلان برنامج ""مع التابعين"" #2_ #عمرو_خالد",2
اراعن ان تشيلسى هتكسب دورى الابطال السنادى #ذا_شامبيووونز,2
اعلام العار ادعى الوطنية عند خسارة مصر من غانا 6-1 واليوم يهاجم محمد يوسف بطل العالم للكونج فو لارتداء تيشيرت,0
"أبو تريكة عن صلاح وجدو: ""أحسن اتنين احتياطى فى العالم""",3
مصرىأولا و قبطي فخور و انت إيه و مين؟,2
لا بد من إقناع الرأى العام بأن قانون العقوبات المصرى يكفى للتعامل مع الانفلات الأمنى وأعمال العنف والبلطجة # #,2
نحن ندفع الأمل فى عقول و قلوب المصريين,3
#تيتو_فيلانوفا ، اول سنة تدريب حقق ال100 نقطة ولم يتحدث عنها الكثير مورينيو زليون سنة تدريب ويُلقب بـ سبيشل ون حقق ال100 قالو…,2
2 انسحاب جماعى للشركات التركية من مصر والوزير فخرى يلوم من أساءوا لـتركيا فى الإعلام الخسائر بمليارات الدولارات,2
عاجل : خمس الاف متابع خليجي بـ 200 ريال #الامارات #ابوظبي #دبي #قطر #الدوحة # #حمد #تميم #الكويت #السعودية 593,2
إخلاء سبيل هيثم محمدين بعد اتهامه بقلب النظم الاجتماعية للدولة! #السادة_المحترمون …,2
بنا #بيحبك وعالم بيك، عشان كدة منع عنك حاجة أنت نفسك فيها ومش خير ليك، وشايلك حاجة انت محتاجها اطمن لتدبيره #مصطفى_حسني,2
"مواجهات عنيفة بين قوات الأمن المصرية وأنصار جماعة ""#الإخوان"" بجامعة ""#أسيوط"" أمام البوابة الرئيسية للجامعة",2
التيار الشعبي وجبهة الانقاذ اكتشفا أخيرا أنهما بلا قيمة فى زمن الانقلاب بعد اعلان قانون التظاهر الجديد,0
"بنت بتقلد مايكل جاكسون عل الطريقه المصرية "" مسخررره "" #حط_نيزك_في_فيلم #النيزك #3 #أعترا…",2
المشكلة هي في أنصار الجدل العقيم، المشكلة هي في أحزاب وتيارات تريد دستورا رجعيا بنتقص من الحقوق والحريات باسم خطر متوهم هو مخالفة الشريعة,0
دعبد المنعم أبو الفتوح: لا يمكن السماح لاحد بالحديث بأسم الاسلام، ولكن يستطيع الكل ان يقدم مفهومه البشري للاسلام،,2
"عملي مع #الإخوان ""سبوبة""والنيابة تأمر بحبسه …",2
لماذا تقدّموا وتأخرنا؟ عن كوريا الجنوبية والتعليم!,2
إقالة يحى حسين بكل رقيه الاخلاقى وإخلاصه الوطني وكفاءته المهنية جريمة جديدة لسلطة غشوم جهولسينتصر يحيى مجددا ويندحر الصغار المنتفخون,1
"هههههه ""207: هههههههههههه #كمل_جميلك #السيسي_هايصالح #باسم_يوسف """,2
#معرض_الكتاب شيء غريب !!! ماهذا ؟ للأسف #حقيقة,2
أم حامد ابو حامد الاخت الى بتبوس ايد البابا بتهاجم وزير الداخلية وبتهدده بأمارة أيه يا بطوطة,0
صفحتنا على الفيس بوك عدت مليون,2
حزب الوسط يدعو اعضائه واصدقائه الراغب في التطوع والمشاركه في الحمله الانتخابية للتواصل معنا رجاء ترك الاسم والمنطقه,2
حمدي الكنيسي وعقاب صقر وهشام قاسم ومريم البسام وياسر رزق وبيير أبي صعب ضيوفي مساء الجمعة حول مشاكل الإعلام المستقل في مصر ولبنان أي خدمة؟,2
اللى كان بيدعم #أبوالفتوح فى الجوله الاولى بيدعم حمدين دلوقتى و كتتيييييير من اللى كان بيدعم #حمدين بيدعموا #السيسي !! ه…,2
عن اي مشروب غازي كوﻻ #حافظ_مش_فاهم,0
بسمة أمل - لا للتعميم خليك منصف زى إبراهيموفيتش,2
الرياض #القصيم #واحد_فاضي #الهلال #السعودية #النصر #النصر_الهلال #البدائع #الزلفي #حفرالباطن #مكة #جدة [2645700],2
صح لسانك ي ابو الابداع,2
ياخذون بالو و يعطوننا كافاني #تخيل 😍,2
معاهدة القسطنطينية دي من القرن اللي فات و ملزمة و مصر تتعرض لعقوبات دولية تصل الي حد فتحها بالقوة لو خالفتها لانه مجرى عالمي,2
الإرهابيين ضربوا آلى وجرينوف على الناس في العريش أثناء صلاة الجمعة!,2
الشيخ نبيل نعيم وحوار عن الاخوان وعلاقتهم مع الأمريكان #السادة_المحترمون,2
و يؤكد الحزب #مصر_القوية أنه مازال في طور بناء هيكله الأساسي وإعداد كوادره، والحديث عن تحالفات انتخابية محدده الآن,2
"""تحفة علاء الأسواني الجديدة"" مقال يكتبه الأستاذ الدكتور/ جلال أمين || بجريدة الشروق >> على هذا الرابط >> …الأدمن",2
نرفض تقييد حق الاعتصام وإعطاء سلطات مطلقة للأمن في منع التظاهر والمبالغة في العقوبات وتوسيع حرم منع التظاهر لا للقانون بصيغته الراهنة,0
هل يعرف أنصار شفيق القراءة ؟ الأسواني دعا لجبهة مع مرسي بشروط الثورة فلما لم يستجب الاخوان دعا الاسواني الى مقاطعة الانتخابات الادمن,1
نصر محروس,0
للزميلات والزملاء في حزب مصر الحرية، أؤكد تمسكي بالانتهاء من تأسيس الحزب والاستمرار في العمل داخله,2
سلاح جذب السيدات في جيش السيسي خلال إحدي المهمات الرسمية,2
#الشروق غدًا محافظ الغربية يفتتح المعرض السنوي للأنشطة التربوية: يفتتح اللواء محمد نعيم، محافظ الغرب #مصر,0
البرنامج - الحلقة 12 كامله:,0
قرار كويس وهايل و مستنيينه من زمانلكن #السادة_المحترمون,3
عندما قابلت الرئيس عدلي منصور طلبت منه إسقاط ديون الفلاحين،العفو عن سجناء الرأي،رفع نظام الكفيل و تحسين ظروف المصريين في #السعودية #مصر,2
#محاكمة_مرسي الظابط لاقيت مع المتهم موبايل بشريحتين وعليه صور بسلاح القاضي والصور علي انهي شريحة الظابط مش فاكر :),0
ليس غريبا على من يستحل سحل الجثث أن يستحل الكذبالمتطرفين يزعمون أني أحرض على قتل المسلمينإذا كنت معترض على قتل أربعة هادعو لقتل ملايين؟,2
و الله تستاهل ياقلبي ليه تميل مكنت خالي انت اسباب كل كربي وانت اسباب ماجرالي ايه بقي اللي هايواسيني بعد ماتهدت امالي #محمد_محسن,1
بلد بنت وسخة #المنصورة,0
علاء الاسواني: ان كراهية بعض المصريين لمواطنيهم الذين يحققون نجاحا عالميا ترجع للاسباب الاتية >>> أقرأ المقال كامل,2
أعفيك من متابعتي لأنك إما لا تحفظ لسانك أو لا تحفظ لي حقي في الاختلاف لكني سأدافع عنك دوماً إذا ظُلمت شكرًا,1
احنا قضينا عشر ايام فقط في تونس، وماحدش فينا بيتكلم فرنساوي ولا حاجة وفهمنا اكتر من تسعين في المية من كلامهمالكسل حجة من لا يريد التعلم,2
شكل اختتتتى وانا أقوولهاا الخبر ههههههههههههههههههههههههههههههههههههههههههههههہَ #توقف_الواتساب,2
#تحيا_مصر #مصر_جميلة #مصر_المحروسة #السيسي_هايصالح #السيسي_رئيسي_2014,3
الهمة العالية لا تأتي إلا من فكر عالي! #صباح_الخير #علمتني_الحياة #بمنظور_آخر,2
بيان اجتماع وزراء خارجية دول مجلس التعاون الذي انتهى منذ قليل في العاصمة السعودية الرياض #سحب_السفراء_من_قطر …,2
يتم الأن غسل الكعبة المشرفة اللهم ارزقنا عمرة قريبة آمين,2
بابا الازهر دعا لقتال معارضى الانقلابى وكشف جهله بالقرأن الى اقصى درجة تشعر بجهله فى حديثه عن الجزية اخر لخبطة,0
قاومت وكنت الشوكة في حلق التنين أرهبت الدبابات العزل بالسكين ! #جنين,1
ينفع كده فين العداله الاجتماعيه اللي بتنادوا بيها انتو بتويته واحده تجيبوا 1000 فلور و احنا نشتغل اليوم كله,2
شاهد - آخر كلام: د عزمي بشارة - ربيع الثورات العربية # #25,2
الانقلاب ينهب اموال الناس من البنوك وغدا يرحل ويترك المجتمع خرابة من يرد للناس يومئذ فلوسهم,0
آخر كلام يختبر تأثير الأصوات النوعية هذا الأسبوع أصوات الأقباط اليوم ١١م,2
ملخص مباراة #تشيلسي_ليفربول تعليق #فهد_العتيبي #غرد_للبلوز #تشيلسي,2
#يوميات #انسان #سوري ؛ هذه #الصور اصبحت من ابجديات #الحياة في #سوريا ويبدوا ان #العالم اعتاد عليها والفها ! #حمص #حلب …,2
#خلق_جميل تحترم اي امراءة وماتجرحها لابقول ولابعمل,3
غدا السابعة مساءً ندوة د علاء الأسواني في ساقية الصاوي التفاصيل على هذا الرابط >>,2
"#اللى_رافضين_السيسى_رئيس_بيعملوا_فولوا_لبعض #مرسي_رئيسي #انتخبوا_العرص #سيناء_خارج_التغطية #سأنتخب_السيسى """,1
علمو ولادكم إن مفيش حاجه إسمها #تحرير_سيناء وإن بطل الحرب والسلام حمار وإن سيناء هترجع ف اللحظه اللى يقرر العرب فيه رجوع #فلس…,0
"لمن يعتقد ان صداقتي بجون ستيوارت اليهودي تهمة,شوفوا حلقاته:هاجم منع المآذن في سويسرا,ومنع مسجد منهاتن وهاجم اسرائيل في اللي بتعمله في غزة",3
محظورة حكومياً وثورياً و شعبياً و قانونياً #السادة_المحترمون,2
مايكل أوين: أعتقد أن أعظم لاعب لعب لـ ريال مدريد في كل العصور هو كريستيانو رونالدو، يليه بوشكاش #اسطورة,3
#الكويت #السعوديه #البحرين #قطر #ا?مارات #عمان #العراق #مصر #تونس #الجزائر #المغرب #ا?ردن #السودان #لبنان 358,1
انصار الحرية والديمقراطية فى اوروبا وضعوا الشجاعة قبل اى شيئ اخر ناد ايطالي ينتظر موقف الانقلاب من عبد الظاهر,1
لما تلاقى واحد داخل الهشتاج تقوله خش بالشاعر اعملك فولوا لأ مش ده بس لازم الباك ايوه هو ده #وسط_البلد,2
المفاصلة بين الشعوب العربية وطغاتها الفاشيين مثل #الأسد و #السيسي حربُ وجود لا حدود فلا مجال فيها للحلول الوسط أو التلاقي ف…,0
انتخابات المجالس البلدية في #قطر الأربعاء,2
إعراضنا عن الرد علي كلب السيسي المحامي الفاشل الكذاب المرتشي والبذيءالشتام ليس ضعفا منالا والله ولكنه ترفع وإعراض عن الج…,0
#متصدر_لاتكلمني #النصر #الهلال #الاهلي #الاتحاد #الفتح #الشباب #السعودية الدرعيه #الرياض خمس الاف 3,2
حلقة الدكتور بدأت الأن على قناة الحرة,2
اللهم استجب ياارب يارب #مصر_الليلة #كل_الناس #الشرقاء,2
7 ها يا معلماظن حان الوقت للكشف عن التمويل و الحسابات و الاسرار،ماعدش فيه بعبع و لا دولة عميقة,1
#مش_ساكتة,2
من فاعلية حركة #نساء_ضد_الانقلاب بـ #دمنهور صباح 30 4 2014 #مكملين #انتفاضة_السجون # …,2
"المصرف الزراعي: 80 مليار ليرة لشراء الحبوب خلال العام الحالي #الحبوب, #القمح",2
"""تركيا تصعد موقفها ضد إسرائيل وتقرر مرافقة سلاح البحرية لأى أسطول يكسر حصار غزة #",2
الثائر الحر #عصام_سلطان معتقل في سجون الانقلاب عصام سلطان مش رقم #انا_مش_رقم,1
"استمعوا الان الى أخى فى الله الداعية السورى ""محمد أبو الطيب"" الذي منع من الخطابة هو و أسرتة جميعاً فى سوريا بسبب",2
1 123 و تقولي شركة برمجيات في حد بيفهم يثق في ?!!!! و مواقع مجهولة الهوية أخص,2
عمر سليمان قتل و تعذيب المصريين في مبني المخابرات بالوكالة عن أمريكا، و قتل إخواننا الفلسطينيين في غزة,0
إنت ماسرقتش دار الشروق إنت سرقت الأستاذ أحمد بهجت وأسرته على فكرة لإن المؤلف هو المستفيد من حقوق النشر,1
التيار السياسي المتأسلم هو إسمه كده مفيش ضرائب على الخمرة في الإسلام ولا ربا بنوك ولا تجارة مبادئ فبالتأكيد هو متأسلم وليس إسلامي,2
بيع متابعين #السعودية #الكويت #برشلونة #النصر #الهلال #الإتحاد #الإمارات #الرياض #الدمام #بوح #عمان #دبي #جدة 093,2
الخطوة الثانية هي التفاوض مع إسرائيل حول الملحق الأمني لمعاهدة السلام لتغيير خريطة الوجود العسكري المصري في سيناء ورفع معدلاته كما ونوعا,2
"#خالد_بن_الوليد """,2
مصر التي قزمها الاخوان ، يعيدها شعب مصر لمكانتها ، مصر رافعة الديمقراطية في العالم العربي ، ولن تكون بؤرة وهابية,2
#اخر الليل #حلل_الويكند,2
حاميها حراميها,0
عنان كان دفاع جوي مع ان دايما رئيس الاركان مشاة او مدفعية الله يرحمك يا ابو غزالة، عبقري المدفعية في القرن العشرين,3
اكتف بالعمل ودع الآخرين يتكلمون,2
#جمال #خيال #حقيقه #جميل #درر #حكم #أعجبني #حكمه #بقلمي #شوق #بوح #شعر #قصيد #رتويت خمس الاف متابع بـ 200 ريال /3749,2
عندي اعترافحتى من ايام اليوتيوب،او الموسم الاول لا استطيع مشاهدة نفسي ع التلفزيون تصبحوا على خير,2
#أردنـ | رئيس الوزراء #الفلسطيني يقدم إستقالته لتمهيد الطريق أمام تشكيل حكومة وحدة - #رويترز,2
شفيق رداً على بروز الإخوان,2
#صورة ثانية لل #مطر #غرد_بصورة #تصويري ع خط #الحوية للرياض #مكة,2
بداية المباراة بين #المصري و #المنيا المصري 0 - المنيا 0,2
جواهر تغنى للسيسى بمؤتمر اتحاد الجاليات المصرية بأوروبا #السيسي,2
أنا #أردني وأفتخر ببلادي 😌,3
انتا عارف حتي تعشق حد غيرهادا انتا وانتا ويا غيرها بتفتكرها #عمرو دياب️,2
رب لا تذرني فردا وأنت خير الوارثين ♡ #دعاء #دعائي #غرد_بذكر_الله #أدعية #يارب,2
شاهد - آخر كلام: الثورة في سوريا وبلاد العرب 27/03/2011,2
ضبط مشرف دعاية طبية بحوزته 2385 قرصا مخدرا وبخاخات ومناديل جنسية بمركز #سوهاج :: حيث أسفرت الجهود الأمنية عن ضبط,2
طلع الصباح كل الجمال في طلعته والنور سرح كحل عينينا بفتنته والطير صدح للمولي جلّت قدرته يسعد صباحكم كلكم يا شغالين #كايروكي #,2
الكتاب ده جبته من سور الأزبكية لكن ترجمة شكسبير دورت عليها كتير ومالقيتهاش حتى عند شعبان يوسفأملي فيك بقى ياعمنا,2
هذا الحساب لكتاب رسائل سجين سياسى الى حبيته ( فـــــــقـــــــــط ) وكلما تنتهى الرسائل ستعاد من جديد شكرآ لمتابعتكم,2
__ #ماذا_فعلت_فى_الدنيا_ليدخلك_الله_الجنة_ حـــــــسن الظن بالله كما قال الله (أنا عند حسن ظن عبدي بي),2
واضح ان شباب الاخوان رغم ذكائهم مغسولة دماغهم تماماً أدعوكم الى قراءة كتاب البشري الاسلامي لتعرفوا انتهازية قادتكماقرءوا الكتاب لتفهموا,0
رسالتنا للعالم رسالة #سلام كما أمرنا #الإسلام و حماية أمننا و مكتسباتنا خط #أحمر #المملكة_العربية_السعودية #السعودية,2
لاحظت المصادر تقدم واضح في أسلحة الجهاديين في سيناء واستخدام مضادات للطائرات والمدرعات استخدمت في مواجهة الجيش ومواطني المد…,3
عرض الاسبوع 40 ألف متابع #شوارعنا #فن_تتقنه_النساء #ذلك_الشخص #شي_ودك_تجربه #بوح #درر #عجبني #حلو #مكه [2036345],2
"""1: شاهد- رجلٌ يتغزل بــــ #فيفي_عبده مباشرة على الهواء #الحكم #1""",2
#نبض_الاخوان | #زواج_امريكا_من_مصر_باطل حشود هائلة ل ثوار #المطرية وشبرا الخيمة الجمعه 2/5,0
"""إنما المؤمنون إخوة ""علي شعار رابعة خلفية الزعيم #أردوغان في منظر ولا أروع #مرسي_رئيسي",3
رحب الدكتور محمد سليم العوا بما نشرته,2
د علاء الأسواني : من هم مرشحو الرئاسة الذين تلقوا أموالاً من الخارج ؟! أقرأ المقال كاملاً,2
بقالي سنين على تويتر وعدد الفلورز عندي ٥٨ عملت أكونت تاني اسمه مشاعر حائرة وكنت بحذ خواطري عليه جاب ١٥٠ في يومي,2
التحقق من صدق المعلومة الإخبارية من اهم مبادئ العمل بالأعلام #السادة_المحترمون,2
لا أهاجم مرسي لأني أستكثر عليه الرئاسة بل لأنه كذاب ومخلف لوعوده وفي رقبته دماء شبابلا أسميكم خرفانا فحتى الخروف يستحي أن يدافع عن كذاب,0
بغض النظر عن راينا في التشكيل الوزاري فان تعيين المستشار احمد مكي وزيرا للعدل خطوة صحيحة في اتجاه استقلال القضاء وهذا ما يفسر غضب الزند منه,2
#المدينة_المنورة صورة نادرة لبيت أبي أيوب الأنصاري ض الذي نزل فيه الرسول ص وأخرى عند الإزالة في التوسعة …,2
نعم حضرت جلسة استماع واحدة للدستور استمعوا لنا بكل اهتمام ثم ضربوا بملاحظاتنا عرض الحائط لا للدستور,0
#قطر و #السعودية و #تركيا غذّت المعارضة السورية بالسلاح ورفضت النقاط الست,2
الى الشتامين الدكتور علاء لا يقرا شتائمكم لأنني اضعها اولا باول في الزبالة لو كان ذكاؤكم يماثل بذاءتكم لما كان هذا مصيركم ميشيل الادمن,2
في مصر 94 قتيلاً على الطرق في أول 10 أيام من 2011 ولا حد بيعمل حاجة,2
#جمال #خيال #حقيقه #جميل #درر #حكم #أعجبني #حكمه #بقلمي #شوق #بوح #شعر #قصيد #رتويت خمس الاف متابع بـ 200 ريال 458,0
خمس الاف متابع بـ 200 ريال #سلمان_العودة #تغريدة #اقتباس #طارق #السويدان #طارق_السويدان #أعجبني #العريفي # 408,2
المستشار هشام البسطويسي بعد إعلانه نيته الترشح للرئاسة ضيف آخر كلام الليلة على 9 - 7 #,2
التفتوا إلى القرى والنجوع، حكومة وأحزاب ونخب وإعلام فهذه هي مصر الحقيقية، مصر كما ذكرتني بها قرية كفر هلال بالمنوفية والتي زرتها أول أمس,2
#لو_كان_السادات_عايش كانت مصر من أكبر الدول المنتجة و كانت ضمن مجموعة الثمانية رحمة الله عليك يا أسد العرب و قاهر اليهود,2
كيف تصنع ديكتاتور؟ 1 انقلاب 2 تسلم الايادى 3 كمل جميلك 4 رئيس مدى الحياة 5 الله وهب مصر الزعيم,2
إنشغل اخوانى وزملائى بحزبى الحرية والعدالة والنور فى جمعية الدستور، بالدفاع عن شخص المهندس خيرت الشاط، أكثر من الدفاع عن المرجعية الاسلامية,2
يوم هام فى مصير دستور مصر القادم,2
سعودي قال ان الحسنة الوحيدة لدعم بلاده للانقلاب بمصر هي التعجيل بثورة في السعودية تظهر ارهاصاتها منذ فترة بعد تعرية الغطاء ا…,2
الوطن | العزل والرئاسة | عمرو حمزاوي:,0
التواصل مع منظمات دولية و مجتمع مدنى عالمى و ليس حكومات #,2
غياب العدل فى وطنى يبشر بانفجار غضب بركانى شعبى #يسقط_حكم_العسكر #الداخلية_بلطجية #انتخبوا_العرص,0
أبوالفتوح يعرض برنامجه على القرضاوي,2
أرحب بسماع الاقتراحات لعمل خطة الاعمال الميدانية التي تستمر (سنة) عبر المراسلات الخاصة أو إرسالها لبريد #اعتقال 3…,2
مصر تقدر المواقف المخلصة لدول العالم ولكنها تؤكد تماماً على سيادتها التامة #السادة_المحترمون,2
#حمدين_صباحى لو بقى رئيس هيوافق على قانون التظاهر وغلاء الاسعار والكهربا والغاز وبكره يشيلو دعم السولار بطلو فتى وافتكاسات بقى,0
احرص أن يكون الوجه الذي تراه في المرآة كل صباح مشرقاً، فقد لا تراه بقية اليوم ولكن الآخرون سوف يرونه,2
وكما ادخل المجلس العسكرى نفسه دائرة الشبهات فإن اللجنة قد وضعت نفسها بهذا القرار فى مرمى السهام، اللجنة والمجلس وجهان لعملة واحدة,0
#غرد_بصوره #كلمة_تستحق_التأمل #غرد_بصورة #لا,2
ملحوظة: التويتة اللي فاتت المفروض إنها نكتة واضح إني محتاج شوية تدريب على نكت الثورة :),2
النائب المهندس حاتم عزام هو صاحب مشروع تعديل انتخابات رئاسة الجمهورية الخاص بالفرز فى اللجان الفرعية واعلان نتائجها وتسليمها للمندوبين,2
__ مش قصدي عليك يا سلامة,1
وختمها عمر جابر بالجون ٤ وبتيشرت الشهيد عمرو حسين #فرحة #زمالك,2
جبنا ، جلاب للمخيم ، ويوم درا ابوه زفنا وجان احطها برأس هذا وانخش بالحمام ، والمسكين انطق طق 😂😂 #اعترافات_الطفولة,1
إذا اعتاد الفتى خوض المنايا فأهون ما يمر به الوحول,2
ياريت انا اشوفك قصادى #عمرو دياب,2
شاهد - آخر كلام: سبع سنوات على أول يسقط مبارك #,2
إنها المرجعية الاسلامية العظيمة، التى تحتاج إلى من يبحث فيها، ويستخرج كنوزها، ويعمل بمقتضاها، أما الأشخاص، فهم زائلون، والمرجعية باقية,2
""": إيجابيات وسلبيات صفقات برشلونة المحتملة - سوبر #برشلونة""",2
وقد أحرز يسري فودة هدفين من ضربتي جزاء اصطنعهما بنفسه,2
هل يتم تنفيذ القانون على امراء السعودية السجون في السعودية مليئة بآلاف المظلومين لمجرد انهم غير سعوديين وخصومهم سعوديون هل نحب لمصر,0
مرسي يعطل القانون ويشق الوطن ويخاطر بالصالح العام من أجل تمرير دستور يخدم صالح جماعة في حتة مزنوقة لا تخضع لأي رقابة أو قانون,0
ادعوكم لحضور الصالون الثقافي الأسبوعي الخميس القادم في السابعة مساءاً =======التفاصيل======= ‎‏,2
#بيقولك_أعرف_بلدك - سوهاج، قرية أولاد حمزة,2
ان كان طبعك تصد شوي وتْعوّد فانا تراني مانيب ادآني الصدّه وان شفتني فيك بالثنتين متجوّد فاتلى شروط الضمان نهاية المدّه #سري,1
"""مؤتمر جماهيري زفتى""",2
محمد علاء عبدالفتاح ١٨سنة ثانوية عامة تم تعذيبه من الإخوان ويتم التحقيق معه بتهمة قتل الشروع ف قتل من عذبو,2
#طرب_تايم #ذكرى ياحبيبي وينك انت وين انا الكمان خرررررافي,3
خبراء زراعيون: الشون الزراعية سبب إهدار كميات كبيرة من #القمح وسعر الاردب غير مرضي للفلاح # #مصر,0
سي بي سي:جنايات #بورسعيد تؤجل إعادة محاكمة المتهمين في قضية #مذبحة_بورسعيد لجلسة 18يونيو القادملسماع شهود الإثبات #,2
يعلن دعمرو حمزاوي عن مقابلة أهالي الدائرة الكرام (لمناقشة الشكاوي و المقترحات الخاصة بالدائرة)اليوم الأحد 25مارس,2
يا شعب مصر العظيم أيها القائد والمعلم ؛ كم أنا فخور بشرف الانتماء لك,3
في #تركيا تعمل الدولة جاهده لتفريغ 300 الف عالم للبحث العلمي للوصول الى عام 2023 وبإشراف مباشر من #اردوغان دققوا التصن…,1
أكبر خسارة خسرناها في ظل نظام مبارك هي الثروة البشرية,0
شبكه اخبار #المحله | عاجل | حريق بالمنطقه الصناعيه فى احد مصانع النسيج بجوار المستشفى الخيرى وانتقال قوات,2
تنعقد الليلة الخميس الساعة السابعة مساءً ندوة دعلاء الأسواني في مركز إعداد القادة بالعجوزة التفاصيل >>,2
فيديو | محكمة جنايات المنيا تحكم بالإعدام على 683 من أنصار #مرسي من بينهم مرشد #الإخوان_المسلمين 28-4-2014 #السيسي,2
و أنا أيضا أين قرأت هذا ؟,2
قبل أن تدلى بصوتك فى الإعادة,2
مبادئ الشريعة الاسلامية تشمل أدلتها الكلية وقواعدها الاصولية والفقهية ومصادرها المعتبرة في مذاهب اهل السنة والجماع,2
النصاب يعلم تماما جريمته ويكملها معتمدا على غباء من ينصب عليهم هذا هو اعلام العار فى مصر يمارس جريمته معتمدا على غباء جمهوره,0
لماذا يخاف الإسلاميون من الإنتخابات المبكرة إذا كانوا مطمئنين إلى قوتهم في الشارعمصر تستحق فرصة ثانيةأقول قولي هذا وأستغفر الله لي ولكم,1
تبقى بجد في كوكب القرود إذا إفتكرت إن شعبيتك تزيد بممارسة التسويف والقمع والتدليس والنفاق لتبجيل وتبرير ديكتاتورية فجَّة,0
صور مسيرة ميدان التحرير فى طريقها الى الاتحادية,2
عرض الاسبوع 10 ألاف متابع #درر #حكم #حكمه #حكمة #ابيات #النصر #الهلال #الفتح #كلمات #كلمة #بوح #الاتحاد [2277592],2
ارتفاع اسعار الادوية والمرضى عاجزون عن العلاج بكره تشوفو مصر,2
الآن: الكاتب الصحفي صلاح عيسى والسيناريست محمد دياب ضيوف آخر كلام على الهواء وفجوة الثقة بين الشعب والقيادة,2
شاهد - آخر كلام: اجتماع وزراء الخارجية العرب والأوروبيين #,2
عدم الصبر على النصر,2
يرفض نسب هجوم سيناء ضد خلية إرهابية إلى إسرائيل,0
مع اعلام خالتى فرنسا يؤكدون ان فيديو سيسي المسرب مفبرك ثم يؤكدون (هم بشحمهم ولحمهم) ملاحقة من سرب الفيديو,0
أفكار غير تقليدية: كيف استطاعت ويندي كوب ابنة الـ 21 عاما أن تسهم في تطوير التعليم في المدارس ذات الأحياء الفقيرة:,2
المسلمانى أغلي متحدث إعلامى للرئيس وأشهر كذاب ومنافق ومضلل ومحرض تحول الى قليل الأدب ووضع معارضي الجيش في سلة القمامة كلام زبالة,0
نیوکمپ همین الان به احترام تیتو آسوده بخواب 3 #عادل,2
حق الوطن بمسيحييه ومسلميه - بوابة الشروق #,2
النخبة المصرية ضعيفة وليست بقوة الشعب، زى الموتور القوى على الشاسيه الضعيف، يعنى العربية لو مشيت بسرعة ممكن تتقلب,1
يا جماعة الفولورز مش كل حاجة انه عبء جسيم عنكم انتم ازهدوا عشان انا اعيش #جمعية_الأقل_من1000_فولورز,2
مقال رائع لخالد منتصر,3
بوابة الشروق| وزير التجارة والصناعة: سنشعر بفرق كبير بعد استخدام الفحم بمصانع الإسمنت فعلا هنتنفس هباب اسود وهنموت كلنا #أوقفوا_الفحم,2
#السيسى_هايصالح أحمد عز وزينة وهاياخد العيال يربيهم علشان يتفرغوا لخلفة عيال تانية #الجيش_قتل_رضا #حاميها_حراميها #الداخلية_بلطجية #المشيرة,0
#عمر_جابر مننا هيه هيه #زملكاوى زيينا هيه هيه #لاعب_بعقلية_أولتراس,3
"تقول ""صلي ع النبي"" و أجدعها خناقة تنفض #",3
اعظم نادى فى الكون #الاهلى,0
وهذا هو الجزء الثاني من مناقشة كتاب خروج المصريين على الخلفاء والسلاطين لمن لايعرفون شيئا عن كفاح آبائهم وأجدادهم,0
#غرد_بصورة #مسابقة_رتويت_المعتزه_بدينها من أقوى وسائل الثبات,2
قوات الأمن تعتقل عدد من طلاب الإخوان المتورطين في أعمال التخريب #يوسف_الحسيني #السادة_المحترمون …,2
قرار وزير العدل يخول الشرطة العسكرية والمخابرات الحربية الضبط القضائي ضد المدنيين,2
كرستيانو يحصل على لقب لاعب الاسبوع في موقع جول دوت كوم ( ) #ريال_مدريد,2
#ﺍﻟﺸﻌﺐ_ﻳﺮﺩ_تحية_الرئيس #انتخبوا_العرص #خليك_مصدق حمو ثورة 25 يناير وانهم مافتحوش الميدان يوم الجمل,0
العلم في السؤال يا سيدي,2
شاهد - آخر كلام: سلاح المقاومة في غزة و تأثيراته #,2
قصة إن ده رئيس منتخب ولازم يكمل باطلة والدليل الأرجنتين ونيكسون اللي استقال لما كذبماهياش عافية لو فشل وعاند وصمم يخلف وعوده هيعطل البلد,0
إن الكريم إذا قدر عفا و إذا حاسب سامح اللهم انك عفو تحب العفو فاعف عنا,2
وما كان ربك نسيا #اطمن :),2
مشاعر #شيرين,2
لا يقعد أحدكم عن طلب الرزق ويقول اللهم ارزقني وقد علم أن السماء لاتمطر ذهبا ولا فضة,2
في المعصرة يوم الأربعاء مع الشروق هانزل فصل من كتاب لعمنا محمود السعدني يبين لكو إن موضوع الأندلس ده سبوبة سياسية للإسلاميين من زمان أوي,1
موقع الشرطة المصرية يطلب من #يوسف_الحسيني ان ينعى احد ضباطها الذي سبق وقابله بالصدفة #السادة_المحترمون …,2
شاهد - يسري فوده: الدولة في سبات عميق، باعتراف الدولة #,2
033 _12 _ على أساس أن تحرير #الأقصى أولوية لدى آل سعود!!,2
سنسعى في كل وقت وتحت كل الظروف ورغم كل القيود أن نكون من الذين يقولون فيعملون ويعرفون فيلزمون ويقدمون فيقبل منهم #مكملين #اثبتوا,0
الشعب مش لاقي ياكل والاسعار نار والشغل واقف والانقلاب يبنى نصب تذكارى فى رابعة بعشرين مليون مش حاسين بالناس,0
في مسلسل الحرب علي الإسلاميين في #مصر وزير التنمية المحلية كلام وكلام #السادة_المحترمون …,2
قررت تعليق حملتى الرئاسية - إلى ان يكون هناك ميعاد محدد لنقل الرئاسة - و سأعود إلى صفوف الكفاح لتوعية الشباب,2
أما بالنسبة للشامخ فده يدلَّع ونقوله يا أبو شامخة,0
اعرف بلادك - تونس سُوسَة هي مدينة تونسية ، هي مركز منطقة الساحل التونسي ، تقع علي بعد 140 كم من العاصمة ، وتعرف,2
ضبط 3 من المتورطين في مقتل الصحفية #ميادة_أشرف بـ #شبرا_الخيمة # #30يونيه #تمرد #مصر,2
#عندنا_في_مصر عــلــمــو اولادهم ان اما الأذان يأذن لازم تطفي الأغاني بس نسيــو يــعلموهم ان اما الأذان يأذن لازم تروح المسجد,2
في كل الدنيا يلتزم المسئولون بتنفيذ تصريحاتهم المشير طنطاوي صرح بان سيوقف إحالة المدنيين الى محاكم عسكرية و كل يوم تتم إحالة مدنيين جدد,1
"الام العظام نقص الوزن والهزال, تورم الذراع, تقرحات الجلد فوق الورم #اهتمي_بنف…",2
"#السادة_المحترمون الحلقة 173 الإثنين 4 نو?مبر 2013""أناصر أمين،أنشوى الحوفي"" #مصر # …",2
_ أنا مش حارق دمى غير إن المدعو #عدلى_منصور مصدق نفسه إنه رئيس,0
على رأيك جابوا ضرفها,2
بلدي طنطا وانا احب اعيش مطنطن #المشير,2
معهد واشنطن: المد العلوي يقترب من البرلمان التركي.,2
لا يمكن لمجتمع أن يتقدم بين قيود رقابية إلا طبعا لو أطفال إذاً أنا طفل مصري!,2
4 لا مجال للمفاضلة بين أسيوط وغزة، كلاهما واجب وطني وأمن قومي، المزايدة وصراع الأحزاب بشأن ثوابت وطنية يمتنعان,1
أبي يا أبي ، ما المخيم يا أبي ؟ إنه بوابة للدم يا بني ذكرى اجتياح #مخيم_جنين #جني…,2
"#اخر مباراه للمصارع ايدي قيريرو """,2
#الاهلي_الافريقي الحمد لله,2
ماذا تفعل المعدة اذا فاجأها الكبد بضربة قاتلة؟ انها مصر ضرباتنا القاتلة تأتينا ممن كانوا أهلنا وجيراننا وابنائنا,0
الرسالة رقم 20 من الجزء الاول لكتاب رسائل سجين سياسى الى حبيبته,2
اكسروا التعتيم الإعلامي على #سيناء يرحمكم الله أنشروا 1- 2 -,2
"""الإنقلاب الدموي"" كان زمان إسمه ""أين البرلمان؟""",2
"""القضاء الإداري"" ترفض وقف بث ""أون تي في"" لـ""سبها أنصار مبارك""",2
قال غاندي إذا قتلتني فلك جثتي ولكن مهما عملت لن تكون لك طاعتي,2
عصام عطا خالد سعيد جديد,2
ميثاق الشرف الانتخابي وقع عليه معظم مرشحي الدائرة وهدفه البعد عن الدعاية السلبية وحملات التشهير و الدعاية الإيجابية للبرنامج والمرشح,2
#أول_محاولة لتصوير القمر,2
عرض الاسبوع 44 ألف متابع #أذكار_المساء #بصراحه_مليت_من #خد_موقف_من #علمتني_الحياة #الحياة_تحتاج_إلى_شيئين [939184],2
هل توجد خطورة من وراء سد النهضة الأثيوبي ؟ - د نادر نور الدين #السادة_المحترمون …,2
أنعي إلى كل مصري وكل عربي المناضل زكريا محي الدين الثائر ورجل الدولة من حجز مكانه في أنصع صفحات تاريخنا المعاصر، رحمه الله وألهمنا الصبر,3
#وثائق سرية مسرَّبة تكشف مخططات #الشيعة #الرافضة ضد أهل #السنة #إيران #السعودية #القطيف #لبنان #اليمن #م…,2
"لما حالتى النفسية بتسوء وتكتر أوجاع الحياة برجع لمحادثاتى مع ""حسن الشهيد"" واقرأها فبسترد جزء من عافيتى النفسية #إعترافات_ليل…",2
وكان حصار المتظاهرين واستئجار البلطجية لضربهم وقتلهم ومنعهم من العلاج كان كل هذه الجرائم لم تحدث ولم يرتكبها احد يا للنفاق الرخيص,0
مطلوب إصدار قوانين جديدة تتوافق مع قواعد العدالة #السادة_المحترمون,2
_ مازالت المشكلة من الداعى وتحت اى راية نجتمع و اسم التجمع و تيار ثالث و لا تيار شعبىو من يقود هل يعقل,1
#اعرفوهم #انقلاب_مصر #يسقط_حكم_العسكر #الداخلية_بلطجية #الحرية ل إيهاب عبد السلام جابر 28 سنة مصمم جرافيك #البحيرة …,1
الناس لازم تحس إن 30 يونيو جت عليهم بفايدة على المستوى الإقتصادي والاجتماعي#يوسف_الحسيني #نقطة_لقاء، # #مص #…,3
من لا يستطيع أن يفهم أن 'اللهم بلغنا يونيو' كانت توقاً لإجازة بعد عمل شاق مع كل الأطراف بكل احترام ثم يسب و يخوّن سامحه الله,1
#ثوار #المرج #عزبة_النخل #المطرية #عين_شمس ما نبقاش رجالة لو ماطلعناش ال 5 سيدات من #قسم #المرج الليلة #مرسي #الاخوان #انتخبوا_العرص ~ٍ,3
خلافات بين البلتاجي والعريان وصفوت حجازي وهل سيتم التضحية بصفوت حجازي ؟ # …,2
سلامة أحمد سلامة، تركت إرثاً من الأخلاق حين عزت و من الحصافة حين اهتزت و من الشجاعة حين كان لها ثمن يرحمك الله,3
كانوا أقزاما مع ناصر والسادات ومبارك وطنطاوى والان يقولون الا السيسي الخسيسي يفضل طول عمره خسيسي,1
#أشاهد_الآن #صديقات_العمر_الحلقة_1 على شاهدنت عبر,2
الأسواني: أتوجه الى أصدقائى في جبهة الانقاذ بسؤال واحد:هل نريد الدولة الديمقراطية التى قامت من أجلها الثورة أم نريد,1
لأتنسَ إخوانكم في #سوريا و #العراق و #بورما و #الشيشان وفي جميع أقطار الأرض,2
مد العمل بقانون الطوارىء: استمرار للقمع وانتهاك لحقوق الإنسان والحريات الأساسية يوم حزين التغيير حتمي,0
#ذكرى — ذكرى يطعني عنها,2
شبكة العملاق | رصد| الإعدام لـ 37 والمؤبد لـ 491 في قضية أحداث مطاي بـ #25 #11 #,2
لا اعترف بدستور مسلوق على عجل خوفا من حكم المحكمة ببطلان اللجنة التى كتبته0لا اعترف برئيس يعطل القانون رئيسكم ديكتاتور ودستوركم باطل,0
شاهد - آخر كلام: جمعة الغضب لا تزال في الذاكرة #,3
مكالمه هاتفيه من جابر جاد نصار فى #الساده_المحترمون #يوسف_الحسينى,2
الانقلابي جورج اسحق يشكو من تعسف الانقلاب انت لسه شفت حاجة بكره تبكى بدل الدموع دم وتقول ولا يوم من ايامك يا مرسي,0
"مرسي هو السياسي الوحيد الذي حاول أن يصبح طاغية دون إنجاز، ويبدو أنه لم يسمع عن القاعدة العلمية التي تقول ""طاغية دون إنجاز مثل شباك بلا إزاز""",0
"فى ذكرى تحرير ""#سيناء""خبراء: ""#كامب_ديفيد"" أضرت بـ #مصر لصالح #إسرائيل والسياج الحدودي عديم الفائدة بدون غطاء ناري",2
بلغ التدني بالبعض حد وضع صورتي واسمي على حسابات تويتر مزيفة وإستخدامها للتطاول على حبيبتي وزوجتي وللخوض في عرضي، وتداولها عبر مواقع غير جادة,0
فقط في مصر،الدواء يباع في #كلام_و_كلام #يوسف_الحسيني #السادة_المحترمون,2
لازم الناس تسمع شهادة غادة شهبندر عن أحداث المنيل كارثة وارجو ان تصل شهادتها الي وزير الدفاع ووزير الداخلية #مصر,2
#انقلاب_مصر #الفيوم|25-4-2014 #حاميها_حراميها,1
#سيناء المهمشة على مدار العصور السابقة واحتمال تكون القادمة,1
خطيب الجمعة في السلطان حسن أشاد في الدرس باستضافة لشباب كدعوة لإظهار الإيجابيات في عز الضلمة,2
شاهد - الشعب والدستور حمدين صباحي في آخر كلام #,2
"اليوم السابع | ""التوك شو"": ""الجمل"": أبو الفتوح من أقرب مرشحى الرئاسة لقلوب الناس وسرير ""مبارك"" تمثيل",1
"التويتة السابقة:ايوه العريان قال كل ده مابين جرايد و احاديث صحفية,بطلوا تقرفونا بالبرادعي بقى",0
#الصورة_الأكثر_مشاهدة طفل سوري يحمل لافتة مُعبّرة #شاهد ماكتب فيها #بشار_الأسد #سوريا #حمص /,2
ماعندي شي اسمه احترمني انا اكبر منك عندي شي اسمه تحترمني احترمك غير كذا جب #الحكومة,3
#صباحي اليوم متعدد الأنفآس فَ صباح الحب لـ أمي ♡ وصباح الحنينُ لمن أُحب ، وصباح الأمل لي ☆,2
حازم #الببلاوى: #المشير_السيسى بدأ 30 يونيو ويريد استكمال المشوار,2
تعرضت لكل هذا من معسكر أخر بعد قانون العزل وواجهته وفندت زيفه أرى نفسي في كتلة ثالثة ليست مع عودة النظام القديم ولا مع هيمنة فصيل واحد,0
لو حد قال بعد كدا الإخوان مصريين أوفصيل وطنى لازم يتحاكم بتهمة الخيانة أو الغباء!!,0
بعد قليل برنامج #هاشتاج مع محمد ثروت ع راديو احلى كلام| رقم المدخلات 01280423836 السكايب 9,2
#فاتسكه: #درتموند سيتخطى #ليفاندوفسكي كما فعل مع #شاهين #كاجاوا !,2
كنت تأجل وتيجي منك بجميلة وتعمل فيها قعر مجلس وكبير العائلة بس هتقول إيه الغباء السياسي صنعة,0
الضيوف على القنوات التونسية الرسمية انفك لسانهم فجأة نفسي أصدق أنها مش عملية تنفيس محترفة # #,1
#قطر تمنح 20000 حوثي الجنسيةرابط التقرير #سحب_السفراء_من_قطر …,2
شاهد - الكاتب والأديب الكبير د علاء الأسواني وحوار شامل في آخر كلام,2
صلوا على الحبيب فى بداية اللقاء الرابع عشر من لقاءات على خطى الحبيب تابعوه على الرابط التالي،,2
ولي ولي العهد!! معالي وزير الوزارتين!! #عشنا_وشفنا,0
زاهر ده كنز من كنوز مصر علاء وجمال مبارك وراء نجاح دورة حوض النيل #,3
"#متصدر_لاتكلمني, #النصر_الشباب, #الهلال, #اكشن_يا_دوري شجع ناديك بدون تعصب مع برنامج الايفون الرائع 669",2
#الماده_الاولى مكونة من 3 صفحات و مدتها ساعتين,2
منع حازم عبد العظيم والسيد البدوى اكبر انصار الانقلاب العسكرى من السفر يمثل تطبيقا لمبدأ صاحب الحمير اضرب المربوط يخاف السائر,0
مستشفى الشاطبي وزيارة شباب الثورة لأوغندا والكاتب الساخر جلال عامر في آخر كلام 11م بتوقيت القاهرة على أون تي في,2
مهزلة كرة القدم في العالم !! #الفيفا #السعوديه #مهزلة_تذاكر_البريد #بربسه,2
اليوم السابع | رئيس #جامعة_المنصورة: إبعاد أساتذة #الإخوان عن #الامتحانات الشفوية,2
"أكثر من حوار وطنى فى نفس التوقيت حول ""مستقبل مصر"" :خارطة الطريق تزداد تعقيداً و غموضاً وضوح الرؤية هو ركيزة الإستقرار",2
ريبورت سباام #جماعة_انصار_بيت_طنيطر #تحالف_عمليات_السبام #جيش_عمر #جيش_السلف #جيش_الفاروق #جيش_عائ…,2
ان ينتزع رئيس منتخب صلاحياته القانونية من المجلس العسكري شيء وان يعطل الرئيس القانون ويلغي القضاء شيء اخريدهشني الا ترى الفرق,1
"#عمرو_دياب يكشف عن موعد طرح فيديو كليب ""جماله""",2
الجمعية التأسيسية تنفي صحة كل ما نشر في الصحف حول اى بنود تم نشرها عن الدستور فى الصحف #مصر,2
الرضا #خلق_جميل,3
التقيت اليوم سفير إيطاليا لمناقشة فرص دور إيطالي وأوروبي فعال للوساطة بين مصر وإثيوبيا بشأن سد النهضة وأمننا المائي، إدارة الأزمة ضرورة حياة,2
#مباشر_مصر|#أسيوط|#محاكمات قررت نيابة ثاني أسيوط حبس الطالب عبدالله عاصم 15 يوم على ذمة التحقيق بتهمة حرق سيارة,2
كفاية سياسة بقي,0
كل من يظن انه ربما يكون مرصود الحيطة و الحذر و عدم المبيت في المنزل اليوم #شارك #انشر #حذر,0
الآن #السادة_المحترمون مع #يوسف_الحسيني على للمشاهدة …,2
خلف #هندسة بجوار #بيطري #جامعة_المنصورة حق اخواتنا و هنرجعو,2
لي اصدقاء سعوديون كثيرون معظمهم من الكتاب والفنانين احبهم جداً واعتز بهم جداً لكنىى حزين ان يعامل المصريون بهذه الطريقة في بلد شقيق واسلامي,1
انتهى عهد البي دي إفيمكن الآن أن تقرأ جميع أبواب مجلة المعصرة وتشاهد رسومها وتقوم بتحميلهاعدد اليوم في هذا الرابط,2
كونك كحاكم فرحان بآراء المبرراتية اللي لابسين بدل وباصين لمصالحهم براحتك في الآخر عملت مشكلة في الشارع مش هيحلها غير الشارعخليهم ينفعوك,0
الوطن | إدارة أوباما ومصر | عمرو حمزاوي:,2
شاهد - آخر كلام: مصالح الوطن العليا وحق الشعب #,2
#فولورز_عفركوش_بيعملو_فولو_لبعض #هاشتاق #غرد_بصورة,2
يا أستاذ عمرو يا دكتور محمد فى مخرج شاب إسمه رامى الجابرى فيلمه فى إحدى مسابقات المهرجان إدع,2
شاهد - آخر كلام: بحثاً عن طريق ثالث يحفظ لمصر ثورتها #,2
"() ↓ ☇ نعم تغيرت حينما إكتشفت أني في الحلم وحدي وفي الحب وحدي وفي الألم وحدي *"" #سري",1
من تكريم الله للمرأة أن خصها بالذكر في كتابه وجعلها أول من سَعى،وأول من أسلم،وأول شهيدة وكلها أولويات رفعت من قدرها و شأنها,3
إبداع الفشل بعض أحيان يزيد إلهامه عن إبداع النجاح,1
الجيش والداخلية والبلطجية ايد واحدة لارتكاب جرائم وحشية جديدة ضد شعب مصر فى تظاهراته السلمية 30 اغسطس الشعب يستعيد ثورته,0
لو التحرش مرتبط بالعري يعني مبني على شهوة الراجل، على كدة الاوربين باردين اوي لان العري في كل حتة و ماحدش,2
صباح الخير عليكم :) ، #عودة_باسم_يوسف ان شاء الله هتكون 30 مايو,2
بلال فضل مستخبي ف وسطنا وماحدش واخد باله فولوووووه هجوووووم # #25,2
نموذج على مدى عبث القائمين على أمور البلاد #اخوان #مرسي #مصر,0
الانقلابي ضيف الجزيرة المدعو محمود عطية يقول امس ان مصر طبيعية بلا اى ازمات نسخة مرتضى بلا سب,2
الأسواني: لهذا لا يوجد فرق بين إرهاب الكنيسة الكاثوليكية في الأندلس على يد الراهب بليدا وإرهاب أسامة بن لادن>>,0
سيولة مرورية ب #ميدان_النهضة والشوارع المحيطة ب #جامعة_القاهرةو #الشرطة تكثف تواجدها بالميدان #,2
تابعونى الليلة فى تمام الساعة 10:30 مساءً على قناة مصر 25 برنامج الوان الطيف,2
طبعا لسه متفائل، بل أكثر تفاؤلا بخروج المكبوت إلى النور أي جراحة لا تخلو من ألم؟,3
1 لدى مصر الكثير من الأدوات للضغط لإيقاف جرائم إسرائيل وعدوانها على غزة دون إجراءات عسكرية,2
الجزء الثانى من مقال دكتور هشام الحمامى حول ترشح دعبد المنعم ابو الفتوح,2
كيف يمكن التعامل مع الأحداث الجارية على المستوى النفسي,2
"دعلاء الاسواني يكتب مقاله الأسبوعي:""مواجهة عنيفة بين ثوري واخواني"" >> >> ينشر صباح غد في جريدة المصري اليوم,الأدمن",2
3 1 123 حصل يوم الاتنين فعلا الرجاء العودة للحلقة,2
هو حمدين هايبدء حملتة الانتخابية امتي #سؤال_برئ,2
#موافى و #عنان يؤسسان حزبين لخوض الانتخابات البرلمانية,2
3 لما يتم رجم سيدات لجريمة الزنا مش عشان فيه اربع شهود عدول ولكن لمجرد الشيهة يبقى هو اسس لفكر ارهابي ٤,2
ما بين المعصية و الطاعة صبر النفس علي هواها لحظات !,2
بنتعلم منك يا باشا,2
#أشاهد_الآن ' على حمل تطبيق # :,2
نظم أهالى #المطرية الجمعة مسيرة مناهضة للانقلاب العسكري ، استجابة لدعوة التحالف الوطنى لدعم الشرعية ، انطلقت من,2
#الكويت #السعوديه #البحرين #قطر #ا?مارات #عمان #العراق #مصر #تونس #الجزائر #المغرب #ا?ردن #السودان #لبنان 475,2
جامعة المستقبل شريكة فى سي بي سي الانقلاب اعادت امتحانا لطالب ساقط بتوصية من الانقلاب ونجحوه,0
"علاء الأسواني يكتب مقاله الأسبوعي بعنوان""ما عاش يا استاذ علاء"" ,ينشر صباحا في جريدة المصري اليوم >> …",2
جرافيتي الثورة، في آخر كلام ١١م على أون تي في,2
جريدة الأسبوع المصرية | ابو الفتوح: سرعة بناء النظام السياسي قضية أمن قومي وإقالة العسكري سيحول البل,2
ألمصريين أحرار !!!!!,3
من يوميات أخ: اللي يتفق معايا في الرأي حيادي ومنصف وفي قلبه خير كبير هو لايعلمهلما يختلف معايا يبقى نخبة متعفنة مأجورةهما قالوا لي كده,2
#الاتحاد #الهلال #النصر #الاهلي #رتويت #الرياض #السعودية خمس الاف متابع #السعودية 18,2
الاهلي سجل 3 اهداف في شوط واحد #ليه الاتحاد ما يسويه,2
ثمه شعله حنين مشتعله في جوفي حرقت كبريائي حتى الرماد ومزجته في كوب زجاجٍ شفاف وسكبته على أزهار الذكرى حتى أرتوت وينعت #اعترافات_ليلية,2
الاعلان الدستوري ناقص : من هو القائد الأعلي؟ما هي سلطات الرئيس في وجود خطر حال حقه في حل البرلمان وحق البرلمان في سحب الثقة من الحكومة الخ,0
مرسي يقيل طنطاوي طنطاوي يعمل انقلاب مرسي يحبسه طنطاوي يبعت دبابتين للقصر وبكري يحكي اللي ورا الكواليس وصفوت حجازي يشوف مين يكسب ويبوس ايده,2
#الكويت #دبي #السعوديه #الرياض #سوريا #الهلال #السعودية #النصر #غرد_بصوره,2
بيان صادر عن عصام سلطان,2
شيزوفرنيا رائعة على تايملاين دباسم يوسف,2
المشكلة من زمان لما اكتشفنا الغاز حولنا محطات الكهربا من مازوت لغاز ده كان كويس لان السولار اغلى سبع مرات,0
"#اختاه ​​عندما يتأخر زواجك * فتذكري السيدة خديجة عليها السلام صبرت وأخذت أعظم رجل في العالم ♡""""""",2
_ #عدلى_منصور #سيناء #القدس اسمها مدينه القدس وليست القدس الشرقية ياجاهل,2
"حد يفهمهم هما و أمريكانهم "" "" !",2
سي بي سي:جنايات #شبرا_الخيمة تقضي بمعاقبة سارقي سيارة القيادي الإخواني #محمد_البلتاجي بالسجن 10سنوات مع الشغل شايفه التعريص وساخه,0
#السعودية #الرياض #الامارات #دبي #الجبيل تسويق 11:19:41,2
"#بيقولك_أعرف_بلدك الجلف الكبير , مين يقول كمان",2
اليوم مولدالصادق اﻻمين اللهم صل على سيدنامحمدالفاتح لماأغلق الخاتم لماسبق ناصرالحق بالحق الهادى لطريقك المستقيم نصير المستضعفين امين,2
هل تعلم لماذا نحكي سيرة وقصة حضارة الأندلس؟ الجواب في المقطع التالي,2
_ علاج السكري #اف_نتشورال #السعودية #العراق #اليمن #مصر #قطر #الكويت #عمان #سوريا #ليبيا 46,2
هل قررت أن تطير؟ سيكون موجوداً بإذن الله في #معرض_الكتاب بالرياض أرجو أن تستمتعوا بقراءته,2
اللي بيشجعوا بايرن ميونخ مع البلوندايه دي يعمل رتويت عشان تنزل بقية الطقم بالشورت بتاع البايرن #ذا_شامبيووونز …,2
#ﻣﻘﺪﺭﺵ_ﺍﻧﺴﻰ اول هدية جاتلي 3,2
هل تخطط لحياتك؟ هل خططت لرمضان هذا العام ؟ خاطرة جديدة شاركوني آرائكم علي موقع هايد بارك,2
رابعا: أقض حوائج والديك تكسب رضاهم #خطى_الحبيب,2
اكثر بلد ينسّب بفلوسه ومن محطات واعلاميين محسوبين عليه هو #موزمبيق,2
يحرم علينا شربك يا جوزه روحى و انتى طالقه ملكيش عوزه ! #محمد_محسن,0
تاريخ الإخوان من حسن البنا حتى إغتيال السادات #السادة_المحترمون,2
لازم أعترف لما كنت باروح أمن الدولة أسلم تقاريري كنت باقابل في الكافتيريا عصام سلطان وجورج اسحاق وعبحليم قنديل وكان شفيق,2
تبااااااااااااااااااااا لك ياااااااااااااااااااا #مارك وأخير استطعت تغيير إسمي دعواتكم أصدقائي كي أتمكن من استرجاع إسمي الأول,0
المهندس #إبراهيم_محلب رئيس الوزراءهاتفيا من #تشاد:سابحث غدا مع رئيس تشاد موقف البلدين من #سد_النهضة الإثيوبي #,2
"اليوم السابع | غدا ندوة لـ"" #مصر_القوية"" و"" #الاشتراكيين_الثوريين"" لمناقشة حقوق #العمال وانتوا كنتم فين قبل كده",2
من يعطل القانون مجرم ولا حرج في سبه,2
- — - عايز #الشهرة خد #شهرة - عايز تعمل #الحفلات أعمل #حفلات -عايز تبقى #مسيطر #سيطر -عايز و عايز و #عايز,2
من استراتيجيات حملتنا أنها تلتزم بالأخلاقيات د محمد الشهاوي - مدير الحملة : من استراتيجيات حملتنا أنها تلتزم,2
#شخص_تتمنى_له_عاما_سعيدا_2014,2
الأدمن: انتظروا حلقة النهاردة الساعة 8 مساءً على #يوتيوب,2
١بعد ما فيديو عكاشة طلع الان اقدر اقولكم كواليس الموضوع منعا لاي اشاعاتاولا:كل ما يشاع اني عرضت مبالغ و شيك على بياض كلام فارغ لسبب بسيط,2
الأمربالمعروف جماعة مأجورة من نظام مبارك لإسقاط #مرسى باسم يوسف اول اهبل يطلع خرافه ويتجرور,2
من ذكريات صفحتنا || 10 سبتمبر 2011,2
اللي هي المرجيحة الكبيرة اللي على نهر التايمز بلندن بتدخل ايرادات تلت قناة السويس,2
فصل الدين عن الدولة تقديس للدين وتاكيد لدولة القانون والمواطنة من الذين اقتنعوا بذلك محمد على سعد زغلول مصطفى النحاس جمال عبد الناصر,2
ما يجرى فى سيناء إرهاب يروح ضحيته عشرات الشهداء وخيانة لأمننا القومى ، وما يجرى فى رابعة والنهضة ظهير سياسى له,0
و القضاء بقى حلو دلوقتي عشان قفل قناة مش عاجبانا؟مش ده القضاء الفاسد المسيس بتاع مبارك اللي حل المجلس؟ بقى فلة دلوقتي؟,0
أنا بعد ما عشت المعاناة السنادي لا يمكن أخلي ولادي يكرروها مالها صناعه ! #ثانوية_عامة,0
هيئة الطيران المدني تمنح أول رخصة تشغيل دولي من مطار #الجوف إلى #القاهرة لشركة نسما بمعدل 3 رحلات أسبوعياً بداية من يونيو المقبل #تبوك,2
أيوه ولا آلو أبلج ولا لجلج؟,2
"هاشتاق "" #ارسلي_لأخوك_كلمة_أحبك_وصوري_ردة_الفعل اللهم اجرني في مصيبتي رومنسي ربي يسعده "" #تخي…",2
يسري فودة شغال ريتويت وقفوه يا جماعة,2
#السعاده اخوية يهتم بيا اكتر من نفسة حتى و هو بعيد عنى,3
شاهد - آخر كلام: الفيلم المسيء للرسول تداعيات ونتائج #,2
بيقولك دعوة #السيسى دى دعوة لحرب اهلية على اساس ان التلويح بسيناريو سوريا والارهاب فى سينا والدعوة للعصيان وتقسيم ال…,0
٢ بابا الأزهر وشيخ الكنيسة دعامتان لعصابة الانقلاب ترزى الفتاوى علي جمعه حاضر دائماً لعبوا علي الغرب لكذبة حرق الكنائس واضطهاد الأقباط,0
#السعوديه #الكويت #الامارات #قطر #البحرين #الرياض #دبي #جده #الدمام #عيد #الاضحي خمس الاف بـ 200 ريال,2
شاهد - آخر كلام: محظورة دي تبقى خالتك المتعاطفون مع الألتراس #,2
مش حتقولي ازاي اشجع #الكورة_للجماهير,2
"مجلس الوزراء يوافق على رفع الدعم عن بنزين 95""",2
الثورة والإنتخابات قدمتا لنا عربة مجهزة لننطلق بها كلما اردنا الإنطلاق يدوسون علي فرامل التمسك باللوائح الشكلية فيعلو الصوت ولا حركة حقيقية,1
#لوشز #فاشن #فساتين #فساتين2014 #فساتين_سهرة #فساتين_للبيع #فساتين_ناعمه #فساتين_دانتيل #نيويورك…,2
المراجعة النهائية قبل التصويت على الدستور: لهذه الأسباب سأصوّت بغير موافق:,2
مواطنة !!! #عشنا_وشفنا,2
#كلمتين_وبس أحبك جدآ #الى_احدهم,3
يمكن التواصل مع منسق المتطوعين 0190555044,2
الحاجه بت الوسخه #الصح لما كل مصيبه تحصل ف البلد اول اتنين بينامو #مصطفى_حسنى #عمرو_خالد,2
شاهد لقاء عمرو خالد في برنامج 90 دقيقة مع عمرو الليثي على قناة المحور عن أزمة مياه النيل - الجزء الأول,2
- وقف فوري لأعمال,2
#البوابة_نيوز: في الذكرى 32 لتحرير #سيناءخبراء: #كامب_ديفيد سبب إهمالها,2
الثورة قامت ليستطيع المواطن أن يطلع على الحقيقة كاملة وأن يعبر عن رأيه بدون وصاية,2
قناة الحافظ اسم على مسمي، انا حافتح قناة ليبرالية اسميها الفاهم,2
"سيسي لم يتلقي أى محاضرات أو تدريب على الكلام او الحوار مع الاعلام, هل يريد أن يكون رئيسا لمصر بهذا القدر من الفقر الفكرى والحوارى؟",0
ده أنا افتكرتهم داخلين على حسك والله وكنت لسه هاقولك المرة الجاية لو هتيجي تعالي إنتي والفوميليا بس,2
محافظة #القاهرة تواصل إزالة العقارات خلف #المحكمة_الدستورية,2
#الببلاوي رئيس الوزراء المصري السابق : تصنيف #الإخوان تنظيما إرهابيا قرار سياسي وليس قانوني ، ولذلك لم ينشر في الجريدة الرسمية,2
ثمه شعله حنين مشتعله في جوفي حرقت كبريائي حتى الرماد ومزجته في كوب زجاجٍ شفاف وسكبته على أزهار الذكرى حتى أرتوت وينعت #اعترا…,1
: #معرض_الكتاب #مخيليف جانب من صور الأفتتاح,2
من أفسد من؟ مقال اليوم أنشر فيه تدوينة جميلة عن العلاقة بين الإعلام والسلطة كتبها تامر أبو عرب,2
بالنسبة لرمضان اخترنا ان نبعد عن الساحة لان الموضوع زحمة جدا و زيادة عن اللزوم وكمان التحضير للمسرح و الجمهور عايز وقت كبير,2
لا عودة إلى المحاصصة والمحسوبية، في مناصب ووظائف فى الدولة، على حساب أبناء الطبقات الكادحة #الرئيس #عيد_العمال,2
هذه المقولة كانت أول ما نشر علي الصفحة في بدايتها في 11 يوليو 2009 هل تذكروها؟,2
علي من يرغب في المشاركه عن طريق العمل الميداني او الاعلامي او القانوني او التصميم التواصل معناشكرًا,2
فريق عمل يشارك قوات الأمن في اقتحام دلجا …,2
جعل الله أيام المصريين محبة #مصر #اخبار #المسيحية…,2
الشوكولاته والقهوه ، فيروز وحليم ، الشتا والليل ، وانت #حاجات_بتفرح,3
مشاركة من أحد متطوعي الحملة,2
#محمود_سعد قعد يدافع عن الشباب اياهم ولما جه يقول للمراسل هات لنا واحد نكلمه اتشتم هو والمراسل اتفضل حاورهم قبل ما تقنع الناس تقبلهم #مصر,0
الاغنيه الرسميه لهاشتاج #زياد_بالاجنحة,2
تأجيل نظر عودة #الحرس_الجامعي إلى جلسة 29 إبريل,2
كلمة مرسي الموفقة في طهران حيتم توظيفها جيداً في الداخل بصراحة ما أقدرش ألوم الإخوان على استغلال مكاسب سياسية خارجية لخد,1
الشعب انقسم بعد الانقلاب الى جزءين أقلية من الاغنياء مع الاغبياء مع الانقلاب أغلبية من الشرفاء والفقراء لن تهدأ الا باسقاطه,1
رفض الخديوى عباس حلمى الثانى ملك مصر طاعة الانجليز وخيانة الاتراك فى الحرب العالمية الاولى فعزلوه,2
0 شكلها كده هيبقى محمود عزت,2
محمد شردى لم يهزه السباب الذى وجهه عمرو اديب لمرسي والاخوان ولم يهزه حجم التحريض لقتل الالاف فى رابعة ومزعله انى قلت الانقلاب مش نحس,1
كواليس تصوير الحلقة الثامنة,2
خمس الاف متابع بـ 200 ريال #سلمان_العودة #تغريدة #اقتباس #طارق #السويدان #طارق_السويدان #أعجبني #العريفي # 395,2
حبيبتي من ضفايرها طل القمر - هدي - عمار الشريعي - علي الحجار -,2
بساطة الحياة أحد النعم التي يتمناها الغني فكم يتمنى ان يمارس نشاطات وعادات الانسان البسيط دون رقابة وملاحقة #رتويت_كوكتيل #بو…,2
المسطحات المائية بـ #دمياط تشن حملة مكبرة على بحيرة المنزلة - #البديل للتفاصيل …,2
لمن هذا القانون؟! هل قريبا ستبيعون مصر ونصبح نحن مأجورون في بلادنا؟! وربما نحتاج ( كفيل) #عدلي_منصور #محلب,0
المحنة المصرية مقال اليوم لمن يسألون دائما عن الحل مع أنه موجود من زمان وقدمه مفكر كبير لمبارك من قبل فسخر منه,1
#الحب_هو اهتمام، تنازل، كلام، احترام، فعل، دعاء، تغاضي، عتاب، تسامح !,3
ثورتنا السلمية تستكمل مسيرتها: وقف فورى للمحاكمات العسكرية وتعديل قانون الانتخابات ومواجهة الانفلات الأمنى وجدول زمنى واضح لتسليم السلطة,2
أنا سعيد جداً بما أنجزه شباب أكاديمية الداعية المعاصر في سيناء في يومهم الأول، فقد التف حولهم أهل سيناء الذين,3
اهم مطلب الان إيقاف المحاكم العسكرية لانها تستعمل كعصا غليظة للقمع نزول اى واحد فينا للتظاهر الان قد يكلفه شهور وسنوات في السجن الحربي,1
مسيرة للإخوان في الإسماعيلية تنتهي باشتباكات مع الأهالي بالشارع التجاري #السادة_المحترمون …,2
استمع الى برومو اغنية دعاء السباعى الجديده,2
الصندوق الثاني لاختيار المرشحين الفرديين،لابد من اختيار مرشح عمال و آخر فئات أو إثنين عمال إختيار مرشحين فئات فقط يبطل الصوت,2
مفيش نور يتقطع و محدش يقولي ده كلام احنا في دوله ماينفعش متقدرش توفر كهربتها #لو_بقيت_رئيس_جمهوريه,2
جماعة الاخوان عاندت ولم تسمع لصوت الشعب #السادة_المحترمون,2
مش مهم المسمي اسمها ثوره، هوجه، موجه، وكسه، نكسه المهم ان الموت و الفقر و الخسائر هما اهم انجازتها #يناير,0
موقف محترم حذر الأمير خالد بن طلال بن عبد العزيز عضو العائلة المالكة بالسعودية أن إجازة الخروج على الرئيس مرسي,3
مش ممكن تكون صدفة اول مرة نسرق اشارة بث اول مرة نخسر 6 فى افريقيا اول مرة ناس تفرح لخسارة فريقها,1
""": سنسترد ثورتنا- بيان من الوسط بخصوص الأحداث الجارية _ _""",2
من يمنع الضيقة على قلب مرتاح ومن يحتوي ضخ الغلا داخل الدم هذي هي الدنيا بها هم وأفراح ليت الفرح يقضي على زايد الهم #بيتين من #الواتس_اب,1
1946: ان شاء الله لايحرمك من مصر وهى فى فلوبنا جميعاوطنيتك وحبك لمصر كنت اعرفها اثناء دراستنا فى سويسرا(,2
تخللوا أنتم وواقعكم~ #نوبة جنون,2
يجوز لمصر أن تستكمل مهمة الشرطة المدنية بقوة حرس حدود بشرط أن لا تزيد عن أربعة كتائب يقتصر تسليحها على أسلحة خفيفة وعربات فقط #كامب_ديفيد,2
"وهو يا راجل , الوطني يقعد يولول و يطلب تدخل الامريكان #يوسف_الحسيني #مصر",2
خبر { مدريدي } : - سواريز انتقل لريال مدريد بقيمة 80 مليون - هازارد قريب جدا من التوقيع للريال المصدر : غاياردو { وكيل #الفيفا },2
ابعتولنا مشاكلكم على البريد الالكتروني الخاص ببرنامجنا علشان نعرضها على المسئولين # …,2
هل ده يرضي ربنا؟ مقال اليوم إذا آلمك ما فيه بادر إلى رد فعل للإنصاف ورفع الظلم ولو حتى بكلمة لكي لا ينالك وزر الصمت,1
قال لي الطريق مفتوح عدى البيبان دي حياه ماتجوزشي غير لطموح #دينا_الوديدي,2
"ارتفاع منسحبى "" #التأسيسية"" إلى 28 بعد خروج "" #غد_الثورة"" و محمد عبدالعليم داوود",2
لو جيش او شرطه او انصار سيسى يبقى فى داهيه #مصر_الليلة,0
ظب خشوها لوجدكم بقه انتم و جبهة الضمير هه,2
#يلا_نحفل_علي_احمد_ادم الرد هشتاج بردوا #باسم_طلع_حرامى,0
فعلاً أما خروف يشوف الصورة دي طبيعي ماء فيش اعداد اهه,2
"#التحرير | #صباح_الخير "" ربِّ أسألك في هذا الصباح أن ترزق كل منّا ما يتمناه """,2
"القضاة لن يشرفوا على الاستفتاء قبل إلغاء ""إعلان مرسي"" | المصري وم من مصر",2
المصري بيقول حزام ناسف و الشروق بيقول سيارة مستفخخة و الأهرام بيقول شنطة مدارس قوم اوقف ونتا بتكلمني,0
ضد الفساد مع باسم #ثورة_25_يناير #باسم_رئيسا_لمصر #انتخبوا_العرص,1
انتخاب مرسي بالقطع ليس سبة ولدى اصدقاء لا اشك في ثوريتهم انتخبوه لكني ببساطة لم انتخبه وقاطعت وان كان هو الان الرئيس الشرعي,1
""""""" هات مقشتك معاك """""" يبدأ فريق عمل ""معاً نصنع بداية جديدةلمصر جديدة"" مجموعة من حملات النظافة فى",2
الثورة قامت اساسا من اجل انهاء الحكم العسكري الذي جثم على صدر مصر ستين عاما وأوصلنا الى الحضيض اذا لم يسترد الشعب السلطة بالكامل فقد فشلنا,0
وقار الدين : يدعو إلى نصرة مسلمي #الروهنجيا في جامعة أمريكية #بورما #أراكان #ميانمار,2
2008 بعد ان عرفنا من ابو الفتوح حزب النور مش حزب ديني والاخوان مجرد جمعية سلمية تأكدت ان بن لادن كان مجرد كابتن فري,1
ليو #ميسي يهدي هدفه ضد فياريال لتيتو فيلانوفا !,2
انا مع خريطة طريق وجدول زمني للانتقال الديمقراطي ونطمئن من ثم المواطنات والمواطنين بأن مصر لن تكون مع حكم مجلس عسكري يستمر إلى ما لا نهاية,3
انهم يكتبونني بطل اكتوبر الفريق سعد الشاذلي يكتب عن الكذب على الشعب ورضوى عاشور تكتب عن الثورة بين اليأس والأمل,3
إلى كل مَن يعتقد أن الثورة المصرية قد انحسرت أو انتهت، إلى كل مَن يحلو له ترديد أن الثورة لم تغيّر الناس,1
الذين يدعون ان هذه الثورة العظيمة هى انقلاب عسكرى يجهلون او يكذبون وفى الحالتين يهينون الشعب المصرى ويستهينون بتضحياته وبدم شهدائهم الأبرار,1
القسام أعلنت رسميًا إسقاط طائرة أباتشي في شمال #غزة | #,2
أهنئ الأساتذة والزملاء الأفاضل مؤسسى حزب الدستور، بمولودهم الجديد،اتمنى ان يكون اضافة حقيقية للحياة السياسية،وقوة دافعة لتحقيق اهداف الثورة,3
هناك كلام ركيك منسوب إليّ عن أسئلة بعد تنحي مبارك تم نقله من على الفيس بوك الذي لا أملك صفحات عليه، شكرا لبوابة الأهرام التي حذفت الكلام,1
لقب برنس الاسبوع يذهب الي محمد يسري سلامة,3
هل تهدد العقوبات (#الإسرائيلية) #السلطة اقتصاديا؟,2
يجب وضع محافظة الوادي الجديد على الخريطة السياحية في في مصر #السادة_المحترمون,2
#يارب #كن_متفائلا,2
عندما تغيب الدولة أو تعمل فيها عبده العبيط، تصبح القاعدة التي لا بد من إتباعها: من جاء ليعمل معك المعروف فافعل معه المنكر,0
الأب الصديق - بسمة أمل أبى : من كان لديك أهم منى ؟؟ لماذا لم تحاول أن تعرفنى ؟ ولماذا لم أحاول أن,2
مصر دولة حديثة حالة فابريقة استعمال طبيب,2
السفير الفنزويلي عبر لي عن تفهمه الكامل لما يحدث بمصر الآن #السادة_المحترمون,2
_11 55 _ فرع مؤنث سالم؟؟؟ #ارحل  #السماجه_لا_دين_لها,2
#ثورة_الانترنت #اقالة_وزير_الاتصالات #مكملين #اعرف_حقك #ستنتصر_ثورة_الانترنت,2
الحمدلله علي التأهل لدور المجموعات بالكونفدراليه و من فوز لفوز ان شاء الله يا #أهلي #عمرو_جمال - يشعر بـ حالة ممتازة,3
سنفعل كلّ ما نستطيع لإسقاط هذا الدّستور الباطل,0
الليلة السابعة مساءً ندوة د علاء الأسواني بأتيلييه الاسكندرية بالازاريطة التفاصيل على هذا الرابط >>,2
فـي وقـت #لازم تـفهم إن اللـي انت مـش عـارف #تعـيش مـن غـيرهم دول عـايشين مـن غـيرك و عـايشين #كـويس كمـان =)):,2
حياتنا السياسية بها استقطابات حادة بعض من صوتوا لحمدين وأبو الفتوح سيصوتون لمرسي أو شفيق، وآخرون وأنا بينهم سنكون في معارضة ديمقراطية,1
حد يسأل سيسي لما قال بكره تشوفوا مصر يمكن قصده ان احنا هنبقي شحاتين وهنبقي فرجة والدنيا تضحك علينا,0
ستصدر حكومة مرسي قانون التظاهر وسيتظاهر الشعب أنه قرا القانون قبل ماينزل يتظاهرالقضاء على التظاهر يكون بالقضاء على أسباب الغضب يامعفنييين,2
"مؤتمر ""معاً نصنع بداية جديدة لمصر جديدة "" السبت 5 مايو 2012",2
شاهد - آخر كلام: كرامة المصري وانتهاكات الشرطة بعد الثورة # #25 #,2
الثورة كانت تستحق دستورا جديدا محترما تكتبه جمعية تأسيسية منتخبة ربنا يسامح من اوقعنا في هذا المازق عموما الثورة لها جولة اخرى وستنتصر,1
أفضل ما تهبه #الشمس دوما للغصون والشجر هي #الحياة,2
الامتحانات هتخلص بـ سرعه الصوت يعني مثلاً نقول #ابو_الفتوح ، اهو فـ آوح ديه تكون الامتحانات خلصت #تصبيرة,2
1 7 _25 من يظن أن هناك أى شخص أو مجموعة قادر على تحريك 30 مليون مصري فهو أما ساذج أو واهم شعبنا جبار,1
"هتاف ""المرة دي بجد مش هنسيبها لحد""",2
قرار وزير الثقافة بإسناد تنظيم مهرجان القاهرة الدولي للفريق السابق (مع إحترامي لهم جميعاً) قرار غير حكيم وسيأتي بعواقب سلبية على تصنيفه,2
تشلسي يفوز على #ليفربول بالأنفيلد بدون #تشيك #تيري #لويز #راميريز #أوسكار #هازارد #إيتو انه #تشيلسي يا سااااااادة #مورينهو يقدم درس جديد,2
اليوم #مدحت_الخولى فى الساقية فى #حفل يذهب ايراده لمصابين و شهداء 25 #يناير 7:30 م #,2
#هناك_مكان_اسفل_الجحيم للي بيتفرجوا على #فيفي_عبده,0
من المؤسف ان فيلم بهذه الرداءة يحظى بكل هذا الإهتمام,0
بسمة أمل - أخلاقك عنوانك - قصة من لندن,2
"اليوم حزب العدل يعلن موقفه من #الانتخابات الرئاسية بحضور #صباحي ,البلد #مصر",2
تأثرت بشدة حينما علمت أن شباب في عمر 13 و17 طلبا من والديهما أن يعانقاني للتعبير عن حبهما لي الآمل يكبر,2
#الارهاب خسة وانحطاط تحيا مصر,1
بعد أن قال الإخوان أن مرسي متخصص في تصميم المحركات في ناسا أصبحت أعتقد أن دفاية بيتنا التي تفعل كل شيئ إلا التدفئة موتورها من تصميم مرسي,0
دعمرو على التويتر:- مخاطبة جمهور الناس هامة والتأكيد على أن الحرية لا تتعارض مع الدين وان الليبرالية لا تعاديه,2
"""إذا رأيت الرجل يدافع عن الحق فيشتم ويسب ويغضب فاعلم أنه معلول النية لأن الحق لا يحتاج إلى هذا"" - الامام مالك",2
تجربة الانتخابات التونسية النزيهة واقبال الشعب التونسى على ممارسة حقه فى التصويت يؤكد نجاح الثورة التونسية مبروك يا تونس وعقبالك يا مصر,2
يالله فورا أول ما أستعيد السيطرة على الدي إم نتفق بالكتير على يوم الأربعإنت واحشني جدا,3
أزمة المياه #المصرية و #السودانية وسد #أثيوبيا #ü …,2
ايه تعليقكم على فوز بعض رؤساء الجامعات السابقين بمناصبهم ثانيه فى الإنتخابات ؟,2
من سنن الصلاة الفعلية رفع اليدين  عند الركوع #نشر_سيرته #,2
موقف الدكتور الطيب من أزمة سوريا كان له تأثير على قرارات وزراء الخارجية العرب #السادة_المحترمون …,2
انا مش فاهم واحد عنده اكتر من عشرين الف متابع لمجرد انه حاطط صورتي و محور في اسمي ريبورت و سبام من فضلكم,0
3 غير صحيح! التوقيع لخالد كان لتمكينه وهو الشاب الوحيد والأكثر جراءة في الدفاع عن المدنية من دخول السباق الرئاسي,3
د علاء الأسواني : ان مصر الآن محتلة بمعنى الكلمة فالاحتلال لا يقتصر على القوى الأجنبية الحكم الفاشي بمثابة,2
الاخوان لا يحرقوا كنائس يا مروج الكذب,0
#ولاد_البلد #المنصورة #مصراوي أهالي #المطرية يتضررون من غرق #شارع #مدرسة النصر ورعاية الأمومة بمياه #الصرف_الصحي,1
معظم محلات الملابس تغلق مبكرا،السوبرماركت و الصيدليات تختلف،ممكن بدري و ممكن ٢٤ ساعةالمطاعم كذلك نشوف القرار حيطبق ازاي الاول,2
اليوم السابع | رئيس الإدارية العليا: لم نصدر حكما ببطلان عضوية حمزاوى,2
قائمة الدائره الاولى محافظة الشرقيه,2
"""693: النِعمة تحتاج للشكر،، وَالبَلاء يحتاج للصبر،، وَالذنَب يَحتاجُ للإستغفار،، (فمْن شكرَ و صَبر وَ اسْتغفَر نَال #السعادة) 50""",2
البوابة نيوز: #أردوغان: التنصت على الآخرين ليس من أخلاق الإسلام:,2
دضياء رشوان: أن الدكتور عبد المنعم أبو الفتوح الأكثر اعتدالاً سياسيًا وديننًا، كما أنه اجتهد فى مقاصد الشريعة,3
#اوعى_تنسى طوابير السيسي و اخونه المقابر و زرع فى مل عائله جرح عميق لسه فاكر و انت نسيت؟؟,0
وصلت المطار من الدقي في 11 دقيقة فعلا ساعة الحظر ما تتعوضتش,0
رابط تحميل مجلة المعصرة عدد اليوم 9 يناير: مافيش نهضة من غير بوس ومحمود السعدني يستعيد الأندلس وأين تنهض هذا المساء,2
#اكتب_عبارة_على_باب_قلبك اركد الله يهديك : \,2
هدى عبد الناصر تدعو الى انتخاب احمد شفيق في مقال بالأهرام يا دكتورة هدى الا ترين الدماء على يد مرشحك ما ابعدك عن مباديء أبيك يا خسارة,0
#فجأة هتلقى الفرحة جت من غير #اسباب #ربنا لما بيدى مبيديش #بحساب,2
#جمال #خيال #حقيقه #جميل #درر #حكم #أعجبني #حكمه #بقلمي #شوق #بوح #شعر #قصيد #رتويت خمس الاف متابع بـ 200 ريال /3396,2
ارسم هدفك وحاول تحققه تحل المشاكل وترسم بسمة أمل,2
اما ان توافق الاخوان على قتل الناس وتعذيبهم وإحراق الكنائس وتخريب البلد واما ان يعتبروك شامتاالدم المصري كله يحزننا جداً لكن الاخوان مجرمون,0
تخبط غير عادي في هذه الحكومة ومن الرئاسة زيادة وإلغاء ضرائب في نفس اليوم يثبت انه ليس لديهما ادنى خطة او رؤية او نضج,0
"عنوان المصري اليوم ""باسم يوسف يظهر ملتحيا""عنوان غريبكأن الذقن حكر على مجموعة من الاشخاص النمطية مرض",0
#غرد_بصورة صورة من عرض بنغازي الخامس للخيول العربية #ليبيا #رويترز,2
#بيع_متابعين #زيادة_المتابعين #تابعني_اتابعك #السعودية #الهلال #النصر #الاتحاد #الأهلي #الأتفاق #الشباب [90535],2
تدهور الحالة الصحيّة لعائلات شهداء وجرحى #الثورة المضربين عن الطعام,0
المقاطعة الشاملة للانتخابات كان يحب الحشد لها حتى تكون مؤثرة اما المقاطعة الفردية فهى اجمل هدية نقدمها للفلول هم يشترون الاصوات ونحن نبددها,1
أبو الفتوح فى بريطانيا الأسبوع المقبل,2
اقطع الصمت التويتري لاهنئ اخويا و شقيقي و كفاءة و كدة بلال فضل بالنص مليون فولور اسبوع و احصلك #حقد_اسود,1
"""السيسي مش رئيسي ، اقرأ بهدوء و تعقل قبل ان تأخذك عواطفك لسب الكاتب او مدحه #مصر #فلسطين #الإمارات #السعودية #لبنان",1
#اخطر_انواع_النساء المطوعه,2
زمان الواحد كان نفسو يكبر عشان يشتغل و يصرف على نفسه و يتجوز دلوقتى الواحد نفسه يكبر عشان يعرف يحضر ماتش :) #الكورة_للجماهير,1
"كليب "" أمنا الكبرى "" عن السيدة خديجة رضى الله عنها للفنان المنشد المصرى احمد بوشهاب",2
دعم المعتصمين والثوار واجب وطني,3
من ذكريات #الأقصر متحف التحنيط,3
كيف نتفاهم ونتحاور؟ كيف يحترم ويقدر بعضنا بعضاً ؟ كيف نبحث عن مساحة مشتركة فيما بيننا، ونبني جسوراً لا حواجز,2
#مباشر_مصر | #القاهرة #السلام #عزبة_النخل بث مباشر من فاعلية الأن بمدينة السلام إنطلقت من مسجد الشهداء بالجراش,2
بر الوالدين قصة تكتبها أنت ويحكيها لك أولادك فأحسن كتابتها وكن باراً بوالديك,2
الشيخ الدكتور علي جمعة، مفتي الديار المصرية السابق، رئيساً لأكاديمية الداعية المعاصر التي تستهدف إخراج نماذج من,2
أبو الفتوح|مصر بتتغير|تأخير قيام نظامنا السياسي تعتبر مشكلة أمن قومي,2
#الشروق انفجار بجوار مركز مدينة بنغازي يتسبب في أضرار بعدد من السيارات: وقع انفجار كبير في ساعة مبكرة #مصر,2
لحظة غروب الشمس اعلي كوبري ستانلي ف اسكندريه #بيقولك_أعرف_بلدك,2
"#حط_صورتك_وانت_صغير يلا الكل""",2
إما أن عبد الجليل الشرنوبي كذب أو محمد مرسي كذب، شوف كده مين اللي ليه سوابق في الكذب وإخلاف الوعود واحكم براحتك,0
شاهدوا الحلقة ٢١ من برنامج عمر - صانع حضارة - بناء المنشآت,2
#تفجير قنبله تحت الماء لصناعه امواج تسونامي ||/,2
ثوار #الزقازيق ومسيرات صباحية ومسائية ضد الانقلاب 2 5 2014 #انتفاضة_السجون # #جواز_مصر_من_امريكا_باطل …,2
من ترك شيئًا لله عوضه الله خيرًا منه,2
#دمياط_الجديدة | #دمياط النيابة العامة بدمياط تأمر بتجديد حبس خمسة طلاب بالصف الأول الثانوى خمسة عشر يوماً على,2
قد هجرت الخلق جميعاً ارتجي منك وصلاً فهل أقضي مُنيتي ؟ #رابعة_العدوية #سيده_العشق_الالهى,2
"و في النهاية ذهب النشطاء والاشتراكيين والعلمانيين و الكفرة الي غزةوظل الاخوان يهتفون في الازهر ""رايحين شهداء بالملايين""",1
#دعوة_الصائم_لاترد اللهم ارحم اخي #سلطان_ساب و اجعل قبره روضه من رياض الجنه يا سامع الدعاء,2
المحلات اللي في نيويورك غير اللي في واشنطن،اللي في تايمز سكوير غير اللي في كوينز،برلين غير مدن كتير في المانيا،الخلاصة مافيش قاعدة,2
هامش للديمقراطية نحو مقاومة جادة للتمييز وللطائفية - عمرو حمزاوي - بوابة الشروق,2
شاب مصري يرد على أكاذيب الإخوان عن إنجازات مرسي الوهمية وكله بالدليل والروابط وحياتك حاجة مشرفة ومحزنة في نفس الوقت,1
د عبد المنعم أبو الفتوح : يشرفنى ويسعدني في أول عيد بعد الثورة أن ابعث بتحياتى وتهنئتى لأسر الشهداء فهؤلاء,3
")"" ههههه على خيرة الله",2
"الدكتور أبو الفتوح: ""على جثثنا و بكل دمائنا كمصريين لن نستعبد بعد اليوم، على شرط أن تذهبوا لصندوق الانتخابات",2
لايمكن لانسان ان يقبل وضعه مع الانقلاب لأن الانقلاب يتعامل مع معارضيه كحشرات يضربهم بالرصاص والغاز والمياه تماما مثل الحشرات,0
"#مصر_العربية |مقالات| مروة رخا تكتب: مونتيسوري مصر ""4"" لقراءة المقال من هنا",0
إنتا فرحة جات لِ عندي بعد دنيا من التعب السعادة إللي بعشها يَ حبيبي إنتا السبب ضحگتك عقلك جنونك والحنان إللي في عيونك #شير…,3
وماذا عن كفاءتها فى تأمين الانتخابات ومحاكمة مبارك وبيوت وأسر لواءات المجلس العسكرى؟,2
الأربعاء 14 سبتمبر : د عبد المنعم أبو الفتوح فى الميدان 10 مساء,2
#نبض_الاخوان ا #عصام_سلطان و ثبات على المبدأ احنا مش حانقدم أى تنازل ومش حانعترف وحانتحبس مش مهم كل,3
"البوابة نيوز: تسريب جديد صوفيا عمارة لـ"" #أحمد_ماهر"": ""عايزين نغير مكان المقابلة""",2
وأن يعمل على إعادة تشكيل الجمعية التأسيسية للدستور ويسعى لدستور مدني لا يحتكر من فصيل واحد استحقاقات كثيرة لتسليم السلطة والتحول الديمقراطي,2
د عبد المنعم أبو الفتوح يفتتح مقر جديداً لحملته الانتخابية بالجيزة,2
د علاء الأسواني يكتب:أعلن المتحدث باسم وكالة الفضاء المصرية أن المركبة آمون سيتم اطلاقها الى الفضاء الخارجي يوم,2
يمكنكم متابعة البث الحي عبر,2
#شبشب_ابوصباع كانوا بيقولولى وانا صغير الشبشب ده حرام علشان اسمه زنوبه لحد ما عقدونى منه,2
لو كنت متوكلاً عليه حق التوكل لما قلقت للمستقبل ، ولو كنت واثقًا من رحمته تمام الثقة لما يئست من الفرج، ولو كنت,2
سـلبت مـني المـناامـ و العـقل تـوهتـه #اتجنن,0
1968 فيما يخص الجانب الفقهي يمكنك سؤال الازهر ودار الافتاء,1
#نقطة_نظام تم تعيين 22 عضو من التأسيسة في مناصب عليا بدءاً برئيس ديوان رئيس الجمهورية ومساعدين ومستشارين ووزراء ومحافظين وأع,2
قالوا تعالوا وقاموا ضاربينهم بجد؟ ليه؟,2
التوجيهي أصعب فترة تحدي والناس يقولوا ما بتقدري تقدمي والتوجيهي صعب وبدو جهد بس كنت أقول الله بلش معي المشوار أكيد ما…,1
لا تجعل الطريق يأخذك حيثما يتجه بل إذهب حيث لا يوجد طريق و اترك آثارك,0
طز فيك,0
أبو الفتوح اعتذرعن المشاركة فى ندوة مركز الشرق للدراسات الإقليمية والإستراتيجية,2
مصارحة نفسي بعيوبيمش نكراها فيا #شيرين,2
سيادة الرئيس، أنا أحترمك بقدر احترامك للمحكمة الدستورية,3
يا رب… إن عبدك جلال عامر جعلنا جميعاً نبتسم في الدنيا وأدخل السرور إلى قلوبنا، اللهم أجعله مبتسماً عندك، مسروراً في جنتك,3
قديما طرد صالح سليم رئيس الاهلى طاهر ابو زيد من الفريق اليوم عرفنا قيمتك وبعد نظرك يا صالح,2
#فيفي_عبده_الام_المثالية زمن المؤخرات هزها واكسب عزها,1
#دعوة_الصائم_لاترد اللهم لاتجعل حظنا من صيامنا الجوع والعطش اللهم اجعلنا ممن يصومه ويقومه واجعلنا فيه من المقبولين ،اللهم,2
_ # النهارده الوسط وضح للي ماكنش عارف ان الأهم عنده هو حماية مصر وثورة مصر مش الجري ورا كرا,2
"#الحقيقة_مباشر_مصر|#انقلاب_3يوليو ارتفاع بأسعار الذهب و عيار ""٢١"" يسجل 2696 جنيها واصلت أسعارالذهب في السوق",2
"أسرة مسلسل ""السيدة الأولي"" تنتقل للتصوير باستوديو الأهرام بطولة #غادة_عبدالرازق و #ممدوح_عبدالعليم #",2
كيف يمكن لصحفي أُرغم على خوض بحر من القاذورات أن يخرج منه وهو يفوح عطراً درس سلامة أحمد سلامة,2
#اليمن | الخدمة المدنية تعلن الخميس القادم إجازة رسمية بمناسبة عيد العمال العالمي,2
شاهد - آخر كلام: مصر في ليلة مليونية إنقاذ البلاد #22,2
لا تسيروا في طريق الحق إلا بعد أن تتأكدوا من قلة سالكيه,2
4343 18 أنت صادق #ماعندي خبر #لازم أسوي كشف بعد الدوام,2
واما اسالك بتحبني وتقولي ااااه مبقتش قادر اصدقك و بقيت اخاف هو احنا مالنا و ايه جرالنا و ليه كته 3 3 #عمرو_دياب,2
بدا منذ قليل مؤتمر سمعنا صوتك لذوي الإعاقة السمعية,2
الي #حمدين_صباحي: لو أنت عاوز تحاكم #السيسي يبقي أنت ما فرقتش كتير #عن اللي حاكم #سليمان_خاطر #نقطة #مصر #الانتخابات_الرئاسية #اليوم_السابع,3
#تأملوها #الحياة_تصبح_رائعة_إذا #القناعة #الحياة ♡ ف الحياة قد لا يتحقق كل م تريد لكن رضا الله يجعل - لك الحياة كما تريد ♡,2
لن ندخل في حرب مع أحد لان مشروعنا الرئيسي هو بناء الوطن وجزء من هذا بناء جيشنا ليس من أجل الاعتداء على أحد ولكن,2
تمارين لإنقاذ إنسانيتنا - عمرو حمزاوي :: بوابة الشروق :: ::,2
حتى الاراجوز مالوش مكان فى اعلام العار مطلوب قطيع يكرر ما يسمع ويتملي,0
#الواتساب_معلق والسبب الرئيسي والوحيد هالصوره,2
في اجتماع الآن مع رؤساء الهيئات البرلمانية في مكتب د الكتاتنى لمناقشة المقترح الذي قدمته بتشكيل لجنة لإدارة الأزمة بين الحكومة والبرلمان,2
استفتاء المصريين في الخارج يوم السبت اجراء شكليمعظم المصريين لن يتمكنوا من التصويت لضيق الوقت وتعطل مواقع القنصليات الاليكترونية من الان,2
"من كتاب دعوة للتعايش للدكتور عمرو خالد: ""إذا كان لدي دائرتي وفكري، ولديك دائرتك وفكرك ، وإذا ظللنا على بُعد ستبقى",2
نهب البنوك يسير بشكل يومى واموال الناس تتبخر علنا ولا يوجد مسئول فى القطاع المصرفى يعترض او يستقبل ==,0
#الشروق: هل الجيش الروسي قادر فعلاً على احتلال شرق أوكرانيا؟: اجتياح روسيا لشرق أوكرانيا واحتلاله هو السيناريو,2
وجهة نظر ساذجة تقول أن من ناضل في الماضي يحق له أن يتحول إلى ندل اليوم,0
#اخر 4 دقائق من مباراة الهلال و سباهان تصوير من المدرج : دددديييييققققققاااااااوو وحش ~,2
كل ما كان يرفضه الاخوان من خطايا الحزب الوطني البرلمانية و إجرامه التشريعي أصبحوا يتبنونه الانمسخرة,0
سايب صاحبك يهزر معاك و يشتمك بامك ؟ معلش اصلها فكرت نفسها جابت راجل طلع #سيكو_سيكو,0
#واحد_فاضي #الهلال #السعودية #النصر #النصر_الهلال #غرد_بصوره #الرياض #زيادة_المتابعين #رتويت #هاشتاق_خاص [2601916],2
#دفع_رباعي #عاجل #لا_يفوتك #أنا_توظفت_عقبالك #القمة_العربية #الزعيم #الملكي #ياسر_القحطاني خمس الاف متابع حقيقي 984,2
حزب النور سيشارك فى لجنة الدستور حزب النور يعمل دوشة فى كل موضوع وفى الاخر يطلع عيل,0
نداء لجميع أبناء الشعب المصري يقترح إجراءات لوقف تدهور الأوضاع إذا اقتنعت وقع وشارك في النشر وايصال مطالب النداء,2
قال رسول الله : من قام ليلة القدر إيماناً واحتساباً غُفر له ما تقدم من ذنبه قف بين يدى الرحمن الرحيم و أطل,2
ممكن حد يقول للبرادعي ما يبعتش شرايط فيديو تاني؟ شكلها كده بن لادن خالص يقعد في البلد و يعمل حاجة واقعية أحسن,2
حد يعرف رئيس الاركان الجديد من اي فرع في القوات المسلحة؟ مشاة ، مدفعية، الخ؟,2
17 أنا معنديش أدمن,2
عندما يسكت الإخوان على بذاءات الشيوخ المؤيدين لهم وتطاولهم على الأعراض فوق المنابر فلا تفرحوا كثيرا لأنكم ستكتوون بنار البذاءة والسفالة,0
رسالة للأبناء : أبوك وأمك محتاجينك زي ما انت محتاجلهم اسمعوا قصة چني وازاي قدرت ترجع بسمة الأمل في البيت,2
_ الحمد لله في أسعد حالاتي إني شفت اليوم ده بيتحقق في أقل من سنة أنا كنت متخيل إنه هييجي بعد ماتمر كذا سنةربنا كريم,3
اوعى تهدم بلدك - قصة صاحبة القصر,0
== #حب #سادي #زب_كبير #خليجي #عمة #ورعان_خليجي #الرياض #أسوان,2
محامي ومستشار قانوني ٠٥٣٨٧٥٥٥٢٧ #نواف #علي #عمر #محمد #خالد #محامي #ركان #سعاد #سعد #حماد #حمد #احمد #يوسف #السعودية #فايز #عاجل #الرياض £,2
ﻣﻴﮕﻦ #ﻣﺤﻤﻮﺩ ﺭا ﺗﻮ ﻳﻜﻲ اﺯ ﺟﺰﻳﺮﻩ ﻫﺎﻱ اﺳﭙﺎﻧﻴﺎ ﭘﻴﺪا ﻛﺮﺩﻥ! اﺣﺘﻤﺎﻻ ﺭﻓﺘﻪ ﻣﺎﺩﺭ ﻣﺮﺑﻲ ﺗﺎﺯﻩ اﺯ ﺩﺳﺖ ﺭﻓﺘﻪ ﺑﺎﺭﺳﺎ ﺭﻭ ﺑﻐﻞ ﻛﻨﻪ :ﺩﻱ,2
جربوا الاستماع للعقلفهمي هويدي:ستكون شجاعة من مرسي إذا بادر بالإعلان عن إجراء انتخابات رئاسية مع الانتخابات النيابية,2
"دعلاء الأسواني: كيف أنصف الإمام ""محمد عبده "" المرأة ؟! أقرأ المقال كاملاً ؟! >> …",2
استغرب من المحللين الذين يضخمون من الاعتداء على سفارة إسرائيل بدعوى أنه مخالف للقانون الدولي فهي جنحة مقابل جرائم إسرائي,0
الغرض الوحيد من استمرار المحاكم العسكرية هو استبقاء ذراع القمع والغرض من تعذيب المعتقلين هو كسر إرادة الثوار وارجاع مصر الى 24يناير,2
علي فكرة عبد الله السعيد صانع الاهداف الثلاثة الماتش الاخير,3
#السعودية #فيديو #غرد_بفيديو #نصيحة #الرياض 31 11:12:02,2
الانقلاب يدمر ثورة 25 يناير بدأوا بالاخوان وتحولوا للكتل الثورية من الشباب واليوم يذبحون الالتراس,0
يا استاذنا العزيز ﻻ تكاد تويتات حضرتك تخلو من ذكر #اﻻخوان أين أنتم من المعتقلين و مجزرة #رابعة_العدوية إنظر إلى…,2
#اعتراف انا بكره الناس اللي بتخسر اعز صحاب عليها علشان خاطر حاجه مالهاش لازمه ـ انا فعلا بكره #الكوره و,0
شاهد - آليات التعاون لدعم الاقتصاد المصري معبدالله غراب ـ في السادة المحترمون # #,2
"دعلاء الأسواني: كيف أنصف الإمام ""محمد عبده "" المرأة ؟! أقرأ المقال كاملاً ؟! >> … …",2
للامانة هو كتبها من ساعتين اذن فنظن انها سخرية :),2
أكتر شيء يهمني معرفته هل ده مشروع إستقلال حقيقي ولا كارت مفاوضات في نفس التوكيل؟,1
أرواح شهداء #غزة تنادى فى السماء أفيقوا يا شباب و انهضوا و اعملوا و تحركوا لنسترد كرامتنا ~ عمرو خالد,2
سقوط فرع شجرة يؤدى لإصابة العشرات بـ #مليونية_الشرعية وحالات إغماء بين #المتظاهرين,2
بيان أسرة البرنامج عن عدم إذاعة الحلقة الثانية,2
"التغييرلن ياتى الا بواسطة الشباب الحق معكم, المصداقية لديكم و المستقبل امانة فى ايديكم معا سنغير",3
تكتلات المصريين في الخارج حلم يقترب من التحقق # #,2
طلع ايسكو و #نزل_صلاح #ليلة_الابطال,2
أنا الحقيقة مهتم أكتر بإني أعرف المسلمين الإسلاملإنهم لو عرفوه مش هنحتاج نعرفه للأمريكان ولا غيرهم,2
باقي من الزمن اربعة اسابيع 4,2
ماتعودتش اسيب لبكره فى يوم مجال ماتعودتش اشوف فى الناس غير الجمال #حمزة_نمرة,2
#قطر #الدوحة # #حمد #تميم #الرياض #دبي #الامارات # #ابوظبي خمس الاف متابع بـ 200 ريال 525,2
لمحبي النحو واللغة بمناسبة #اليوم_العالمي_للغة_العربية,2
"من ذكريات صفحتنا || 28 فبراير 2011 يا شعب ليبيا أذكركم بكلمة جدكم عمر المختار "" نحن لا نستسلم ننتصر أو نموت""",2
الى تواضروس اكثر من 1000شهيد 10 الاف مصاب 20الف معتقل كلهم مسلمون والاقباط فى مأمن تام فى الانقلاب ثم تشكو حقارة,0
"#رصد| خاص | أولتراس جامعة #حلوان يجوب الجامعة قبل بدء فعالية مولد ""سيدك #السيسي""",2
#الشروق: نجاح تجربة هندية لإطلاق صاروخ مضاد للصواريخ الباليستية: اختبرت الهند بنجاح اليوم الأحد إطلاق صاروخ مض,2
ونعلم ان بعض أبائكم قد مات حسرة وهو يشاهد ابتسامة القاتل، نقولها لكم، لن نقبل الا بثورة تعيد لنا كرامتنا وحقكم ويعيش فيها وطننا رافعا للراس,2
الحل السياسي يهدف للبدء في بناء الاقتصاد ولا يعني التصالح مع من تورطوا في عنف #السادة_المحترمون …,3
خلاص يازين من حبهم عزلنا #اكتب_عبارة_على_باب_قلبك,1
أحاول أن أتعافى من صدمة مذبحة #رابعة ووفاة هذا الكم الهائل أمامي من الشهداء لكن الانهيار يعاودني كلما سمعت كاذبا يتحدث عن…,2
دعلاء الأسواني: لماذا يتحرش المصريون بالنساء ؟! أقرأ المقال كاملاً ؟! >> … … …,2
يبدو أن إعادة هيكلة الداخلية ستتوقف عند منطقة الذقن فقط (نشرت في المعصرة فبراير 2012),2
"علاء الاسواني مقاله الاسبوعي بعنوان: ""من أين تنفقون ؟!"" وينشر صباح غد بجريدة المصري اليوم >>",2
"#أوباما يدعو لموقف موحد ضد #روسيا بسبب ""زعزعة استقرار"" #أوكرانيا",2
1 ههههههه حظي وحش,2
مبادره دستورهم باطل لتعريف الشارع بالمساوئ الاقتصاديه و الاجتماعيه للدستور ببساطة،ريتويت بقا 3 مرات قبل الأ,0
وَمَنْ لا يُحِبّ صُعُودَ الجِبَالِ يَعِشْ أَبَدَ الدَّهْرِ بَيْنَ الحُفَر لا تمش أبداً على الطريق المرسوم ، فهو يقودك حيث ذهب الآخرون,2
رابط قراءة وتحميل المعصرة عدد اليوم: بلوغ المرام في فضح المتاجرين برؤية النبي في المنام ـ تدوينة: الثورة جاية إمتى,2
لا ارى حل سوى حكومة انقاذ وطنى ذات صلاحيات مطلقة,1
من سنن التي تفعل في السجود مجافاة ( ابعاد )فخذيه عن ساقيه #نشر_سيرته #,2
#ماهر فخامة الاسم تكفى,3
الكاتب الصحفي أنور الهواري ضيف #يوسف_الحسيني في #السادة_المحترمون,2
"#اعتراف : غيابك المر شتت زاهي حضوري !""",1
افتخر بلغتي 😍😍 #اليوم_العالمي_للغة_العربية,3
رصد| فعاليات مناهضة للانقلاب ومتضامنة مع انتفاضة السجون بـ #المنوفية نظم #2011,2
القراء الأعزاء اعترافا مني بأننا معشر الصحفيين عالم ولاد تيت (الا من رحم ربي) وأننا احيانا نلجأ لكتابة …,1
"#المصري_اليوم ""الأناضول"": ""رصاصة واحدة لكل هدف"" كلمة سر القناص التركى: يتلقى قناصو الجيش التركي تدري #مصر",2
أبو الفتوح لشرف: تحسين الأداء أو الرحيل,2
ال ع الشمال ده زييت #باسم_عودة الإرهابي أما ال ع اليمين ده زيت الإستقراااااااااااااااااااارررررررر #هز_ديلك …,0
التيار الشعبي المصري,2
هل سيكون هناك ورش عمل في جميع دوائر الإقتراع لشرح الدستور ومعنى كل مادة لكل مواطن أمي؟ ولا هتمشي عبده فهلوة ومحسن فريكيكو؟,1
بلغوا عن الحساب ده بيرسل فيروس,2
#ولاد_البلد #المنصورة #مصراوي #ملعب_طلخا بلقاس يتقدم بثلاثية على غزل شبين ، وطرد لاعبين من صفوف غزل شبين، في,2
إدارة الصفحة || من هو مرشحك لإنتخابات الرئاسة المصرية شاركونا على الرابط التالى,2
ملتقى الوسط الشهري- بلال فضل ضيفا 2/10 الساعة 8 فى ساقية الصاوي - قاعة الكلمة # _ _,2
لوحة شرف بأسماء المحافظين النشطاء والمنجزين # #,2
حركااات الكويت لونها اصفر #حرية_الصحافة,1
1 عاجل القبض على الاخوانى الذى كان يطلق خرطوش على معتصمين التحرير,2
#الحرية_والعدالة | #سيناء_خارج_التغطية صورة من فعالية ضد الانقلاب ببئرالعبد شمال سيناء مساء أمس 24 ابريل بختام,2
صل علي الحبيب,2
المصريون يعتقدون أن أمريكا وإسرائيل يدعمون #الإخوان #مصر_القوية …,2
شــايــف طريقـى اخره نــور و مش انــا اللى اعيـش مكســور و لو ماوصلتش برضو عادى هاعيــش حيــاتــى و هافضــل راضــى #كاريوكى #من_الروائع,0
الحلقة السابعة عشر - الجزء الثالث - لقاء باسم مع إباء و ثريا,2
"#شبكةالقدســــالاخباريه :: #أمريكا تدرس اعتماد السيادة ""#الإسرائيلية"" على #القدس في أوراقها الرسمية",2
فاكر يا #مظهر_شاهين يا امنجي يا ابني لما كنت عايزني احط اسمك في مجلس رئاسي مدني في احداث #محمد_محمود و مر…,0
الأسواني :أن من شروط القصاص أن يكون المقتول مسلما أما اذا كان المقتول كافرا قبطيا فان المقال كامل>> …,2
#الحرية_والعدالة | شاهد الآن: #ليلة_الاتحادية أول فيلم استقصائي يتناول أسرار و كواليس تعرض لأول مرة حول حقيقة,2
هل ستستمر مكافحة #الارهاب بالشعارات والأغاني الوطنية ؟! #كفى_عبثا واستهانة بأرواح الأبرياء,0
لذا يلزم التوضيح,2
انا استمتعت بأداء تشيلسي أمام اتلتيكو مدريد الكرة التي احبها الكرة عقل مدربين وليس فقط مهارات وسرعات لاعبين #ذا_شامبيو…,2
قلبوا الدنيا بعد سحل حماده فى زمن مرسي وصمتوا امام قتل معتقلين بالسجون تعذيبا وبعربة ترحيل,0
#مباشر_مصر | #القاهره | #المرج تم تحرير الخمس فتيات اللي تم اجتجازهم في قسم المرج,2
قال الاستاذ علاء عبدالفتاح على الجزيرة بصراحة نحن نعرف ان خالد على لن يكسب الم يكن الافضل ان ندعم مرشحا ثوريا واحدا بدلا من تفتيت الأصوات,1
لا افهم سبب الاصرار على قانون الانتخابات الذي رفضت كل القوى الوطنية والسياسية د عبد المنعم أبو الفتوح في ندوة بنادي هليوبوليس,0
الأدمن: اتفرج على احلى مقاطع #امريكا_بالعربي حلقة 16,2
هو ٱنا ليه حاسة اننا زهدنا فى #الثورة اللى حيقول يترنح مكانه محفوظ فى البلوك ليست,2
انساهم تلقيهم ورا ضلك ماشيين ! #عمرو_دياب :),2
بعد أن كان الاسرائيليون يتوسلون غاز #مصر يتوسل الانقلابيون الآن عبر وساطة قبرصية لشراء بعض غازهم وبأضعاف اسعار كانت تدف…,2
لا زيادة فى أسعار #البنزين و #الكهرباء والسلع الغذائية,2
من قتل اللواء فراج؟ زميله قاصد زميله بالغلط زميله وخلاص,2
استغفر الله تفتح لك أبواب لم تحلم يوما أنها ستفتح لك ابدأ يومك بالاستغفار,2
كيف تتشدق بهذا الدستور؟,1
شاهد - ما قام بة الإخوان من عنف بالإسكندرية يؤكد أن النية كانت مبيتة # #,2
ده اللى اسمه تطوير العمل النقابى منهم لله #الإخوان كانوا خاربينها !! #نقابة_المهندسين,0
) #جمعية_الاقل_من1000_فولورز,2
ذكريات مشاهير رجال المغرب في العلم والأدب والسياسة للأديب العلامة عبدالله كنون ط التراث المغربي وابن حزم #معرض_الكتاب …,2
48 نظرة برجماتية يمكن الليما عندوش قلب يفهم من بطنه,0
_ بوجود خالد يوسف في لجنة الدستور هل تتوقع ان يكتبوا علي بوابة الدخول في مطار القاهرهللكبار فقط,2
المكتب المتنقل لحملة دعم د/عمرو حمزاوي للانتخابات البرلمانية يجوب الدائرة وعلى متنه شباب المتطوعين للإجابة على أسئلتكم,2
"الحلقة الاولى الجزء الثاني: ""النهضة لا تزال في""",2
""": أسعار #البنزين في #ايران تقفز بما يصل الي 75 بالمئة """,2
_ 0 مش عيب تكذب؟ عمري ما عملت ولا هعمل بلوك لحد لا تمدح نفسك,0
الجدول على الفيسبوك,2
#المنوفية اليوم,2
بالفيديو غرق عدد كبير من المنازل بقرى الفيوم #السادة_المحترمون,2
بل لغربتي عن ذاتي الكاتبة والباحثة مع كثافة تدفق تفاصيل الانتخابات,2
82] #غرد_بالخير #غرد_بالخير,2
د عبد المنعم أبو الفتوح : العدل الكامل فى توزيع الثروة و الدخول ، وتنمية القدرات ، وتهيئة مناخ التشغيل الكامل,2
بالفيديو يوسف الحسيني بيهزق الحكومة انتوا حكومه بلاميطي,0
"تقرير مركز ""ابن خلدون"" حول أحداث عنف وتعذيب وقتل منسوبة إلى الإخوان",2
انها ليست مجرد قصة نحكيها انها دروس نتعلمها من ماضينا المشرق لنصلح بها حاضرنا و مستقبلنا إنها #قصة_الأندلس,2
"سامي الجابر يتحمل كل شيء لأنه اعطي الصلاحية كاملة،مين يختار اللعيبة والتشكيلة ومين يضع التكتيك ""اذا كان فيه تكتيك",0
#سليمان_خاطر بطل,3
#قطر #الدوحة # #حمد #تميم #الرياض #دبي #الامارات # #ابوظبي خمس الاف متابع بـ 200 ريال 550,2
بمناسبة مايحدث في البلاد قررنا ان يكون البرنامج للكبار فقط مع وضع تيت على الالفاظ المسيئةماحدش يقول اننا ماحذرناشباتكلم جد,2
هذه هي نهاية الغطرسة و العناد مرسي سقطت شرعيته منذ ديسمبر على الإخوان الآن أن يضحوا بخيرت الشاطر ويقننوا وجودهم ويظلوا في حجمهم الطبيعي,0
""": #بالفيديو شاهد ماذا فعلا كلا من #هشام_عباس و #فيفي_عبده علي الهواء في #شم_النسيم علي الرابط """,2
"محافظ #الجيزة: منع وجود ""التوكتوك"" بالشوارع الرئيسية بالمحافظة",2
احمه ،، محمه ،، محموه :) :) #مصريين بينادوا علي بعض : :) 7,2
#لوله_العأهات_مكنش #مارك #صنع #البـلـوـكأت,2
ولد رسولنا في عام الفيل يوم الاثنين وفي شهر ربيع الأول ومات أبوه وهو حملٌ في بطن أمه وقد يكون مات بعد ولادته وكلها روايات…,2
قوات الأمن تحاصر #البلتاجي و #حجازي بشقة بـ #رابعة_العدوية # #مصر #فض_اعتصام #الإخ…,2
مواليد برج #الأسد تعجبك صداقتهم كثيراً,3
#قمة_الكوسة في البلد دي #إلهام_شاهين تتكلم في الدين و #سما_المصري يحبسوها #الحرية_للمناضلة_سما_المصري :),2
#وائل_جمعة عمل المعلق بيقول مش هنعتبر وائل هو اللي عمله خلاص نعتبره #كمال_جمعة او #جمال_جمعة_جيمي :) :) :),0
طنش وحط راسك ع مخدتك ونام اكسب صحتك وراحة بالك احسنلك :') #اه_والله,2
"يا حكومة البطىء ""أرجوكم سرعوا (المارش) شوية #يوسف_الحسيني",0
29 مايو الحكم فى طلب رد محكمة الامور المستعجلة بدعوى اعتبار قطر داعمة للارهاب #مصر #ميدان_التحرير,2
""": إن أردت معرفۃ حقيقه انسان فانظر كيف يعامل من هم اضعف منه #اوعى_تنسى #ريتويت #واقع #بوح""",2
بتفرح اووي لما #تبقى انت السبب في #ضحكة حد انت بتعشقه :),3
"#غرد_بالخير #غرد_بصورة #شبكة_المجد """,2
#كلام_مصري_مترجم ',2
مين اختار يعيش حياته ومين اختار يحب مين #شيرين,2
مظاهرات المهندسين تتجاوز ربع المليون بين شارعى شهاب ووادى النيل ما شاء الله على شعب مصر العظيم سيسقط الانقلاب باذن الله,2
جيهان سليمان اعلاميه ابلغتنا امس بمستندات وبلاغات في الاموال العامه ضدبكري والقي القبض عليها والان في قسم ٦اكتوبر #,2
أخشى أن الضرر و الدمار الناتج من طريقة و أسلوب إدارة البلاد منذ الثورة حتى الآن لن يمكن إصلاحه !,0
#سنحيا_كراما أو نموت #شهداء,2
"اختيار ""عمرو واكد"" كعضو لجنة تحكيم بمهرجان فينيسيا السينمائي",2
"كتاب هوارد زن اللي اشرت إليه في المقال غير موجود في المكتبات للأسف ونسختي حصلت عليها من المترجم حمد العيسى,أتمنى أن يبادر أحد لتوزيعه",2
#م نوينا نعشق بعض آبد كآنت سالفه 'وصرنا م نعيش من دون بعض (=|,1
شفت السماء فوقك ؟ تخيل مداها ، بنجومها ، بأجرامها باللي فيها ! واللي خلقها من عدم واحتواها إني احبك حُب غطّى عليها #تخيل,3
فخور أني مصري اولا و اخيرا,3
"هل بدأ #الجيش السوري عملية ""#حلب الكبرى""؟ #دمشق #الراموسة #الشيشان #الليرمون #المطاحن #المدينة # #الجيش_الحر",2
#خليك_متحضر و بطل تسمع مهرجنات,2
#عبارات_تعشق_الزوجة_سماعها انا برع يلا تعالي,2
حزنى عميق على الجيل القادم لا قدوة فى سياسة اقتصاد ادب فن اعلام قضاء اغلب رموز الانقلاب سيئة,1
"#الموجز بالفيديو الداعية #عمرو_خالد ""يشجع"" صلاح من المدرجات",2
لا صحة لخبر #تأجيل_الدراسة، ولم يتم إصدار أي تصريح بهذا الخصوص #فيروس_كورونا …,2
الثوار مرة اخرى فى ميدان التحرير: خطوات واضحة و كثيرة لم تتخذ؛ لماذا التباطؤ و أنصاف الحلول ؟,2
سي بي سي:سيولة مرورية ب #ميدان_النهضة والشوارع المحيطة ب #جامعة_القاهرةو #الشرطة تكثف تواجدها بالميدان #,2
#ﺍﻹﺧﻮﺍﻥ ﻳﺸﻌﻠﻮﻥ ﺍﻟﻨﻴﺮﺍﻥ ﺑﻨﻘﻄﺔ ﺷﺮﻃﺔ #ﺍﻟﻄﺎﻟﺒﻴﺔ ﺑـ #ﺍﻟﺠﻴﺰﺓ حسبي الله ونعم الوكيل #,2
"#مصر • رفع شعار رابعة اثناء كلمة اوباما ف ماليزيا المؤمن للمؤمن كالبنيان المرصوص ""(ઊ316) #انتخبوا_العرص",1
يعتذر دكتور عمرو خالد عن القاء الدرس الأسبوعي (علي خطي الحبيب) اليوم علي أن يتم الإعلان عن موعد الدرس لاحقاً بإذن الله,2
الذين يتسابقون لتلبيس مرشد الاخوان الحذاء عليهم ان يدركوا انهم يهدرون كرامتهم قبل ان يتحدثوا عن الثورة ما يفعله الشاطر بكم لن يفعله بنا,0
حزب مصر الحرية غاب عن لقاء الأمس بين العسكري والأحزاب نراه,2
#عثمان_بن_عفان,2
فيلم الجزيرة #الصندوق_الأسود لأحداث #الإتحادية فضح الكثير انتظروا فيلم #المندس اللي هيفضح حاجات كمان وكمان #انتخبوا_العرص,0
د معتز بالله عبدالفتاح المستشار السياسي لرئيس الوزراء ضيف آخر كلام في الجزء الثاني من حلقة الليلة #,2
"#الشروق ""الداخلية"": 400 ألف مواطن تقدموا لأداء الحج وبدء إجراء القرعة 10 مايو المقبل",2
"استمعوا لحلقة جديدة من برنامج بسمة أمل - الفرق بين الاسم و المسمى ""القهوه الحرام"" !!",2
"مصدر: مجموعات حدودية مسلحة تهدد أمن مصر بقيادة ""#محمود_عزت"" للتفاصيل:",2
تقدمت في البرلمان بطلبات تطهير الداخلية والقضاء أكثر من مرة لكن لم يتم الرد,2
الإبتسامه لم تفارقها حتى بعد موتها اللهم تقبلها من الشهداء أسماء صقر,3
"الانقلابيون قرروا العمل والاقامة فى محيط المطار عشان الى يلحق يهرب يعملها فور سقوط الانقلاب, غوروا فى داهية",0
ان لجنة الانتخابات الرئاسية تحذو حذو المجلس العسكرى تماماً شبراً بشبر، وذراعاً بذراع,2
عندما تحتاج لحوائط عازلة لمؤسسات الدولة فهذا برهان أن تلك المؤسسات ليست لخدمة الشعب وإنما لقهره!,2
ما كل هذه الأعداد! انا مبهور عجلة ورا يا مرسي وإلا هندخل في مرحلة وا كرساه,1
أعضاء الإخوان يسيطرون على مستودعات أنابيب البوتاجاز لكي يحدثوا أزمة #السادة_المحترمون …,2
بالنسبة لقناة #فلول و الحاجة #سما_المصري اللي صدعونا بخبر القبض عليها وتراخيص وحوارات القناة لسه شغالة هو كان فيلم هندي عشان يتشهرو اكتر,0
"السياسة #الشرعية التي يعمل بها #السلفيون في بلاد #الحرمين مزورة ومكذوبة على #الاسلام وان صفق لها كبار #العلماء واتحدى في ذلك""""",0
مقال دعمرو حمزاوي -جريدة الوطن 30ابريل2012,2
رديف #تشيلسي يوقف انتصارات #ليفربول ويحيي آماله بالمنافسة,2
موقف نقابة الصحفيين من تغيير القيادات الصحفيةأ حنان فكري #السادة_المحترمون …,2
في مصر يوجد 2 مليون مشترك دي إس إل، 54% منهم في القاهرة والجيزة، و12% بالإسكندرية و6% في الدقهلية #الإنترنت_في_مصر,2
مصري إسمه مجدي يعقوب: عن زيارة لمركز القلب باسوان التابع لؤسسة مجدي يعقوب الخيرية:,2
ﺍﻟﺠﻴﻮﺵ ﺍﻟﻌﺮﺑﻴﺔ ﺃﻛﺬﻭﺑﺔ ﻛﺒﻴﺮﺓ ﻓﻘﺪ ﻛﺎﻧﺖ ﺃﻭﻝ ﺣﺮﺏ ﺧﺎﺿﻬﺎ ﺍﻟﺠﻨﺮﺍﻝ العسكري الكبير عبدالفتاح ﺍﻟﺴﻴﺴﻲ ﻓﻲ ﺣﻴﺎﺗﻪ ﻫﻲ ﺣﺮﺏ ﺭﺍﺑﻌﺔ ﺍﻟﻌﺪوية,0
#بيقولك_أعرف_بلدك مجموعة السلطان المنصور قلاوون #503,2
الطريق إلى الديمقراطية يتآكل: محاكمات عسكرية، تقاعس عن حماية التظاهر السلمي، رفض الرقابة الدولية للانتخابات، عدم حسم حق المغتربين في التصويت,0
الله يمسيك بالخير #خالد_على,2
سي بي سي اكسترا:تشييع جنازة العميد الشهيد أحمد زكي من #مسجد_الشرطة ب #العباسيةو #ابراهيم_محلب و وزير الداخلية يتقدمون الجنازة #,2
لا تقتلوا هريدى,2
#السيسي يقول إنه لولا حرب 1967 لكانت #مصر اليوم في مصاف الدول المتقدمة هل توافقونه الرأي؟ #…,2
حينما يأتى لى شخص ليقول لى سأعطيك صوتى أقول له أنا اعتز بصوتك ولكنى لا أسعى إليه أنا أسعى لان يلتف الشعب حول,2
#أحمد_موسى ما استطاع الرد على #باسم_يوسف وقد جعله مسخرة المصريين ويتطاول فقط على #الرئيس المنتخب من شعب #مصر,0
#شاهد_سكاي : #عيد_العمال تراجع أعدد العاطلين,2
#ولاد_البلد #المنصورة #مصراوي إنتقال النيابة العامة لمستشفى #طلخا المركزي لمعاينة جثمان السائق,2
ده على أساس إن مصر مستنية كل تويتة أكتبها هزار أو جد مثلا؟,2
"مأساة !! عضو العسكري وأحد المسؤولين عن الحكم: المتظاهرين""رفضوا تماماً حمايتهم من المجهولين"" نجاح الثورة لا ريب فيه والنظام السابق الي زوال",1
#ثانوية_عامة 3 3 #سامحني_يا_رب,2
اﻻمنجي #عمرو_اديب و المحامي اﻻمنجي #خالد_ابو_بكر بيروجوا لغلق المحلات من 8 مساءا و رفضوا ان #هشام_قنديل يقفل المحلات 10 …,1
: كاتب فى جريدة القدس يفترض أنه ناصري و مش إخوانى ؟ ؟ ؟ ؟ سليم عزوز,0
الدولة المدنية ليست فقط مضاد الدولة الدينية، بل أيضا مضاد الدولة العسكرية التي تحكم بها المؤسسة العسكرية أو تصبح بها دولة داخل الدولة,1
لكل الذين يحاولون إيجادمبررات لحركة المحافظين،لأوضاع الأمنية مسؤولية مديرين الامن لا المحافظين، أما المحافظات الحدودية فلها وضعية خاصة #مصر,2
عبدالله السلمان مال الخطر معاهم يخرج احسن منّك #ارحل انت الآخر,0
طلاب #الإخوان بجامعة #أسيوط يتظاهرون احتجاجاً على فصل 16 منهم,2
سارة عثمان دخلت على موقع جامعة كولومبيا التي زعم الخبر أن المحاضرة ألقيت بها فلم تجد شيئاوهكذا انفضحت الفبركة الإخوانية البلهاء شر فضيحة,0
يعني واحد ما بيعرفش يقرأ أليس من الهراء والعبث أن تأخذ رأيه في كتاب دون أدنى مجهود لشرحه له؟ خاصة لو هيأثر على حياته وحياتي أنا كمان!,0
يوما ما سيدرس أولادنا شجاعة المرأة المصرية التى تجلت في الثورة صلابة بنات مصر مثل نوارة وغادة كمال وسميرة ابراهيم تجعلني فخورا باني مصري,3
انصحك بقراءة هذه المقالات المنشورة في عدة صحف منذ 2007 قد يكون فيها ما يفيدك #مصر #لبنان #سوريا #الإمارات #الأردن,2
تم بيع #مصر #السيسي #رابعة_العدوية,2
مجرد إجازة قصيرة أسبوعين أو ثلاثة بالكتير التفاصيل الحلقة القادمة,2
مفاوضات الجمعية لابد وأن تنطلق من قاعدة جمعية تأسيسية من خارج البرلمان ووضع معايير وضوابط تضمن كفاءة الأعضاء وتمثيل أطياف المجتمع,2
"# أنصار مرسي يحرقون محكمة ومتحف ""ملوي"" بالمنيا وأعمال سلب ونهب واسعة بالمدينة",0
البيع أو المتاجرة أو استعباد الأطفال و #عمالة_الأطفال #يوسف_الحسيني #كلام_و_كلام #السادة_المحترمون,2
لمن يتحدثون عن ضرورة المشاركة في الحوار مع الرئيس وأن التعاطف الشعبي مع المعارضة سيتراجع إن لم تشارك في الحوار وأن التاريخ لن يرحمها,2
#كلمه_بتتقال_في_البيت_كل_يوم ولدي جيعان ؟! أمي الله يحفظها :),2
الله يرحمك ياعم إسماعيل عبد الحافظ ياقدم الخير وياصانع البهجة والفن يامن دفعت ثمن مواقفك السياسية في شبابك وعملت بشرف حتى آخر نفس في حياتك,2
الحمد لله بسمة قامت بالسلامة، وربنا رزقنا بنادية,0
الهجوم المتوقع على كرداسة متى يتوقفون عن قتل الاحرار؟ الانقلاب يمارس ويزرع الارهاب,0
اللهم إنا نسألك عيش السعداء و موت الشهداء و مرافقة الأنبياء آمين,2
تأملت كثيرا فيما أعلن أمس عن رغبة المستشار أحمد مكى فى إعفائه من منصبه,2
التوافق على قيم مشتركة وخطة طريق لإنقاذ الوطن هو المخرج الوحيد مصر ملك للجميع ويجب أن نتعلم كيف نعيش جميعًًا معًا,2
عرض الاسبوع 40 ألف متابع #شوارعنا #فن_تتقنه_النساء #ذلك_الشخص #شي_ودك_تجربه #بوح #درر #عجبني #حلو #مكه [2021821],2
يجعلها حفله مملكه يا كريم ^^,2
#نبض_رابعة | #شاهد معتقلين المنيا في قاعة المحكمة يهتفون ساخرين من القاضي و من فضيحة زوجتة مع مدرب الكراتيه (,0
#يومك_نت | #المصري_اليوم | إحالة مدرسين للنيابة بتهمة تخزين مواد حارقة ومنشورات بجمعية في #المنيا ﺃﺣﺎﻟﺖ ﺃﺟﻬﺰﺓ,2
جامعة الأسكندرية تنتفض ضد الإعلان الدستوري والدستور الجديد,2
2 شكرا أخى و كل الشكر للمملكة على الساندة إدام الله المحبة رمضان كريم,3
إن مثل إنسان بلا هدف، كمثل سفينة بلا دفة، كلاهما سينتهي به الأمر محطما بجانب الصخور #مي_زيادة,2
شاهد - آخر كلام: من يدفع في النهاية فاتورة الألم #,2
حد يعرف حد بتاع طباعه تيشرتات وكده كويس في #اسيوط,2
عرض الاسبوع 40 ألف متابع #شوارعنا #فن_تتقنه_النساء #ذلك_الشخص #شي_ودك_تجربه #بوح #درر #عجبني #حلو #مكه [2037992],2
تقدم ببلاغات مشابهة حمدي قنديل وجورج اسحق وعبد الجليل مصطفى طالبنا جميعا بوقف فوري للعنف وتحقيق فوري للنيابة العامة,2
وصل الإفلاس بالإخوان إلى حد فبركة تصريحات على لسان المفكر الأمريكي ناعوم تشومسكي تبرر تخبط قرارات رئيسهم لكنهم إتفضحوا فضيحة المتطاهر,0
طب لاش حد فاكر الي اتنقذو طب حد سأل التحقيقات وصلت لفين حد عارف التعويضات طب لبسوها لمين طب فيه مهمل اتعاقب ؟!1 #سانت_كاترين ؟؟!!,2
"11 ""افتتاح الملتقى الأول لصناع الحياة""",2
"أسأل الشعب القطري الشقيق : "" هل يرضيكم ما تفعله قناة الجزيرة مباشر مصر ؟ """,2
لو عمرك ما دخلت بيدج و كتبت ممكن اكون #ادمن معاكن يبقى انت كدا واد #اسطورة # 3,2
النضافة ،النظام،الراحة و الحرية اللي بيحس بيها السايح تخليه يسيب بلد زيينا امكانياتها السياحية مرعبة و يروح لبلاد اقل بكتير,1
الأسماء المقدمة من وفد الأمهات هي لأشخاص كانوا في محيط الداخلية وهناك بالتأكيد تشابه في الأسماء هاني لوقا المقصود أخذ من حول الداخلية,2
أبو الهول ومن خلفه أهرامات #الجيزة عام 1875 م,2
#البوابة_نيوز: عمليات التعليم تصدر تقريرها حول سير #الامتحانات على مستوى الجمهورية:,2
#ذكرى_11_سبتمبر في مثل هذا اليوم أبكى أسامة بن لادن أمريكا، كلام وكلام #السادة_المحترمون …,2
#ماذا_اعطاك_الوهاب_ الحمد لله انه الوهاب و ليست الهبات في يد البشر,3
تلتقون بعد دقائق مع الدكتور عمرو خالد و الدكتور أحمد جمال الدين على قناة فى برنامج (هنا العاصمة) تقديم,2
لا ياحبيبي يانيوتن اطلع من قبرك و ورنا فيديو لتفاحتك وهي تطيح ما حناب مصدقينك اطلع أقول =)) #قفزة_فيلكس,2
هذا هو حال جمهور الهلال وهو يناضر جمهور النصر يحتفل بالكاس #النصر_الهلال,2
لا علاقة لا للمساجد ولا للكنائس باستفتاء الدستور ومواقفنا تأييدا أو رفضا، على أئمة المساجد اليوم الامتناع التام عن تناول الاستفتاء والدستور,2
اتفق معك جداً و ان عائلة الأسد قمعيين مستبدين و خلقوا دولة أمنية كما اتضح لي بعد ان خدعت،ان المليشيات المسلحة هناك كارثة,1
ثلاثين يونيو موجة ثورية ضد الفاشل مرسي والجماعة الكذابة ما أرفضه هو القمع والعقاب الجماعي كفاية كذب وخداع للنفس,0
اللهم ارزقنا بر والدينا و ارزقنا الإخلاص لوجهك الكريم فى كل أقوالنا و أعمالنا يا رب العالمين,2
شفتو ماااااااااسر #انتخبوا_البرص ابن اليهودية رمز النجمة اليهودية #كوهين_مصر,2
من داخل غرفة التحكم,2
"#لو_ده_جنان_اتجنن لما تلاقي فى الامتحان سؤال مش عارف اجابته اكتب "" أنا سعيد إنك سألتنى السؤال ده "" :)",2
تونس : حلقة واحد من اربعة,2
تواجدي خارج المملكة منعني مشاركتهم في تجهيز التيفو واعرف حجم التعب واﻻرهاق اللي يعانوه حالياً ويارب ﻻتضيع لهم تعب #الالتراس …,1
معلومة عدد بطولات الحارس بينتو وهو على دكة احتياط #برشلونة آخر ٥ سنوات اكثر من عدد بطولات #ريال_مدريد آخر ١٧ عام مضى وا…,2
عن الذين ورثوا الهرم المقلوب للظلم الاجتماعي اعدلوا !,0
الماظة:لابد من تسليط الضوء إعلامياً على مشكلة تملك المساكن وتحقيق العدالة بوضع نظام لتملك الشقق يراعي البعد الاجتماعي والمادي للعاملين,1
2 كما أدنت عنف الإخوان أمام الاتحادية وأمام مقرهم العام قبل أيام، أدين أيضا العنف ضدهم وضد منشآتهم بالأمس، لا يصح الاحتجاج على العنف بالعنف,1
نجمة #ستار_اكاديمي #ماريتا_أبي_نادر وأدائها لأغنية سونة للفنانة شادية #رنا_سماحة_أجمل_سنين_عمرنا # …,2
محامي ومستشار قانوني ٠٥٣٧٨٥٥٥٢٧ #المحامي #محامي #قاضي #حكم #درر #الوتر #مستشار #رقم #ريتويت #محاماة #مشاكل #قضايا #اسرية #محامي #مكتب ؟,2
بدء فاعلية اليوم لاسقاط قانون التظاهر والافراج عن المعتقلين امام سنترال سراي القبة #شير #احشد #شارك,2
#خليك_متحضر #معا_نحو_التحضر,3
اللى بيقول ان البلد دى بلدنا لما حد بيقوله يا خواجه بيكون سعيد جدا شوفتو احلى من كده وطنيه #لو_جنان #اتجنن,0
تحية لبعثة مصر البارالمبية التى حققت انجازا غير مسبوق وقدمت لنا درسا فى تحدى المصاعب لرفع اسم مصر عاليا شكرا لكم وحمدا لله على سلامة عودتكم,3
#اعترافات_الطفولة بقت سيارة ابوي وماعندي ليسن بعدين مسكني وطقني طق وسبحني بماي بارد وخنقني بالمخده 😂😂,2
نيللي كريم ، بشرى ، نودي السباعي فيلم 678 تجربة في كشف تشوهات المجتمع لماذا لا تكرر #مصر #,2
) من يعطل القانون وجب وقفه ولكن السباب ينافى الكثير من الاخلاق والمبادئ !,1
على مقهى في شارع الدم! اقرأ المقال كاملا على موقع #الشروق,2
البرود #اسلوب_حياة,0
انا شخصيه حساسه جدا بزعل من اقل كلمه بس مش بظهر زعلي ده وبشيل دايما مع اني بكلمه صغيره ممكن اسامح بس مش انسي #اعتراف,2
هل عرفتم كيف كان يتجول الكلب #حازم_عبد_العظيم باريحية فى يده المولوتوف والحجارة عند قصر #مرسى ؟ عصابة #السيسى كبيرة #انتخبوا_العرص اليهودى,0
عمال أعد خرفان و برضه مش عارف أنام من الكلمة دي: محححححكمة,2
ظهرت في شوارع وسط القاهرة، بوسترات عليها صورة أحمد شفيق,2
#ماهي #علامات #محبة العبد لربه #المحبة #الحقيقية #الشيخ_حمد_العتيق - #السعودية #الكويت #الامارات #السلفية,0
#ارسلي_لأخوك_كلمة_أحبك_وصوري_ردة_الفعل مو منك من إلي يقولك -_-,2
انا #مسلم وبفتخر,3
فهيَّا انزعي عنكِ ثوبَ الهمُوم غدًا سيـأتي بما تحلُمِين ! #فاروق جويدة,2
"فزاعة ""الفلوليه""",0
السيسي قال للأمريكان ان المصريين كانوا يساقون عنوه للمساجد,0
شهداء الاخوان دمهم عزيزنطلب لهم الرحمة لكن الاخوان هم الذين اعتدوا وضربوا وسحلوا وعذبوا البناتيا إخوان لا تتاجروا بالشهداء فتزدادون سقوطا,1
بيان القوى السياسية المشتركة في الثورة - و - مستقبل السياحة في مصر في آخر كلام الليلة 9 - 7 على,2
ذبحتونا: 2013 العام الاكثر دموية في #الجامعات على مر التاريخ#,2
مشكلة اليسار مش اللي قاله العريان مشكلته إن رغم كونه الفصيل الأكثر فاعلية ونضالية في الثورة المصرية لم يستطع طرح شكل,0
#عن #جواز_الصالونات اللي بيتعب الاعصاب,0
"دمحمد الجوادي يشيد بإنجازات مبارك في كتابه ""النخبة المصرية الحاكمة"" #مصر #قطر #الإمارات #السعودية #البحرين #لبنان",3
وآنا علي يقين بقا أن كل سلطة ف مصر من أول الفراعنة لحد دلوقتي ، سلطة متخلفة وعلي رأسها حمقي ، باستثناءات قليلة !! #مبارك #طنطاوي #مرسي #,2
ان سرت في وادي ظل الموت ﻻ اخاف شرا ﻻنك انت معي الوعود اﻻلهية كثيرةحاول ان تتذكرها واقرأ معي سفر يشوع الاص…,2
هناك شيوع لخطاب الكراهية والإقصاء والعزل وتواري للمحبة,2
_ يا عم هو كان جوز امي ما ترحمني بقى,2
مازلنا نعيش عهد اللافعل,0
الله أكبر الله أكبرالله أكبر لا إله إلا الله تكبيرات العيد تبعث فى الوجدان طاقة إيمانية عظيمة كل عام وأنتم بخير,3
#عيد_الأم يكفيني بقاء أمي حين يغيبون و حب أمي حين يتغيرون و قلب أمي إن غابت قلوبهم وهم حاضرون,3
شيخ الازهر مع اشتون وتواضروس مع الكونجرس الدين فى السياسة لناس ناس,2
#عندنا_في_المريخ لو زعلت الماوس هيزعلك,2
يعني اخوان لوط ناس طاهرة؟,1
"مصادر بـ""النقل"": لا زيادة في أسعار تذاكر #السكة_الحديد و #مترو الأنفاق",2
تفاؤلى بنجاح ثورتنا نابع من ايماني بأن ( الله لا يضيع أجر من أحسن عملا) ولا يوجد أحسن وأعظم عملا من أن يضحي الشعب,3
تفاصيل الاعتداء على خالد داوود المتحدث باسم جبهة الإنقاذ الوطني # #,2
اخبار صباحية هبوط البورصة اليومى وتراجع مؤشرها الرئيسي وخسائرالمستثمرين الباهظة بكره تشوفو مصر,0
كان شباب حزب الحريه والتنميه قد بادر مسبقا بالتواصل مع شباب حزب الوسط قامت أمانه الشباب بالحزب ببدء الاتصال بهم ظهر اليوم لدعمهم,2
لا للمحاكمات العسكرية,0
(وجعلوا الملائكة الذين هم عباد الرحمن إناثا أشهدوا خلقهم ستكتب شهادتهم ويسألون) #غرد_بالخير,2
أحد صور الفيلم,2
#اتجنن واخرج عن المألوف,0
وأدم ودها ~ 3 #ورد_الرابطة = ),2
هي عدت على الشروقكان لازم يقولوا إن البلاغ هو اللي قايل كده لإن المحضر لما هينتقل عشان يعلن السفارة اليهودية هيتعب,2
دعما لـــــ #ثورة_الانترنت #ثوره_الأنترنت #ثورة_الأنترنت #ثوره_الانترنت,2
عن ال #حاجة الى جبتاها انهادة انا و فريدة عن #الانبساط الى بجد انهاردة _,2
الرسالة الأسبوعية لدكتور عمرو حمزاوي -:,2
عجيب جداً شاهد ماذا يحدث مباشره مؤشر من قوقل يبين لك ماذا تكتب الناس في محرك البحث في بلدك الآن من…,2
البيان ذكر بالنص: · اثق في اخلاق الاخوان برفض هذة التصرفات من بعض افرادهم,3
ده #انا لما بعوز #اطمن على #نفسى بسألك انت #عامل ايه 3,2
#ولاد_البلد محمد الحلواني,2
#دعوة_الصائم_لاترد اللهم أغفر لي ذنبي وأجلي همي وبدد وحشتي وأنر قلبي بذكرك وطاعتك وأجعل الخير مفاتح دربي والصدق نور طريقي,3
ياريت لو حد شاف الكتاب ده في أي مكتبة يبلغني وله الأجر والثواب,2
#أثيوبيا : قرار رسمي من #الإتحاد_الأوروبي و #روسيا و #الصين و #إيطاليا و #البنك_الدولي بوقف تمويل بناء #سد_النهضة الأثيوبي,2
أضياء رشوان نقيب الصحفيين وعضو لجنة الخمسين لكتابة الخمسين ضيف #يوسف_الحسيني الليلة في #السادة_المحترمون …,2
#الوطن | رئيس المجلس المصري للشؤون الخارجية يغادر إلى #نيويورك #مصر #اخبار,1
الوطن | فى ضرورة تأجيل قانون الطوارئ الجديد | عمرو حمزاوي:,2
"ألتقيكم اليوم مع الإعلامي عمرو الليثي الساعة 930 مساءً، في برنامج ""90 دقيقة"" على قناة ""المحور"" للتحدث عن زيارة دول حوض النيل و عن سيناء",2
عرض الاسبوع 36 ألف متابع #وش_أكثر_شي_يسهرك #صيام_الإثنين #خد_موقف_من #صلاة_الوتر #فى_تويتر_تلاقى #الدمام [843175],2
أيها الغيورون على القانون هل سمعتم عن تهريب المتهمين الأمريكان و١٤ الف مدني في السجن الحربي وإعلان دستوري باطل يمنح الحك,0
"د علاء الأسواني يكتب مقاله الأسبوعي بعنوان: "" في مساويء اللهوجة "" >>>>> على هذا الرابظ :",2
‏ الأسواني: ترى ما الذي يقلق الأخوان المسلمون من اشتراك النساء في المظاهرات المعادية للنظام ؟! >> المقال كاملاً>>,2
"""الي متي هذا الأنقلاب"" هل تتوقع نهاية الأنقلاب في 30/6 1-نعم 2-لا 3-لا اعلم شارك في #الإستفتاء #عمرو_ميرو || #الفريق_الأعلامي",2
و هتفضل على طول لعبتها #وسط_البلد,2
بسمة أمل - وصفة سحرية لحفظ أسماء الناس تكسب بيها قلوب الناس,2
#ذات_مومنت اما يجي #حبيبيك ويقولك ما #تيجي نرجع زي #زمان __ امك #قرعه واسمها #حنان 3:) #شقية,2
متى نرى تحليلا سوسيولوجيا متعمقا يليق بهذه الأغنية وتلخيصها لأحوالنا وطريقتنا الفريدة في المزج بين الحزن والعبث,2
عقود الفُل و اللهو في الحديقة وشجرة الجوافة و زهر الليمونهل تذكرين؟! عيناك تبزغان من قلب الصمت نجمتان وحياة #كلام_لها_وحدها #كلام_في_الحب,2
تعرفوا الضابط اللى قبض على #هيثم_محمدين نزله ليه وفتشه !!؟ عشان ذو لحية و شعر طوال ? و كتب كده ف المحضر و اتكسفش على دمه,0
المحكمة الدستورية التى عين قضاتها مبارك ألغت قرار الرئيس واعادت قرار المشيرالرسالة واضحة ليس للرئيس المنتخب ان يمارس السلطة بعيداعن العسكر,2
بكام دى ؟ ب 350 هات 150 و أجبلك زيها #مصريين,2
#غرد_بطولك 153,2
يوسف الحسيني بالفيديو يفضح كذب قناة #الجزيرة ويكشف تمثيل الاخوان دور الموتي تحت اشراف قناة الجزيرة …,0
#تونس : إيقاف حكم مباراة #الصفاقسي و #بنقردان في #مباراة_الكأس,2
"لقاء دعمرو حمزاوي مع نادي"" ليونز"" مصر الجديدة لابد من الوصول الى برلمان متوازن وعدم سيطرة فصيل بعينة على البرلمان لابد من وجود قوي متعادله",2
_70007 الحمارة امك #فطيم_النعاشة وانت ولدها و اذا فكرت تصير ولد حلال اطلب من #فيفي_عبده_الام_المثالية تتبناك هههههههه 😆😂,0
#كلمتين_وبس #احبك_وكفى #اترك_رساله_الى_احدهم,2
على فكره اللى انتى متعرفهوش عنى انى لما بكون مقفول من حد #لازم اكون #مستفز لأقصى درجه معاه لحد ميعرف هو عمل ايه !!,2
رمضان كريم، أعاده الله علي مصر و العالم بمزيد من الخير واحترام الكرامة الإنسانية و التضامن بين البشر عبر طبقاتهم وفئاتهم المتفاوتة,2
الحملة فـ الحضرة الجديدة !! #بلغ,2
امير عيد هو اللي فعلا يتقال عليه ستريكر صريح #كاريوكي #السكة_شمال,3
"يلتقيكم اليوم د/ عمرو خالد و م/محمد مؤمن و د/جيهان رمضان مع الإعلامى معتز الدمرداش و لقاء خاص عن حملة "" إحنا شعب",2
يسقط دستور جمهورية مرسي الإخوانية,0
هل تقرأ القرآن بعد رمضان؟ هل تفهم معانيه وتفكر فيها؟ هل نويت أن تختم القرآن بعد رمضان؟ هل تعرف ثواب قراءة وتدبر,3
#دخل_الرنجه_فى_اسم_فيلم رنجة حبى أنا :),2
نبدعفيتعلم اﻷخرون #وايت_نايتس,2
كلمة هيبة محتاجة تتشال من القاموس عشان ماحدش يتمسح فيها في الرايحة والجاية ده طبعاً غير أنها على نفس وزن خيبة,0
- لذا ولإزالة لبس ينتشر وإن كنت لا أعلم مصادره، أؤكد على النقاط التالية:,2
الليلة التاسعة مساءاً مع هالة سرحان في برنامج ثورة الحوار على روتانا مصرية,2
شاهد - آخر كلام - يسري فوده: الدور الآن على من؟,2
#جبهة ثوار سوريا - القطاع الجنوبي : القنيطرة تمكن المجاهدون ضمن معركة #صدى_الأنفال صباح اليوم بفضل الله من,3
"ما هى ""أخْوَنة"" الدولة؟ ولماذا نخشاها؟ - زياد بهاء الدين - بوابة الشروق مقالة رائعة جديرة بالتعمق فيها",2
الرسالة رقم 54 الجزء الثانى لكتاب رسائل سجين سياسى الى حبيبته,2
الشعب ما نزلش علشان تحصل فتنة طائفية غريبة ان امريكا مش بتتكلم عن اضطهاد الأقباط في …,1
"البوابة نيوز: بلاغ للنائب العام لمحاكمة ""برهامي"" بتهمة ازدراء الأديان: يسار_برهامي #مصر #النائب_العام",2
الأسواني : ان القبول بالحوار مع مرسي قبل محاكمته على القتل و التعذيب يعــــد >> المقال كاملاً >> … …,2
ما بتحييش العلمطب ريح تكتب الدستور ليه إنتو بتشتغلونا بقى!! #السادة_المحترمون,1
"مقال #عمرو_حمزاوي ""مرحلة جديدة من تزييف الوعي"" مسموعا من موقع #اقرأ_لي",0
اتوقع الفرق الثلاثه إلي تأهلت هم أقوى الفرق في الدوري السعودي مافيه افرقه تنافسهم في بطولاتهم #النصر_الشباب #الهلال,2
#تفجير عبوة ناسفة على همر للجيش #الصفوي في منطقة #بادوش #الدولة_الإسلامية_في_العراق_والشام …,2
فيه ناس بتبعتلي رسائل عتاب رقيقة جداً والله يا جماعة أنا ما عنديش أي نية أكون كاهن ولا ملاك وبقول للخروف يا خروف في وشه ومش هتغير,1
شاهدوا بسمة أمل - كيف تختار بين أختيارين كلاهما مُــر ؟؟,2
تدني بعض الصحف الرسمية والحزبية والخاصة إلى مرتبة الصحافة الصفراء الباحثة عن الفضائح والمزكية لمشاعر الانتقام والثأر,0
رجاء إذا كنت ضد تهميش الصعيد في الدستور الجديد ومع تنميته يبقى اتصل ب وساعدنا نوصل صوتهم,2
"""روستي"" يقيم حفل كاريوكي في مشروع دمر|| #روستي #كاريوكي #مشروع_دمر #دمشق #سوريا #سورية # #حفل_موسيقي #موسيقا",2
#على_الحجار الليلة مع #محمود_سعد :) 8:00 مساءً على #النهار,2
#أحمد_موسى معروف بقربه من #أمن_الدولة | أخبار الموجز …,1
التعايش هو أن تتعامل مع الآخر و تحترمه دون أن تفقد شخصيتك و إعتزازك بمبادئك تعايش و كن صبوراً على الناس فقد,2
#أشاهد_الآن أكشن يا دوري على حمل تطبيق # :,2
مش لازم نكون مع بعض علشان شايلانا نفس الارض ؟؟؟؟؟,2
سامي عنان يعتذر عن ما بدر منه من أخطاء خلال المرحلة الإنتقالية # #,2
هامش للديمقراطية مقدمات للنقد الذاتى وللمراجعة فى مصر - عمرو حمزاوي :: بوابة الشروق :: نسخة الموبايل ::,2
#بني_سويف | مظاهرة نسائية حاشدة ضد حكم العسكر بمدينة بني سويف #,2
أشكركم جميعاً على وقتكم الثمين والساعة لا تكفي معكم,3
1 ده حلم قديم يبدو أنه اقترب تحققه بإذن اللهكان عندي مشروع مسرحية من كام سنة مع الفنانة سهير البابلي بس مااكتملش للأسفيامسهل,1
موقفنا في شأن المحاكمات العسكريه للمدنين ثابت منذ اكثر من15عام واتسائل عن ما قدمه فعليا من يدينها علي صفحات الجرائد فموقفنا لا يقبل المزايده,2
#كفاية اسفاف,0
شاهد - آخر كلام: شباب الإخوان وحزب الحرية والعدالة,2
عندما صعد نيل أرمسترونج على سطح القمر قررنا أن يكون إسهامنا الحضاري إصدار إشاعة أنه سمع الأذان هناك وأسلمالإشاعة أوفر بكتير وهدفها الخير,0
و إنما دغل يعج بالنبت على اختلاف أشكاله والاختيار بعد الاختبار مسؤولية بنو آدم #مصر #لبنان #الأردن #فلسطين #الإمارات #السعودية #العراق,2
بعد قليل تبدأ ندوة د علاء ا?سواني بمكتبة الشروق بالزمالك,2
نص فريق تنزانيا متآمر على حارس مرماه حاجة تفطّس من الضحك,1
هو ممكن ت #نزل_صلاح :( #ليلة_الابطال,0
الأول: نشر ما ذكرته له في جريدة (المصري اليوم )التي انتمي اليها والثاني: التنبيه علي الثوار في ميدان التحرير من خلال الاذاعات المختلفة 13,2
2008 الشرطة التركية اليوم تفرق المظاهرات ضد اردوغان بالقوة بينما يندد هو بفض اعتصامات رابعة,0
لَا حًــــوٌلَ وٌلَا قُــــوٌة إلَا بِّالَله سُبْحًانَ الله الْعَظيِم وَبِحَمْدِهْ #اذكار #غرد_بذكر_الله,0
المبادرة جميلة كلفتة من العمل المجتمعي لكن ماذا بعد؟هل سننزل للقبض على المجرمين لان #الشرطة متخاذلة,0
"لا يعقل بعد 5 شهور من قيام الثورة ألا نعرف من وراء ""الخطة المدبرة لإجهاض الثورة"" لن تسترد مصر عافيتها مع استمرار هذه المهزلة",2
حب الخسيس ليا أنا في غنا عنه أنا طارد له!,2
#مقال: دور #الجامعات المجتمعي في #الاستثمار التنموي المصدر: #صحيفة_اليوم، السبت 26 جمادى الآخرة 1435هـ 26 أبريل,2
اعتراف ضابط شرطة تم اختطافه وتعذيبه من قبل معتصمي رابعة #السادة_المحترمون,2
تغريدة للرئيس المصري #محمد_مرسي في 16 نوفمبر 2012 خلال معركة حجارة السجيل #غز…,2
"#غرد_بطولك؟ 179-180 يالله اتحفوني😂؟"" ١٦٠ - ١٦١ *تتفشل*",2
"الآن على شاشة #الجزيرة حلقة هذا الأسبوع من برنامج #تحت_المجهر ""#الخصخصة في الميزان"" تابعونا #مصر #إنقلاب #عسكر",2
لكن في أرض النفاق كالعادة يكسب الكداب #كايروكي,0
لم انتخب مرسي ودعوت الى مقاطعة الانتخابات في مقال منشور في المصري اليوم لكنى أتفهم تماماً موقف الثوريين الذين اضطروا لانتخابه حماية للثورة,1
تانى تقنين للبلطجية مجلس الوزراء يقرر وضع حد أدنى وحد أقصي للمكافأت وانشاء صندوق اجتماعى ومعاشات وتأمين صحى,2
من كان يؤمن بالله واليوم الاخر فليقل خيرا او ليصمت صدق رسول الله صلى الله عليه و سلم,2
⚪️الحمدلله ⚪️ ⚪️الحمدلله⚪️ ⚪️الحمدلله ⚪️ ⚪️الحمدلله⚪️ ⚪️الحمدلله ⚪️ ⚪️الحمدلله⚪️ ⚪️الحمدلله ⚪️ ⚪️الحمدلله⚪️ #اذكر_الله,2
أخبار #مصر #مبارك يظهر لأنصاره من شرفة غرفته أمام مستشفى #المعادى ويحييهم بالفيديو,2
#اول_مره_ادخل_تويتر لما كان يتعملي فولوا,2
وزير الداخلية بلع مظاهرة 6أبريل بالملابس الداخلية ووقفت فى زوره تغريدتى عن تبنؤه باغتياله قبل 4أيام يا ترى ليه,2
بيقولك مرسي قعد يتفرج على أهالي القناة في الشوارع طول الليل وعمال يكلم صباعه: ياريتني مارفعتك,2
البيت الأبيض يعلن أن قطر والإمارات وقعوا بيان التحرك العسكري ضد سوريا #السادة_المحترمون …,2
#مظهر_شاهين: ماشوفناش وش واحد من مشايخ #السلفيين في #ثورة_يناير لأنهم مايقدروش يقفوا على المنصة,0
الكتلة الصامية لن تستمر صامتة بعد اليوم انه مستقبلنا ومستقبل أولادنا الذي يختطف والصمت خيانة لمستقبل,0
أنا ماباحبش أقول حكاية والد علاء دي عشان بتقلل منه وحتى علاء نفسه بيزعل إن والده مش واخد حقه ككاتب عظيمصباح الورد ياعمي,2
"مسحول""الاتحادية يغير أقواله أمام النيابة ويتهم الشرطة بضربه وتعريته",2
سواق ميكروباص مؤدب,3
' الله نور السموات واﻷرض ' نور #اطمن,2
بيبص في الموبيل بيبص في الموبيل بيبص في الموبيل ببصله فجأه بيدور وشة #مترو,2
سبحانه الله أبراج الكويت تتوضئ للصلاة #جمعة_مباركة منقول من واتس اب الوالده,2
الجولة الانتخابية للدكتور عبد المنعم أبو الفتوح أثناء مرورها بموقف الميكروباص بالحي العاشر - مدينة نصر ونقاش حولة,1
"ياسر أبو عمّار في #سياسة_في_دين : غيّرت موقفي من حزب #النور بسبب مواقفه المخزية مع الرّئيس #محمد_مرسي ووقوفه مع """,0
ملحد هنستنى منه ايه ؟,0
""": ما هو يا نبعت #مبارك إلمنيا يتحاكم يا ننتدب قاضي إلمنيا ينزل القاهره يبوسه من بُقُه و يرجع"" ننتبه يبوس و يحضن كمان",2
د علاء الأسواني: لماذا لم تعلن الحكومة جماعة الاخوان ارهابية ؟! أقرأ المقال كاملاً على هذا الرابظ :,2
لميس جابر للشعب المصرى : فتح عينيك تاخد حاجه نضيفه #حركة_كايدينهم,2
أوغاد هذا الزمان مقال اليوم عن أوغاد كل زمان ومكان مع خالص التحية,2
قد خاب عبداً لآ يصلّي علي النبي نبي عربي ما لي شفيع سوااه #السيرة #دينا_الوديدي,2
"""1: شاهد- #فيفي_عبده راقصة سيذكرها التاريخ #1 #الحكم"" خبر في الصميم",2
ارسل ترا ودي اتابع رسايلك #الكويت #السعوديه #البحرين #عمان #قطر #شعر #بوح #ابيات,2
1 إلى هواة المزايدة في دوائر قريبة مني وأخرى بعيدة عني، أشارك في اجتماع الغد بالرئاسة لمصلحة وطنية عليا هي النيل وللحصول على معلومات محددة,2
بعد الانفاق في معسكر اعداد وملابس وكتيب المشاركة في العاب الفرانكفون وقبل 24 ساعة من السفر الغى طاهر ابو زيد,0
#يتبع #صورة #وحي_الأمل …,2
قناة / سي بي سي:محمد وهب الله أمين اتحاد العمال:#إبراهيم_محلب رئيس الوزراء قر - عبر تطبيق نبض,2
3 هناك الكثير مما لا نعرفه عن تاريخنا،لذا فيجب علينا القراءة حتى لو لم يعجبنا ما نجدهده جزء من المعرفة و ليس له علاقة بقدسية الدين,2
#بيقولك_أعرف_بلدك اه وحشاني يا بلادي,2
الجزار الفاشل يحضر الآن سكينه لكي يذبح بعض كباش الفداء قبل أن يكتشف أن المشكلة أعمق من فشل الأشخاص فهي مشكلة فشل سياسات,0
رصد| نظَّم التحالف الوطني لدعم الشرعية بمدينة #بني_سويف مسيرة حاشدة #2011,2
"2012 (باسم بيضحك الناس على مرسي) بين أهم 100 شخص فى العالم 2013 (الناس بتضحك عليه) سي بي سي تطرد باسم, يابخت من",2
تابع دستورك وصياغته بمنتهى الدقة، ما تسكثش على حاجة مش عجباك #السادة_المحترمون,2
"2: التليفزيون المصري يذيع لقطات أخرى لـ""اشتباكات الحرس الجمهوري"":",2
ربنا اغْفِرْ لَنَا ذنوبنا وإسرافنا فِي أمرنا وَثَبِّتْ أقدامنا وانصرنا عَلَى القوم الكافرين (آل عمران / 147) #قرآن #جمعة_مبا…,2
بسمة أمل - جزاء مَنّ يسخر من الناس,1
3 تم الإتصال أكثر من مرة وستكون عندنا بالغد في لجنة حقوق الإنسان,3
"#متصدر_لاتكلمني, #النصر_الشباب, #الهلال, #اكشن_يا_دوري شجع ناديك بدون تعصب مع برنامج الايفون الرائع 971",2
#اتجنن واكتب فى اي صفحه (#اجابة_السؤال_فى_الخلف) واكتب في الورقه الي بعدها (#عليك_واحد),2
"#الشروق | إصابة مجند أمن مركزي بالـ""خرطوش"" في اشتباكات مدينة الانتاج الإعلامي بين مؤيدي مرسي وقوات الأمن",2
يوم الجمعة هو أحب الأيام للمصريين الأحرار يلتقون معا فى الشوارع بلا موعد ولا ترتيبات يهتفون للحرية وللشرعية ولخير مصر وسقوط الانقلاب,1
وسيتذرع الغاصبون بكم لمناهضتكم وإطفاء نور دعوتكم وسيستعينون في ذالك بالحكومات الضعيفة والأخلاق الضعيفة 5⃣ #حسن_البنا,2
#اعترافات_الطفولة كنت أسمع الناس كثير يقولون عن إذنك و أفكر من نفسي غباء قوه أقول ليش مايقولون عن خشمك عن فمك دائم اذن بالذات إيقالي عبقريه,2
#جمال #خيال #حقيقه #جميل #درر #حكم #أعجبني #حكمه #بقلمي #شوق #بوح #شعر #قصيد #رتويت خمس الاف متابع بـ 200 ريال 185,2
#ليتك_تحس # #غرد_بصورة #كلمة_حلوة ️ # #4…,2
الأسواني:كيف تسببت المرونة السياسية لدى الزعيم سعد زغلول في تفريغ الديمقراطية المصرية من محتواها لمدة ثلاثين عاما>>,2
"9 ""لمن يكتب الدستورجولات في شوارع مصر""",2
من تونس #سوريا_فى_القلب,3
لا يجوز في مصر الثورة أن يُحرم الوطنيون الشرفاء أي من حقوقهم السياسية سواء بأحكام ظالمة في العهد البائد أو تحت دعاوي تحتاج لتوثيق,1
خطاب مرسي اليوم نسخة مكررة من خطابات مبارك الانفصال عن الواقع والشعارات الفارغة ومحاولة تجميل التزوير والديكتاتورية هل يصدق مرسي ما يقوله,0
نحن موتى لم يعلن عن وفاتهم بعد #المصريين,2
"ﻗﺒﻞ ﻣﺎ ﺗﺘﻜﻠﻢ ﻋﻠﻰ ﺑﻨﺎﺕ ﺍﻟﻨﺎﺱ , ﺧﺪ ﻧﻔﺲ ﻋﻤﻴﻖ , ﻏﻤﺾ ﻋﻴﻨﻴﻚ ﺗﺨﻴﻞ ﺍﻧﻬﺎ ﺃﺧﺘﻚ #استرجل",1
5 سوف نشارك نحن و حزب الوسط في الجمعة القادمة و أي جمعة هدفها القضاء علي الفلول و تصحيح مسار الثورة,2
قوس الصبر عصام-سلطان,2
خمس الاف #الامارات #الهلال #النصر #السعودية #الكويت #قطر #الرياض #مكة #رتويت # #دبي #الشارقة # #غرد_بصورة 745,2
"#كلمه_بتتقال_في_البيت_كل_يوم ي ويل اللي يأخذ شاحني """,2
"#اذكر_افيهات_الثورة فى #الاتحادية "" معتقلات بقا "" فى #التحرير "" "" ^_^",2
#ديانا_حداد تفتتح معرضاً للعباءات الخليجية في #قطر,2
شاهد - آخر كلام: قراءة في رؤية ناعوم تشومسكي لسياسة الولايات المتحدة تجاه مصر #,0
#بلغ,2
انتظروا #قصة_الأندلس في رمضان,2
ماشاء الله، لا قوّة إلا بالله مؤشر بورصة #قطر يسجل أعلى مستوى في تاريخه #سحب_السفراء_من_قطر,2
رحم الله شهداء الواجب الوطنى على حدودنا، وادعو لجنازة شعبية حاشدة ضد الارهاب والطائفية الدم المصرى حرام,1
"""الشعوب لا تثور على الأنظمة الديكتاتورية، الشعوب تثور على الأنظمة الفاشلة"" - إيريك هوفر",2
لو السيسي قال للشعب ينزلوا مظاهرات هيعمل اخطار وللا هتعملوا معاه ايه #مصر #,2
الرسالة رقم 13 من الجزء الاول لكتاب رسائل سجين سياسى الى حبيبته,2
#تحيا_مصر ✌ 😁 #سأنتخب_السيسي,3
"مقال د علاء الأسواني: ""هل نكرر خطأ السنهوري ؟!"" ينشر غدا بجريدة المصري اليوم",2
بكره نروح وוلكل يتذكرنا ويشٺاق ويعرف قدرنا ترى لارحنا م لنا رجعہ 　​​​​ #م لنا رجعہ,2
أكياس الدم المطلوبة للحالة دى مش فى إستطاعتهم يشتروا دم اللى يقدر يساعدهم يبقى جزاه الله خيرا,2
شاهد - آخر كلام: مصير اللجنة التأسيسية للدستور #,2
قافل التحرير رغم انه فاضي ومحاصر مسجد القائد إبراهيم ومسجد الإيمان والشوارع اتملت دبابات ومدرعات!!! مش إحنا قلة؟؟ خايف من ا…,2
ارجو الدعاء للراحل العظيم محمود السعدنى __ اليوم ذكرى وفاة الولد الشقي,3
"""#اكتب_عبارة_على_باب_قلبك ما بقى للحب في قلبي مكان ✋""",2
إيه علاقة مرسي بنصر الإسلام ؟ وهو الإسلام مظلوم في مصر؟ …,1
دى نسب التصويت فى #الجيزة للمرشحين #السيسي و #حمدين_صباحي,2
دور رائع ومفاجئ لنساء مصر فى المظاهرات شبابنا ونساءنا يستحقون الصدارة ان شاء الله بعد سقوط الانقلاب,3
وهذه الاحداث من شأنها إدخال البلاد فى فوضى وفتنة طائفية، و دفع المجلس الاعلى إلى اتخاذ قرارات تعطل عملية التحول,0
#جنين : مصرع طفلة (سنة ونصف) دهسًا في #جنين,2
#سنن_نبوية || #النوافل_التي_تؤدى_في_اليوم_والليلة 1 - السنن الرواتب قال - صَلَّى اللَّهُ عَلَيْهِ وَسَلَّمَ -: (ما من عبد مسلم يصل,2
قصيدة #دبي الشاعر / محمد حمد المحيني,2
#جمال #خيال #حقيقه #جميل #درر #حكم #أعجبني #حكمه #بقلمي #شوق #بوح #شعر #قصيد #رتويت خمس الاف متابع بـ 200 ريال /3769,2
_10 #عقار لمرض #الشلل_الرعاش يقي من #سرطان_الثدي,2
الوطن | أسباب رفض الحوار وسبل تجاوزها | عمرو حمزاوي,2
#حلم_نفسي_يتحقق اعيش مرتاحة,2
النهاردة ومرسي في القفص عرفت ان محافظ سوهاج لسه مسماش اكبر ميدان هناك باسم الشهيد الحسيني ابو ضيف لعل المانع خير يا ب…,1
هل هذه هي الديمقراطية؟ هل وزعت أيضا أموال على طلاب جامعة النيل والقيادات النقابية لزعزعة الاستقرار؟ هل بالأمن والقمع سنتعامل مع الاحتجاجات؟,0
الأهلي يفتح الباب لكافة الاحتمالات في الإياب #اهل_البلد #لِعبنا #الأهلي #جدو,2
"برنامج مش صعبة د حمزاوي شرح مصطلح ""الأمن القومي "":",0
8ب وبعد عزل إجباري للرئيس المدني المنتخب كنت أتمنى أن لا يحدث باحترام الإخوان للجوهر الحقيقي للديمقراطية متمثلا في طلب الشعب التغيير,0
ابو الفتوح علي التحرير الان حوار قوي جدا #,3
من له مصلحة بتمويل أولئك الفلول الذين حرقوا علم #قطر في ميدان #مصري لم يدخله يومها شريف الا لبيع المناديل والماء او الفرجة على بلاهة الحمقى؟,2
#دكتور_جميل_القدسي_الدويك #الاردن #الجين #الموجود #في #القمح هدير المصريه دكتور جميل انا ناويه احضر ماجيستير,2
قدمت كل ما لدي وسأدع الفرصة لزملائي,2
#اكتب_عبارة_على_باب_قلبك رُغم كُل شيء يبقىَ في القلب { أمل } فاللهُ كـريم,2
""" رايت في عينك دمعه تخفيها عن اعين الناس وضعف ليس لك فيه حيله الله يصبرك ويربط ع قلبك #لمى_الروقي",2
شاهد: دعمرو خالد يعلن إطلاق حزب مصر، ضمن فعاليات المؤتمر الصحفي لتدشين أول حزب مصري تنموي وسط حضور كبير من,2
تغطية لندوة دكتور عبد المنعم اليوم فى اسكندرية من موقع الوفد,2
#السعودية #هاشتاق_فاضى #دوم_فاضي #واحد_فاضي #الرياض 7 #واحد_فاضي #1فاضي #صباح_الخير #صور_كنك_بنت,2
26] #أحبك_ربي #غرد_بالخير,2
شكوك حول مشاركة #جدو أمام #الدفاع بـ #المغرب #الأهلي #الكونفدراليه,2
#احمد_شفيق سيرته بتجيب ارتيكاريا لناس كتير بس محبوب من الأغلبية اجدد الدعوة له للترشح للانتخابات,1
وفي تفسير تالت إن نيل كان عضاض وقرم أمه في دراعها جامد فرجع الأب من الشغل سألها إيه اللي في دراعك قالت له نيل أرمني سترونج,2
فى #عظمتك ملقتش كتييييير #بتكسب و تفرح #الملايين #الاهلى,3
الأسواني:أرقام وزارة الصحة كاذبة والمستشفيات تستجيب لضغط الأمن فتكتب تقارير وهمية لكي >> اقرأ المقال كاملا >>,2
الاسواني يروي عن مملكة الخرفان : ذات ليلة بينما الزرافة تتجول وحدها وهي حزينة اعترض طريقها خنزير وقال :>>,2
#اختاه بلاش قدام الناس لما تسمعي اغنية شعبي تقولي عليها يع و انتي اصلا بترقصي عليها ف البيت,1
ننشر مخطط #الإخوان لحرق شون #القمح والتأثير على المخزون الاستراتيجى للمزيد علي,2
راجعت الردود فوجدت المتزمتين دينيا هم الاكثر استعدادا للتطاول بالبذاءات انهم يخافون من النقاش حتى لا تهتز محفوظاتهم التى لم يفكروا فيها,0
نادر بكار بلاش أحسن اللهم أنى طاهر,1
الله يخرب بيت اللى اقتراح استيراد الفحم قولوا امين #أوقفوا_الفحم,0
ليه المعتصمين اللي في رابعة ما يسلموش المطلوب القبض عليهم ويشيلوا الدشم والمتاريس ويفتحوا الطريق؟,1
#عن رجولتك وانت بتهزء واحد بيعاكس بنت حتى لو متعرفهاش,3
#حازم_عبد_العظيم اللي خرج من الوزارة لعلاقاتة المشبوهة بشركات اسرائيلية قيادي في حملة #السيسي #الطيور_علي_اشكالها_تقع!!,0
و ابيضت عيناه من الحزن فهو كظيم سورة #يوسف,2
#احمد_موسى: #خيرت_الشاطر قال أن من أخطاء #الحرية_والعدالة أنه لم يضم أعضاء #الحزب_الوطنى إليه # #,2
اقتراحاتكم للمادة الاولى على الهاش تاج دهعادة مادة مالهاش لازمة تعالوا نفتكس فيها #المادة_لاولى,1
ما حدث مع المعتصمين يتحمل مسؤليته المجلس العسكري أين دور رئيس الوزراء في ضوء الصلاحيات الكاملة الممنوحة له #,1
تبدأ رحلة الشعب المصري مع الحاكم بالثناء على البطن التي أنجبته، وتنتهي بلعن أسفل البطن التي أنجبته,0
ماليش دعوة,2
شاهدوا برنامج عُمر صانع حضارة و جميع ندوات رمضان لدكتور عمرو خالد على قناة اليوتيوب,2
# أبو الفتوح أعمل مع مجموعة رائعة من شباب الثورة وأقول لهم أحب ان تقودوني للعمل وأن نعمل كفريق ومن يجرح فين,3
امس:احمد ماهر يؤكد خروج ٦ابريل لاستعادة الثورة اليوم:التحقيق مع احمد بتهمة التخابر غداً:٦ابريل لن تشارك في٣٠اغسطس وشك بيوجعك آوى يا احمد,2
كابوس متى ينتهى,0
#الحياة_جميلة عندما تستخدم أدوات #السعادة بها #الأمل و#الفأل_الحسن و #الإيجابية و #الإيمان بقضاء الله وقدره خيره وشره,3
نسيني رسيني على اول مرسى,2
لما تقول حرب، و حياة او موت و مافيش كلام للانسانيات، يبقى ده معناه ايه؟ قتل او سجن و اخضاع,2
يوما ما كان إسلاميا مقال اليوم لمن يبحثون عن حل حقيقي لمشكلة تيارات الشعارات الإسلامية,2
محبين البرنامج بيزيدوا :),3
بسمة أمل - خواطر من داخل حلبة مصارعة الثيران,2
#هلا #مدريد #كرستيانو #رونالدو #7 _7,2
سوريا ترتكب بها جرائم ضد الإنسانية منذ أن بدأت انتفاضة شعبها الشقيق ومن لحظتها ومصر والعرب والعالم يتخاذلون عن نصرة السوريين,0
خفضوا الأسعار شويتين عشان نجيب بدل الخروف إتنين,2
حلقة الليلة الجزء الثاني: على هامش الرئاسة,2
الحمد لله تملأ الميزان,3
انتظروا خطاب #المشير وتعلموا ولا ترفض المناظرة مع #حمدين,2
عرض الاسبوع 36 ألف متابع #وش_أكثر_شي_يسهرك #صيام_الإثنين #خد_موقف_من #صلاة_الوتر #فى_تويتر_تلاقى #الدمام [871791],2
الدكتور محمد الفخراني ابن اخت النائب العام الجديد من اشد مؤيدي الاخوان في ولاية ميشيجن بامريكا,2
كل الكلمات ترحل ولا تعود الا الدعاء يرحل بالرجاء ويعود بالعطاء ادعوا ربكم وأنتم موقنين بالاجابة,2
بمناسبة #رمضانيات 3 ^_^ استنوا ف رمضان فقرات ومفاجأت كتير عالبيدج :) 5 3 :) وحملات و حاجات,0
ومن يرددها هم من لا نريدهم في مصر لا في السياسة ولا في البرلمان القادم، وكفاهم الضرر الذي أحدثوه لثقافتنا ووعينا السياسي بلغتهم وأساليبهم,0
يا حسرةً على الرجال! اقرأ المقال كاملا على بوابة #الشروق,2
منتخب مصر لازم يغير الفانلة بتاعتو عشان مش لايقة على شيكابالا,0
باااااااااااااااااطل ياولاد التيت :/ من مسيرة #المطرية #أنا_حازم #مرسي_رئيسي #ياخاين_ياسيسي #حتماً_سنعود,1
48670715 _ قلت وأكرر المجد لعاصري الليمون لأن وجودهم على رأس معارضي مرسي الآن هو ماينفي عنها تهم الفلولية,3
المستشار القانوني لمرسي: انتخابات مجلس النواب ستبدأ في 28 أبريل يعنى بالعربي طظ في الشارع و المعارضة و جبهة الإنقاذ !,2
فيديو #رونالدو يخطف الأنظار بهدفين من طراز الكبار #صدى_الملاعب,2
3 عمنا كامل الشناوي كان راجل لارج في المواضيع دي من أيام إني رأيتكما وتباعدت وتدانت والحاجات اللي تخالف شرع الله دي,2
-- # #7 # #كرستيانو_رونالدو #رونالدو #الدون #الملكي #المرنغي #ميسي #برشلونة #7 #,2
#تويتة_من_سنة بلال فضل #قصة_قصيرة,2
اقترب منى رجل ملتح وعرف نفسه بانه استاذ في كلية العلوم ثم أشار الى زميل له يقف معه وقال نحن من الشيعة فقلت له مصر القادمة سوف تتسع للجميع,2
شكرا جزيلا,0
#خلق_جميل الشعور بالغير,0
د عبد المنعم أبو الفتوح : في برنامجي الانتخابي جانب يركز على تغير ثقافتنا عن التعليم الفنى والمهنى والاهتمام بدعمهما,2
"اختلافنا مع الموقعين علي البيان سياسي ولانخونهم #"" _ # #",2
#الراتب_مايكفي_الحاجة #الاتحاد #الهلال #النصر #الاهلي #مرسي #السعودية افضل الاسعار هنا تفضل 6,2
شارة #رابعة تلاحق أوباما في ماليزيا,2
لن يطول ليلك يا محروسة! فجرك يلوح يا كنانة! اغتسلي بالحرية أسفري يا بهية لا تحزني يا بنت عمرو إن الله معنا! …,2
تابعوا الدكتور عمرو حمزاوي على قناة الجزيرة مباشر في تمام الحادية عشر والنصف مساء,0
#كس #موجب #مخانيث #بكارة #بنات #شهوانية #المغرب #أسوان,2
مصحينى من النوم عشان يقولى هى عاوزه #يوسف المؤمن مش بتاع النسوان,2
في أمريكا دلوقتي المحطات النووية شغالة وبرامج الفضاء شغالة والأبحاث العلمية والاستديوهات والمصانع والأحزاب وحركات الرفضإنت بقى شغال في إيه؟,0
"12 ""الملتقى الأول لطلاب صناع الحياة""",2
"منذ تم التصويت على تعديل قانون انتخابات الرئاسة (العزل),قد انهالت علينا التعليقات المليئة بالسباب الممنهج من اللجان الإلكترونية المأجورة 1-3",0
#الحكومة لا تلتـزم بـ القـانون للأسف #حقيقة,0
شارك معنا في استفتاء لاختيار أهم حدث شهده العام الجاري، سواء كان حدثاً عربياً أو عالمياً شاركنا على الرابط التالي:,2
طب إيه المشكلة في أشغال طريق فاضي؟ عشان مين يعرف يتحرك بالضبط إذا الناس روحت؟,1
النفاق مدمر طاهر ابو زيد يلغي المشاركة في ألعاب الفرانكفون ويحول ميزانية المشاركة لصندوق دعم مصر المناصب للمصائب,0
على فكرة الموضوع مش مستاهل الحكاية مفاجأة بالنسبة لي ومتأكد انها بالنسبة لكتير غيري وبصراحة أنا عارف ان مافيش قبل ما اكتب,2
مساآاآحه — #جدو ♡ انشالله برجع بكمل حياتي بحضنك في الجنه ♡,2
دعبدالمنعم أبوالفتوح : مصر ستتقدم فقط بترابط المصريين,2
#محمد_محمود نداهة الثورة !!!,2
ماذا بعد انا شاهد الجميع الإخوان وهم يحاولون حرق #مصر و مذابح ضد المدنين العزل والجنود والضباط هل هناك من لازال يتحدث عن مبادارات و صلح؟!,0
100 يوم على الانقلاب أسوأ 100 يوم فى 7000 سنة انها 100 يوم من القتل الوحشى الانقلاب حول حضارة مصر فى عيون العالم الى حقارة,0
قبل 3 أيام عاد السفير التركي إلى القاهرة أين تصريحات كلام وكلام #السادة_المحترمون …,2
من ينفخ فى نار الفتنه لا يشتكى إذا انكوى بلهيبها ~ عمرو خالد,2
#اللى_رافضين_السيسى_رئيس_بيعملوا_فولوا_لبعض #انتخبوا_العرص #مرسي_رئيسي #سيناء_خارج_التغطية #سأنتخب_السيسي,1
عام / مصر واليونان تبحثان علاقاتهما العسكرية #القاهرة,2
أوباما يتوعد بفرض #عقوبات جديدة على #روسيا #أوباما #الولايات_المتحدة,2
قريب ان شاء الله,2
آه الناس حواليك بتحب مرسي وماله؟ بس مرسي ماهواش أغلى عند الناس دي من رزق عيالها ومن مستقبلها ولو حست إنه فاشل مش عارف يحل هتقلب عليه وعليك,1
تكاليف محاكمة مرسي تتجاوز 50 مليون جنيه الانقلاب انفق 50 مليون جنيه لمحاكمة فى زمن لم يتجاوز 50 دقيقة والشعب بيشحت,0
اللي ما يعرفش يقول عدس,2
و فيا تضاد علي الاخر انا العاجز انا القادر و انا الموجود فيه منه كتير ف نفس الوقت انا نادر #صلاح_جاهين,1
خلاصة كلامي: خايف من انفراد فصيل سياسي بالسلطة؟ انضم لحزب ينافسه وابذل جهدك لنجاح الحزب في انتخابات مجلس الشعب القادمة والفرص فعلا متاحة,1
"إنذار ""#صلاح"" ضمن أبرز 6 أرقام بقمة #تشيلسى و #ليفربول",2
تشكيلة الفريقين المتوقعة وغيابات الفريقين,2
#نفسك_فى_أية_فى_الجنة_ ارتاح وماتعبش تعب الدنيا,2
الأسواني :اذا أردنا أن نطبق الشريعة الاسلامية بشكل صحيح يجب أن المقال كامل>>,2
الليلة 11 مساءً #السادة_المحترمون، مع #يوسف_الحسيني على # ضيف الحلقة محمود بدر …,2
هل ألتقت #زينة و #أحمد_عز وتمت المصالحة؟,2
شكرا لك عمرو واكد لتواجدك معنا في #مجلس_مهيرة عبر تويتر وبالتوفيق لك والشكر موصول لكل المغردين اللي شاركونا بار,2
إصرار الشعب التونسي على الوصول إلى الكيلومتر الأخير ثورة أخرى في حد ذاته وأهم درس من بين دروس كثيرة 19'11,3
بوابة الشروق| اتفاق مبدئى بين الحكومة ولجنة #إضراب_الأطباء على حل أزمة الكادر,2
شوف الباشا شوف البيه مراته بتلعب كراتيه,2
"اليوم السابع | ""حمزاوى"": الأزهر يلعب دورا كبيرا لاستعادة روح الثورة",2
نرفض التدخل في تشكيل الحكومة الجديدة من أي جهة أو حزب ونرفض أي شكل من أشكال الضغط على قرارت عصام شرف,0
يا دكتور انت بالريتويتات ال بتعملها دي بتكشف العنصرية المتأصلة داخل الشعب المصري,2
اذاعت قناة الجزيرة الرئيسية ان شهداء الاتحادية ينتمون الى الاخوان شهداؤنا كلهم واحد ولكن هل الحسيني ابوضيف او كرم جرجيوس من الاخوان عيب,0
محامي ومستشار قانوني ٠٥٣٧٨٥٥٥٢٧ #محامي #محامون #قضايا #النصر #الهلال #الاتحاد #عاجل #قضايا #دبي #الرياض #مكة #الزلفي #الخرج #محمد #الوتر ،,2
281 أعتقد إنك لو مقتنع بالكلام ده يبقى دي مشكلة من نفس النوع لو انتم ملايين يبقى روحوا إعملوا عصيان مدني ورِّينا,0
أوراسكوم تشتري مصنع سماد في أيوا بأمريكا بمبلغ 14 مليار دولار,2
نسعى في الحملة - وبعدها اذا وفقنا - ان نجمع كافة الوقى والتيارات من اجل العمل على نهضة بلدنا,2
التأخير #اسلوب_حياة 😪,2
القضاء الطبيعى -من خلال تخصيص دوائر إضافية- يستطيع إنفاذ العدالة دون حاجة لمحاكم استثنائية، عسكرية أو أمن دولة طوارئ # #,1
في الطريق إلى أسوان لأول مرة منذ أكثر من 15 عاما بدعوة كريمة من الدكتور مجدي يعقوب لحضور افتتاح المبنى الجديد بمستشفى القلب هناك,3
قبائل على بالمنطقة الغربية ممتدة لداخل العمق الليبى ومتعاطفين مع الاسلاميين ولم يايدوا #مبارك او #العسكر بعد #ثورة_يناير ويمكن ان يلعبوا دور,1
شاهد الآن د عمرو خالد على قناة المحور مع الإعلامى عمرو الليثى فى برنامج 90 دقيقة,2
مفروض شباب الإخوان ينزلوا بكرة يطالبوا بإقالة النائب العام الفاسد اللي ضيع حق الشهداء وأفرج عن المتهمين,0
تعليق قارئ على مقال أحمد عز: ياريت يكون عنوان الجزء التاني اضحك مع أحمد عز,2
وفاة مصطفى عبد الجليل رئيس الإنتقالي الليبي السابق في أحد مستشفيات ألمانيا # #,2
12 الكنيسة الرسولية بعزبة اسكندر بالمنيا والمركز الطبي وسكن الراعي الخاص بها,2
"""99: ""55: 123 4 #توكل_كرمان هذه عاقه لوالدها ويصفها بقليلة الأدب """"",0
لقاءات ولقطات حول اعتداءات الإخوان على كنيسة مارجرجس بسوهاج #السادة_المحترمون,2
يبدو انهم يريدون ارهاقنا بدنيا و نفسيا و ماليا,0
علاء الأسواني : هل كان لسكان حديقة الحيوان رأي فيما يجري حولهم ؟! >>,2
الطفلة مي أكرم الي كنا بندور عليها لقيناها بالصدفة في قسم عابدين البنت مرعوبة بس طمناها وهتتعرض علي النيابة الصبح,2
عرض الاسبوع 10 ألاف متابع #درر #حكم #حكمه #حكمة #ابيات #النصر #الهلال #الفتح #كلمات #كلمة #بوح #الاتحاد [2287315],3
أبو الفتوح:استشرت القرضاوي قبل ترشحي للرئاسةوعلى الإخوان البعد عن السياسة | الدستور,2
) #مبقتش_تفرق,2
الشاب الذى توفى فى أحداث مقر جماعة الاخوان فى دمنهور كان عمرة 15 عاما بسبب الاشتبكات بين المتظاهري,2
تعرف على البرنامج الشهري لندوات د علاء الأسواني خلال شهر نوفمبر الجاري عن طريق هذا الرابط >> الأدمن,2
مسيرة الزيتون الان #مصر # #30 #,2
_ البراءة من قتل المتظاهرين كانت 15 أبريل 2013 علشان معلوماتك تبقى صح يعني في عقر حكم الإخوان ولم يستأنف قبل ال60 يوم,1
#ولاد_البلد #المنصورة #مصراوي #ملعب_طلخا بلقاس يتقدم بهدفين على غزل شبين ، وطرد لاعبين من صفوف غزل شبين، في,2
#خالد_علي: رفع الدعم عن الكهرباء والغاز والسولار والبنزين إجرام سياسى ضد الفقراء #حرامية_الدعم اللي بيدعموا,0
#صور نادرة لـ #عمرو_دياب :)) نشر عمرو دياب على صفحته الخاصة على موقع التواصل الاجتماعى انستجرام صورا له، حينما,2
أتحدث على أون تي في بعد قليل,2
فيديو: رد المصريين على دعم حكومة الإمارات للسيسي #ابعتلهم_راجل !!,2
حينما تجد الفرصة لاحتضان أمك أو تقبيل يد أباك فلا تضيعها فقد يأتي عليك وقت تحتاج لاحتضانهما أو تقبيلهما ولا تجدهما,1
#الموجز #الببلاوى: حكومة عصام شرف كانت تعيش فى مرحلة الرومانسية بعد نجاح ثورة 25 يناير,2
#فودافون العباطه بين ايديك,0
اجتهدوا في #الخير،فإن تحقق المراد فهذا هو #الرجاء والا فعذركم أنكم حاولتم,2
الواحد من كتر الملل بيرقص حوا جبه ومنخيره في نفس #الوقت,2
بعد قليل تبدأ ندوة دكتور علاء الأسواني والتي يقيمها في مركز شبابيك بالمقطم والدعوة عامةالادمن >التفاصيل>,2
نريد أن ننتقل من الميدان إلى برلمان يحاسب السلطة التفيذية #,2
بعد صدام الشرطة بالنيابة فى سوهاج شعار الانقلاب الجيش فوق الجميع والشعب مالوش لازمة,0
الأسئلة التي هربنا منها أيام المجلس العسكري لا زالت تطاردنا وستظل إلى أن نواجهها ونجيب عليها,1
كسرنا الشرطة وقادرين على كسرها تاني وثالث وعاشر #السادة_المحترمون,2
تحية للراحل العظيم السيد محمد حسين فضل الله العلامة المقاوم المحاور المتسامح المجتهدالمجدالمجدداللبنانى الفلسطينى العربى الاسلامى الانسان,3
"بإذن الله ألتقيكم فى رمضان مع سيرة الفاروق عمر بن الخطاب رضى الله عنه و برنامج يومى بعنوان ""عمر صانع حضارة "" انتظرونا",2
٩ ولأن البعض يسعى دائما للترويج لشائعات، حين وصلت مطار فيينا لم يتم استقبالي إلا من قبل سائق منتدى برونو كرايسكي,2
1-انسحاب الوفد المصري المشارك في مهرجان مالمو السينمائي بالسويد بسبب مظاهرات حاملي شعارات رابعة فضيحة وهدر غير مقبول لأموال …,2
_ بعض أحيان إصبع واحد يكفي :),2
طلعني انا كمان من المنشنكل اللي بتفكر فيه جنس ومخدرات الذعر الجنسي ده هو اللي مأثر عليكم,0
د علاء الأسواني : كيف تعاملت الشرطة مع بيت المرايا ؟! …,2
"فريق عمل مسلسل""الخطيئة""يستعد لتصوير المشاهد الخارجية ب #أكتوبر و #المقطمالعمل على غرار المسلسلات التركية وبطولة #شريف_سلامة و الكاتبه والستايلست #انجى_علاء والفنانه #شيري_عادل",2
وضيف إالى ذلك إستفتاء مارس 2011 يصبح مشكوك في نزاهة قضائة ونقطة ومن أول السط,2
مواعيد العرض على سي بي سي الليلة منتصف الليل الساعة الثانية صباحا على +2 الساعة العاشرة صباحا يوم السبت و الساعة الثانية عشر +2,2
حد #بيحبك + حاسس #بيك + بيسمعك من غير ما #يفهمك غلط + #فاهمك حتى لو ما عرفتش #تعبر كويس عن اللى #جواك = #ربنا :),2
البرنامج - الحلقة 24 كاملة,2
موعد قفز سيسي على الرئاسة يقترب الحق احجز ديل عشان تحضر حفل التنصيب لكنه لن ينال غرضه لأن الشعب سيحرمه ويحاكمه,0
_ لم أهاجمه بل أحترمه ولو كان له أخطاء فهو بالتأكيد شخصية تحترم,3
اللهم كما نصرت جيشنا فى العبورضدالاحتلال ونصرت شعبنا فى العبورضدالاستبداد؛أتم اليوم نعمتك على شعبناوجيشناوادم مددك اللهم استر مصر وانصرها,2
#البيض_يتمثل_فى الي يعمل فولو و لما اعمل الباك يعمل انفولو,0
يا من اذا قلت ي مولاي لباني يا واحداً ماله ف ملكه ثاني أعصي وتسترني أنسى وتذكرني فكيف أنساك ي من لست تنساني لا اله الا انت #…,3
انقطعت بهم أسباب الأرض ولم يبقى لهم إلا بابك اللهم كن معهم اللهم انصرهم اللهم إن ضاقت بهم الأرض فافتح لهم أبواب السماء #…,2
"""فريق الحملة بالقاهرة الكبرى"" 7:00 10:00 المنسق: كريم عيسى هاتف:0107381486",2
#كفاية بعد عن ربنا دى النهاية قريبة,1
بعض الناس سيرفضون اى تصرف من الرئيس مرسي حتى لو كان صائبا خصومتنا السياسية اذا تحولت لعداوة تعمينا سأساند الحق كما اراه حتى ولو كنت وحدي,1
بسمة أمل - استثمر في تعليم أولادك ------------------------------------------ أيها الأباء والأمهات ما هو أفضل,2
انا #الأسد انا شجرة كبير مادة جدورها فـ الأرض شايلة ناس كتير اوي ~ بس انا اللي هشيل نفسي، انا هوصل للي فـ دماغي,1
كانوا مستكترين على الغلابة دعم الاخوان وانهارده بيتفاخروا بكسوة الامارات للغلابة فعلا يهود ماسكين الاعلام فى مصر,0
الرسالة الاسبوعية للدكتورعمرو حمزاوي 10اكتوبر 2012,2
ان الله وملائكته يصلون علي النبي يا أيها اللذين آمنوا صلوا عليه وسلموا تسليماً,2
شبكة العملاق | رصد| نظم أهالى #المطرية الجمعة مسيرة مناهضة للانقلاب العسكري ، #25 #11 #,2
#الحقيقة_مباشر_مصر|#انقلاب_3يوليو اسلاموفوبيا ----------------- تصريحات توني بلير اللي دعا فيها الغرب لتناسي ما,2
يعني لو سكتنا كانت هتكمل صح؟,2
اعرف بلادك - المغرب عين أسردون - توجد في بني ملال وهي مدينة مغربية تقع في الوسط الغربي للمملكة المغربية وسهل,3
لما بتحكي عن كل المحارم فاين #حافظ_مش_فاهم,2
كل ما يفعله أبو زيد وزير الرياضة يضر الرياضة اخر شائعة عن تعيين كمال الجنزورى رئيسا للاهلى شباب ثورة 1919 سيعود ليقود الرياضة فى مصر,0
أن أحاول أن أسامح من أساء إلي ليس من أجله أو من أجل صحتي النفسية والعقلية بل من أجل أجر عظيم أعد للعافين عن الناس #علم…,2
لازلت معترضا على تشكيل الجمعية التأسيسية لانه يجعل دستور مصر في يد اغلبية تنتمي الى الاسلام السياسي الدستور يجب ان يمثل المصريين جميعا,0
الحب اللى بيبقى ف #النور قدام #ربنا #احلى #بكتر من الكلام ف الموبايل بليل وانك #تستخبى من #اهلك,1
#الكويت #السعوديه #البحرين #قطر #ا?مارات #عمان #العراق #مصر #تونس #الجزائر #المغرب #ا?ردن #السودان #لبنان 328,2
قالوا السياسة مهلكة بشكل عام وبحورها يابني خشنة مش ريش نعام غوص فيها تلقى الغرقانين كلهم شايلين غنايم والخفيف اللي عام #صلاح_جاهين,0
__ #ماذا_فعلت_فى_الدنيا_ليدخلك_الله_الجنة_؟ أسلمت قولا وفعلا وأسأل الله الثبات,2
"ونقوم ولا شيئ يوقفنا لا أبو جهل جهله يحرفنا ولا أبو لهب هيخوفنا ماحناش ضعاف قلالات حيلة آه ياجميلة"" عمار وسيد",1
#اللي_يسري_فودة_معملهمش_ريتويت دي فتنة عشان ننقسم ونعادي بعض إلعب غيرها,0
صباح الخير و الفرح و الأمل و الجمال والحريةو السلام و نهاية كل الأحزان صباح مصر أم الدنيا,3
موقع #اتحاد مكتبات #الجامعات المصريةحاجة مبهرة وخدمة عظيمة للباحثين واضافة رائعة للمحتوي العربي علي الانترنت,3
4 من شباب تمرد وحركة 30 يونيو فى لجنة الدستور وشباب 25 يناير الذين دعموا 30 يونيو غاضبون اشربوا يا اغبياء,0
ترقصين بعرس واطالعين فوق وتحركين حلجج يعني حافظه الاغنيه:)؟ #لازم طلقه بالراس:),1
#بصـراحـه في آلعمر حكاية واحده فقط نجد فيها وطن حقيقي ومادونها مسرحيات متعدده نؤدي دورنا فيها ببراعه,1
الافلام الجديدة لمذبحة رابعة اقدمها للسفير ابراهيم يسرى ليعيد التفكير فى مبادرته ولكل من يفكر فى عمل مبادرة جديدة,0
وحرامية بلدنا طلقاء يحكموا بلدنا النزيه#باسم_عودة فك الله اسرك انت وكل احرار بلدنا,0
كفر_الدوار #كفر_الشيخ #ملوي #دكرنس #دمياط #نويبع #الصعيد #القليوبية #الغربية #الفيوم #الدقهلية #البحيرة …,2
أرقام يونيو المقدسة الأسبوع الماضى ، توجه مؤسسو حركة تمرد لزيارة الأستاذ هيكل بترتيب الإعلامى حسين عبد الغنى,2
#سنن_نبوية || السنن الرواتب قال صَلَّى اللَّهُ عَلَيْهِ وَسَلَّمَ -: (ما من عبد مسلم يصلي لله تعالى كل يوم,2
14 مليار #شيكل ديون #السلطة للكهرباء #الإسرائيلية,2
#الصين تخفض أسعار الفائدة مجدداً لدعم الاقتصاد,2
#ماهر زين ناااس تشبهلنا : ^_^,3
#أوقفوا_الفحم :),0
اعتقال الطفل هلال احمد عامر ثانية إعدادي أثناء خروجه من درس بـ #المحلة_الكبرى من أحد الشوارع بسبب رفعه شارة #رابعة,2
عمرو حمزاوي في حوار مفتوح مع بعض أسر مصر الجديدة: سأعلن مصادر تمويل حملتي الانتخابية أمام المواطنين بكل شفافية,2
"لعبة حمادة و ميادة #ملل #مترو هع""",2
مازالت أمامنا فرصة لإثبات فقدان هذا المجلس للشرعية: العمل من أجل استقالة نواب المعارضة والمستقلين مصداقيتنا في أفعالنا,1
طوابير الدستور كانت بصراحة مهزلة,2
فوز الاهلى مرتين متتاليتين بكأس افريقيا من غير دورى يؤكد أن نقص الامكانات لا يمنع الانجازات بشرط توافر النوايا الطيبة ربنا يحفظ تريكه,3
#الواتساب_معلق الحمدلله صارلي اسبوع مادخلته ومو هامني شي,2
#السيسي_هايصالح وهيخاصم :) زى #شفيق ما قتل و اتقتل,1
اطالب بعزل شفيق ومحاكمته ثم عمل انتخابات نظيفة او التحقيق في التزوير واستبعاد الأصوات الباطلة والإعادة بين الثاني والثالث او مقاطعة المهزلة,0
#غلطت_م_اﻷول_رنا_سماحه,2
"أيمن يونس يؤكد:الزمالك لا يشارك فى دورة فى قطر لموقفها من مصر, حكومتك يا كابشن بتتفاوض مع قطر عشان تشحت غاز",0
هذا هو ردي,2
مقال رائع من والستريت جورنال المقال موجه لمن يريد ان يعرف دور نظام مبارك في 30 يونيو و التحالف المريب بين المعارضه,2
اكثر من مليونى شاب شجاع بالجامعات هم العمود الفقرى للمصريين الرافضين للانقلاب,2
اذان الظهر تقبل الله منا ومنكم صالح الأعمال #اسلوب_حياة,2
يومك يناديك و يقول أنا يوم جديد على عملك شهيد فأغتنمنى فإنى لا أعود إلى يوم القيامة,2
تصديت للدعوات القائلة بأن المرأة لا يمكن ان تكون رئيسة للدولة وناديت بتساوي الحقوق بين الرجال والنساء,2
4) إلا أن تركيز السلطات التشريعية والتنفيذية بين يدي الرئيس مرفوض ويثير المزيد من المخاوف بشأن احتكار السلطة من جانب فصيل واحد,0
إن الأحلام العظيمة لا يمكن أبدا أن نجدها لقيطة على أرصفة الشوارع ! #فاروق جويدة ,2
"""في مؤتمر جماهيري حاشد في زفتىدعبدالمنعم أبوالفتوح: مصر ستتقدم فقط بترابط المصريين جميعا""",2
الان تابع حساب ( صدقه جاريه ) يذكرك بالله نصائح دينية أستغفار __ يستحق المتابع #غرد_بالخير #رتويت,2
مدن (#فلسطينية) #رام_الله #القدس #نابلس #اريحا #قلقيلة #الخيليل #طولكرم #بيت_لحم #طوباس #جنين #بيتونيا #بيرزيت #جباليا #البيرة #سلفيت 584,2
لابد من التوجيه التحيه الى حزب البناء و التنميه ( الجماعه الاسلاميه ) الذى تنازل عن نصيبه فى التاسيسيه من اجل احداث ال,3
أهمها محاكمة الرئيس السابق وصناعة رأي عام مؤيد للانتصار لحقوق الشهداء والحفاظ على الضغط الشعبي للتعجيل برحيل العسكري,2
وحدوا الله يا جماعة وبلاش إشاعات عن مفاجآت عشان مش عايزين إحباطات كل الحكاية ملف معقد هنحاول نفهمه مع بعض :),3
ميتين ام الناموس على اللى متعاطف معاه #ارحل,0
مبارك يوم 24 يناير كان أقوى بكثير من مرسي الان الشعب اسقطه ووضعه في السجنلا تغتروا ببلطجتكم فنهايتكم اقتربتمصر اكبر بكثير من سيدكم المرشد,1
سأكون معكم الآن على المنتدى لمناقشة ما جاء في الحلقة السادسة من برنامج قصة الأندلس,2
7 بتقف طبعاً والشركة بتدفع غرامات هو ده الضغط,2
مجدي الجلاد لسه ماكتبش وبلال فضل بينفخ في قربة مقطوعة وهشام قاسم لسه عنده أمل وعلياء جاد راحت تشتري بيض من المطار وأنا شكلي هرجع لندن تاني,2
2- وبعد جهود مضنية لي ولشخصيات عديدة، تم كسر الحاجز الثلجي بين و وإذابته، كما يتضح من شكل,2
اغرب ما يحدث ان تنتقد أشخاصا ينتمون الى الاسلام السياسي فيعاجلونك باتهام رهيب انك ضد الاسلام كيف ولماذا يحس انسان بانه هو الاسلام,0
العملية نسر لم تفشل النسر هرب مع طائر النهضة عشان يتجوزوا عرفي و راجعين,0
الانحناء لوعى الشعب المصرى,2
ديليسيبس كما قالها الرئيس - باسم يوسف - بوابة الشروق,2
#غلطت_م_الأول_رنا_سماحه  #,2
#عيد_الأم #امي امي يا اجمل ما يبدأ بهِ يومي فَ سبحان من صنّع من دعواتكِ سعادةٌ لي لا تنتهي,3
في وجود الببلاوي الفاشل تزداد معاناة المواطن في #مصر بعد حادث قطار دهشور #,0
الصلاة على #بلال_علي جابر بعد صلاة الظهر في جامع الإيمان بمدينة نصر و أوصلوا سلامي لأخي علي جابر أبو الشهيد و أعلموه أن…,2
"لتحميل #كتاب ""رباعيات #صلاح_جاهين"" من هذا الرابط :",2
ماحدش من معارضي مرسي متصور إنه هيفرض على الشعب رئيس غيره بعضهم انتخبوه بس شافوه كذب وأسال دم ولازم يعتذر ويلتزم بوعوده أو يرحل ويحقن الدماء,0
شاهد - آخر كلام: هؤلاء الحالمون القادرون على العزف و الغناء,2
مع جورج إسحق في وفد المجلس القومي لحقوق الانسان للمراقبة، نتحرك في شرق وشمال القاهرة، أدعو الجميع للمشاركة ومنع التجاوزات إن وجدت,1
سعدت بلقاء أهالى المنصورة و فخور بأعضاء حملتي بالدقهلية الذين اتاحوا لي هذا اللقاء ورتبوا زيارة الكنيسة ولقاء القوى السياسية,3
شاهد - آخر كلام: حفيد شقيقة قائد الثورة الليبية محمد إدريس السنوسي,2
إضراب سلمي للعمال في ألمانيا بمناسبة #عيد_العمال,2
1 رغم فارق التاريخ والحضارة والجدارة لمصر الا ان السعودية انتزعت صدارة دول الشرق الاوسط بعد تولى مبارك الحكم برشوته الدائمة,2
3 مصر تحتاج لانتخابات رئاسية مبكرة، وبالمطالبة بها التزام خالص بالديمقراطية وليس انقلابا عليها كالدعوة لإسقاط الرئيس المنتخب بالعنف والفوضى,2
بورك لك في المولود أدعو الله ان يجمع شمل الأسرة في بيتهم الطيب و يجعل من خالد نعم الإبن لنعم الأبوين #,3
الوطن | العصف بالحرية على إيقاع ممارسات مبارك | عمرو حمزاوي:,2
حتى بيوت رموزهم لم تسلم الإعتداء على شرين مشهور حفيدة مرشدهم الأسبق …,2
#اماراتي من #دار_زايد وافتخر️,2
#حركة_كايدينهم #مصر #قول_كلمه_للسيسي_وخد_فولو_هديه ياسيسى ياجاااااااامد #سأنتخب_السيسي #تحيا_مصر,3
#غرفة_الأخبار | دأماني الطويل : #أثيوبيا تسعى لتقليل وزن #مصر #2_ #_,2
_ : تم اعتقال هاني حبيب(روني) اليوم عندما توجه إلى محكمة عابدين ليسأل عن ميعاد جلسته #رجعوا_المعتقلين,2
#أشاهد_الآن #تسالي_أحلى_عالم على شاهدنت عبر,2
#لساها_ثورة_يناير لسه الشعب المصرى ثائر,1
3 #محمد_محسن,2
يا عزيزي حاولت اكثر من مرة من سبتمبر اللي فات وكان موافق ثم اكلم من حوله فلا اجد اجابة شافيةدلوقتي برنامجي خلص خلاص,1
"تحالف بين #أنصار_بيت_المقدس و #الحرس_الثوري لتنفيذ عمليات ""إرهابية"" في مصر #مصر #الإخوان #المد_الشيعي #عمليات_إرهابية",0
نسيت أقولك إنك لو مؤمن بعدل ربنا لازم تطلع مبارك من السجن أو تحصله لأنك مسئول سياسيا عن قتل مواطنين مصريينبلوك وريبورت سبام,0
حياتك اختياراتك,2
ضد الظلم مع باسم #ثورة_25_يناير #باسم_رئيسا_لمصر #انتخبوا_العرص,1
حلقة اليوم كانت بداية الفتوح الإسلامية، الكثير يظنون أن الإسلام انتشر بالسيف ولكنه خطأ كبير فعدد الكنائس التي,2
: نحن الان امام انتهاكات حقوق انسان ودولة يهدد استقرارها والمجلس اصبح امام ازمة شرعية,2
1 فكرة المقالة حلوة وأسلوبك في توصيل الفكرة حلو كان ناقصها بس شوية أمثلة لتأكيد المعنىبس الله ينور عليك,3
2 إيه يا أبو حميد إنت لسه في باريس؟,2
3_ 0 لأ ارجوك خلي دمك خفيف إيه ده؟ فين كتالوج الألشة؟,0
بيان القوات المسلحة حول الأوضاع الأمنية في سيناء - 5 أغسطس 2013 #السادة_المحترمون …,2
#خطة #حمدين_صباحى لــ #رئاسة_الجمهورية #حمدين_جابه_لنفسه,2
اقولك على حاجه!! الدنيا مش محتاجه! #اه_والله,3
قبل أن تُسدل ستار أجفانك على عينيك ، هل وضعت المنبّه لصلاة الفجر ؟ #صلاة_الفجر #ذكرى,2
مع حفظ الألقاب، منى الطحاوي وسامح موريس وخالد حنفي ومحمد العدل وبسمة ونادر السيد ومصطفى سعيد في آخر كلام 11م,2
#محمد_بن_سلمان_وزيراً_للدولة من السادسة إلى وزير دولة #فيليكس السعودية,2
#وزير_التموين : حل مشكلة نقص التمويل اللازم لتوريد #القمح خلال أيام للمزيد علي,2
اى حد يعرف صحابة بيمثلوا او بيغنوا ياريت يبعتلى ^_^ #مامادو #تمثيل #غناء #صحاب,2
"صحيفة المصري اليوم/ بالفيديو #توفيق_عكاشة : هيفاء ""ولية ناشفة محشية طوب"" وهت - عبر تطبيق نبض",0
ما بين بعينك على كثر مااجاااك #عبدالمجيد,2
ما حدث في مصر عكس ما يقوله الكثير هو دليل على الوعي الديموقراطي لدى الشعب مرسي كان جاي بشروط وأول ما هو غيرها الشعب غيره,1
#كلمتين_وبس تستحق التأمل! •,2
#مصر يتبع / ثانيا التهرب الضريبي بيكون عن شيئ أنت لم تفصح عنه و الموضوع محل النزاع أفصحت عنه شركة أوراسكوم في ميزان,2
الحربي يرصد 150 الف ريال لمن يعثر على ابنه المختفي، رتويت كمساعده #النصر #الهلال #الاتحاد #الاهلي,2
#التحرير الان,2
"بالصورحزب ""الوسط"" ينسحب من اجتماع التحالف الديمقراطى بعد ""مشادة"" مع الإخوان",2
كل من يقف ضد مواجهة الإرهاب في مصر إرهابي #السادة_المحترمون,0
"عادل فقيه :يغرد عن تأجيل الدراسة وكورونا #كورونا #كورونا_في_جدة #تأجيل_الدراسة #خطر_فيروس_كورونا #السعودية """,2
انت شفت الحك ولازقة فيه كدهو! وبدل ما كانت بتسبح ف البسين ! سبحت ف أعماقه مع المعرصين #انتخبوا_العرص,2
اشعر بالألم الشديد و نحن نعيش فوضى لا أخلاقية و انحطاط في المبادئ و القيم و صدمة ممن كنا نعتقد أنهم بصدق علماء و دعاة,0
_ع منطق حقير ولا يتبعه سوى الجبناء هذه نفس تقتل عارف يعني ايه؟ يمكن لو أخوك أو أمك كنت تفهم,0
حد عارف كانوا طابخين إيه ع الغدا النهاردة؟ ومين عجبه الأكل؟,2
ممكن لو كلمتك ف التليفون واتناقشنا مناقشة سياسية ناخد عشر سنين أنا وانت بموجب القانون داه,2
"بدء جلسة #محاكمة_مرسي و10 آخرين في قضية "" #التخابر_مع_قطر""",2
#تونس | رئيس الحكومة التونسية يبدأ اليوم زيارة إلى #فرنسا و #الاقتصاد و #الأمن يتصدران المباحثات,2
سأبقى أحبك ولن أندم ويبقى حبك في قلبي والله أعلم,3
أم الرشراش #مصرية و #كامب_ديفيد انتقاص للسيادة #المصرية | الدستور الأصلي,2
مانيفستو 2013 مع خالص المحبة لسيد حجاب وميشيل المصري ومحمد الحلو وأسامة أنور عكاشة واسماعيل عبد الحافظ,2
إن كان من عادوا للتأسيسية يرون في هذا عملا وطنيا فهذا لهم ولا يحق لا لي ولا لغيري رغم اختلاف الموقف والتقدير المزايدة على وطنيتهم,1
جميع الأديان تتفق على حماية الدين وحماية المال وحماية العرض وحماية الدماء #السادة_المحترمون …,2
أما الدفاع عن حقوق الإنسان للجميع بما فيهم الإسلاميين فيتسق مع مبادئي الليبرالية تماما كرفض الإتجار بأجساد النساء في المواقع الإباحية,2
#ولاد_البلد #المنصورة #مصراوي بالفيديومصرع سائق على يد أمين شرطة بالموقف الجديد ـ #بطلخاوتعزيزات بمحيط قسم الشرطة,2
جمال سلطان فضح الانقلاب واعاد الحق لمرسي بعد ان عانده كثيرا,1
هنعلمهم الادب هنوريهم الغضب #المعادى,2
شاهد- #فيفي_عبده راقصة سيذكرها التاريخ #الحكم #1,3
بالنسبة للناس الي بتقول انها #هتحبك_لو ضحكتها وهي بتعيط حضرتك انا مش هسيبها تعيط أصلاً,1
كل شى كتبته غلط كل شى حسبته غلط فى #الامتحانات,0
#متابعة الأنباء من #الفيوم تفيد بدخول سيارة نقل ثقيل فى السيارات التى كانت ستقل العاملين بمصنع الغزل والنسيج من أمام المص…,2
3 يوليو انجبت 3 توائم طغمة الانقلاب العسكرى قناة العربية الصهيونية اعلام العار فى مصر,2
مذبحة جديدة بحق السعوديين الأبرياء نُفذت في #الغوطة_الشرقية على يد #الحرس_الجمهوري الأسدي الظالم فأين أنتم يا مسلمين #وا_معتصماه,0
إلى المتخاذلون و المتحولون :يقول مارتن لوثر عندما ينتهي كل شيء لن تذكر شيئا من كلمات أعدائك لكن صمت أصدقائك سيترك أثرا لن يزول,0
فيديو - 50 عاما على أول بث تلفزيوني سعودي ولقاء مع المذيع #محمد_رمضان #,2
لجنة الخمسين تجاوزت اللائحة لتجعل التصويت (50+1) بدلا من 75 صوت بحجة الغاء الشورى! وطبعا القادم محاكمات عسكرية وتحصين وزي…,0
على فكرة تليفزيون الحكومة من 3 ايام بيدعو انصار سيسي للنزول للتحرير والاتحادية فى 6 اكتوبر,2
الحكومة الحالية غير قادرة على إتخاذ قرارات وهي حكومة مرتعشة,0
اجمل ما رأت عيني في #معرض_الكتاب ، ️,3
1200 رغيف شهريا نصيب الأسرة المكونة من 8 أفراد,2
"النجمة""يسرا""تقرأ بعض مقاطع لرواية دعلاء الأسواني الجديدة ""نادي السيارات"" بدار الأوبرا الجمعة القادمة 4أبريل 7:30م>>",2
البوابة نيوز: الليلة #عبدالرحيم_علي يكشف عن تسريبات #البرادعي مع #المخابرات_المركزية_الأمريكية,2
انه دائماً من الرائع أن تكسب الجوائز لأن هذا يعني انك قدمت موسماً جيداً #تشلسي #تشيلسي,3
لو لسّه ماشفتش الحلقة #المواطن_المصري ، دوس هنا برعاية 2454,2
"بقيت كلما أتفرج على حلقة لباسم أفتكر صديقنا الجميل علاء ولي الدين الله يرحمه وأتخيله وهو بيقول للإخوان ""يالله ياللي باسم يوسف بيفشخ فيكو""",1
انا عايز اعرف هو ايه الجنيه ده #مصر_الليلة,2
قطب العربي عضو جماعة الإخوان يصعد المنصة وهتافات من الصحفيين ضده,2
"باقي على #رمضان 69 يوما تقريباً وتبدا القصه الجميله وتعلو المساجد بأصوات التراويح اللهم بلغنا رمضان لا فاقدين ولا مفقودين ♡""",3
رسالة من جنود #الدولة_الإسلامية في #سوريا إلى عدو الله #السيسي وجنوده المجرمين #مصر #سين…,2
بسم الله وبعون من الله، نبدأ حملة (أوعى) للتوعية بأخطار المخدرات التفاصيل لاحقاً إن شاء الله,2
#جنين وأبطالها أكدوا أن لا خنوع لهذا المحتل، كان القتال قتال الرجال وكان…,2
#القضية_واحدة 75 شهيد 3 74+عمرو حسين 3 #فى_الجنة 3 3,2
#جدو الله يرحمه,2
إتفرج ياسلام صلاح جاهين ومحمود السعدني في بروجرام واحدرحم الله الجميع وجزاهم عنا وعن مصر خير الجزاء,3
رحم الله الشهيد محمد بيومي منشداغنيه تتشل الايادى اللى بتقتل ولادى النسخه الاصليه بالكلمات …,1
"""نأمل أن لا يصل …",2
المحامى الأول لنيابة استئناف القاهرة يعلن ترك منصبه,2
كايروكي ، مطلوب منك السكوت تكون إنسان بديل — #كايروكي :) _ مطلوب منك السكوت تكون إنسان بديل _ مطلو,2
3011 الرجاء ارسال المشاريع على,2
انتهاكات الانقلاب القمعية فى جامعة الاسكندرية وصلت مداها باصابات واعتقالات انقذنا يا عزيز يا جبار من طغمة الاستعمار,0
هل الانسان مسؤول عن أكبر عملية انقراض؟ - #الإمارات #بالعربي,2
1 حكومة اليمين في اسرائيل مستمرة في جرائمها ضد غزة وأهلها وتستعد الآن لهجوم بري، سيناريو حرب 2008 وقتل المدنيين يتكرر,2
معالم أندلسية - مسجد قرطبة تم بناء هذا الجامع خلال قرنين ونصف قرن تقريبا، و يرجع تأسيس المسجد إلى سنة (92 هـ),2
#دعوة_الصائم_لاترد اللهم اني اسألك الجنه وما يقربني إليها من قولاً او فعلاً او عمل,2
قدم حياته لأجل كرامته فصارت ( أم الشهيد ) #الاردن #رائد_زعيتر,2
73 الله يبارك فيك الحمدلله شدو الرحال من لندن الى ليفربول كانو واثقين خلفهم العظيم مورينهو #صيعري #صحافه #اعلام,3
#مصر_القوية | جانب من مسيرة #ثوار المشارك بها الحزب في طريقها إلى #الإتحادية,2
"زلموكة (=' ) غالبا تحريف لزلمة: ""والمُزَلَّمُ القصير الذنب"" - لسان العرب #أصل_كلمة_مصرية #لغةمصري",2
ﺛﻮﺍﺭ #ﻋﻴﻦ_ﺷﻤﺲ ﻓﺎﻋﻠﻴﺘﻨﺎ ﺍﻟﻘﺎﺩﻣة غدا 21ﺍﺑﺮﻳﻞ ﺑﻌﺪ ﺍﻟﻌﺼﺮ على رجالنا ﺍﻻ‌ﺳﺘﻌﺪﺍﺩ ﻭ ﺍﻟﺘﺠﻬﻴﺰ ليوم غد #ﻣﻜﻤﻠﻴﻦ  ﻭ ﻻ‌ ﻧﺨﺶ ﺇﻻ‌ ﺍﻟﻠﻪ #25_ابريل #25_يناير,2
التعامل الأمنى العنيف مع المتظاهرين وأداء الإعلام الحكومي يعيدنا لأجواء ماقبل الثورة,0
#الاماراتييون_يعتدون_على_سيارات_القطريين يجب ان يكون لاحرار #ساحل_عمان وقف ضد التصرفات الطائشة لـ #محمد_بن_زايد ومستشاره #دحلان,1
في مصر توافق الناصريون والسعودية في موقفهما ضد الاخوانوفي سوريا الأول يدعم حليفه بشار والثاني يسعى لإطاحتهنفاق سياسي فج …,1
"6,5 مليون ورقة مالية للبنك التجارى الدولى من بورصة مصر إلي بورصة لندن وإلغاء 3مليون شهادة للمصرية للاتصالات بكره تشوفو مصر",2
#الديمقراطية صنعها الغرب للتحكم فى الدول المتخلفة بأبواق متعددة مثلك انت و #توكل_كرمان لاحتلالها وزرع قواعدة فيها ولا يطبقها الغرب في بلادة,0
64 اذا مبارك كان عنده حق لما البلطجية قتلوا الناس في الميدان لانه كان بيتشتم بامه برضه,1
اليوم، هو ثاني أيامنا في جوبا، عاصمة دولة جنوب السودان التي يبلغ عدد سكانها9 مليون نسمة، كثيرين منهم يتكلمون,2
ده فيديو اوضح للناس وهى بتفتح المدرسة علشان تخرج الامن منها,0
إلى أحمد الشحات البطل الشعبى الذى أحرق علم الصهاينة بعد أن دنس هواء مصر 30 عاما: ارفع علمك فوق أنت مصرى يا أحمد المصرى يا أحمد العربى,1
أي حد عايز ينتخب فرعون يبقى يدور على آلة زمن ترجع به هو لوحده لعصر ما قبل الميلاد,0
وزير الدولة الإماراتى: لا يمكن تصور اعتدال المنطقة دون استقرار مصر,2
_ الشعب السعودي الآن مثل خزان الوقود ينتظر عود ثقاب فقط مثل بو عزيزي في تونس وشبه مؤكد ان الثورة ستكون بع…,1
شاهد - آخر كلام: مسحت الكلام؟ طب مسحت الدم؟ جبت حق اللي مات؟ #,0
واحد بيطبل بقاله 3 سنين وفي الأخر مش عايزينه يبقى في حملة #السيسي؟ الراجل إجتهد و صوابعه ورمت،،عن #حازم_عبد_العظيم أتحدث !!,0
حقك تتعملى كإنسانة #مش_ساكتة,1
على الخارجية المصرية تحمل مسئوليتها والعمل على الافراج الفورى عن الصحفية شيماء عادل المحتجزة فى السودان ،كرامة المصريين أهم من رغيف العيش,1
مؤتمر الصحفي بنقابة الصحفيين يوم الاحد 4 ديسمبر 2011 الجزء االثالث,2
اذا كان يومنا باسم فليكن عملك نجيبا! صباح الفرح و السلام صباح الحرية و الوئام,2
قل لا للدستور تنقذ مصر من العنصرية والدسكتاتورية والتقسيم,0
فيك عن ميثاقك الوافي جنوح لا انتحيتي كالخيول الجافله من يؤمن في رجوعك به تروح للهموم أللي بسنيـنك حافله #محمد الشمري,1
#حاميها_حرميها #الجيزة كفايه عليهم نور عنين #السفاح انتوا حتنهبوا ولا ايه؟؟,0
خطاب وفد الكونجرس الأمريكي للشعب المصري عقب زيارته لمصر #السادة_المحترمون,2
#ذكرى وأحلى ذكرى أول واقفة فى #التالتة_شمال #07 #الأهلي,3
د عبد المنعم أبو الفتوح: أبعث بتهنئتى وتحياتي الى شباب الثورة الذي مازال يدافع من أجل استمرار مسيرة الثورة,3
اسماعيل قايد اصيب بطلق نارى فى مجزرة رابعة وسيجرى عملية بترغدا بحاجة الى التبرع بالدم فصيلة + لل…,2
'القضية ١١١٠' تحقيق استقصائي عن مهزلة المنظمات غير الحكومية، آخر كلام، ١١م، أون تي في,2
"# بالتوازي مع عمل الدستور يجب أن تتم الانتخابات الرئاسية , وصلاحيات الرئيس محدده وفقا للاعلان",2
تأجيل جلسة تجديد معتقلين جامعة القاهرة أسبوع لعدم وجود قاضي #رجعوا_المعتقلين,2
_ طبعا الرئيس الذي تطلق جماعته بلطجية ليعتدوا ويسحلوا ويضربوا بنات بلده هو رئيس فاقد للشرعية تماماً,0
ما يجعل #الحياة تستحق أن نحياها هو #الإيمان بشيء و#التحمس لشيء - #أوليفر_وندل_هولمز (#طبيب و#كاتب و#شاعر أمريكي),2
هل الإستفتاء في ظل إشراف قضائي منقوص وانفلات أمني واضح وما نراه من عنف وانتهاكات هو طريق الاستقرار أم عبث بأقدار البلاد؟ الحكم مسؤولية,0
اغلقوا معبر رفح واليوم اغلقوا معبر السلوم فاضل يقفلوا مطار القاهرة ويقفلوا البلد عالرايح والجاى خربوا البلد وبرضو مش عارفين يحكموها,1
"تأجيل #محاكمة_مرسى وقيادات #الإخوان بقضية ""التخابر"" لـ6 مايو",2
__لقد تخلص حسنى مبارك من عمرو موسى لمعارضته فى كثير من السياسات و شعبيته,2
#الوطن| النيابة تجدد حبس 100 إخواني بـ #دمياط بتهمة التحريض ضد المؤسسة العسكرية,2
الإخوان جماعة إرهابية وهم من قتلوا ابني,0
د أبو الفتوح في العاشرة مساء : أنزعج الآن من الأداء الأمني و هناك تباطوء متعمد من الجهات الأمنية في عودة الأمن لمصر,0
مدرسة خالد ابن الوليد تصوت لجنة81 تصوت جماعى بموافقة القاضى مركز نجع حمادي #قنا #الاستفتاء,2
7_ أقرب مما تتصور وإحتمال كبير تلاقيها عند بتاع الطعمية وتترحم عليا وتقول ماكانش يومك يابلال,1
و لا #سيسي و لا #حمدين هاتو اخواتنا من #الزنازين,2
7_ انا عاوزة احرق #أماني_الخياط بالغاز !,0
الشاات بااايظ ليه يا #مارك -_-,0
دسعيد اللاوندي خبير العلاقات الدولية بمركز الأهرام الاستراتيجي ضيف #يوسف_الحسيني الآن في #السادة_المحترمون …,2
مقاتلان يستعدون لإطلاق قذيفة باللاذقية السورية #رويترز,2
لم تقم الثورة وتستمر لمدة ثلاث سنوات وتضحي بالكثير من اجل نفوس متعصبة ومريضة تنشر الفتنة بين اطياف الشعب #الثورة #البحرين,0
+ يا غزة انت فخر لينا #انتخبوا_العرص #ريتويت,1
ﺁﺁﻧﺎ #ﺑﺤﺒﻬـــــﺂﺁ ﻭ ﻣﺶ ﻫﺴﻴﺒﻬﺎ - ﺁﺁﺷﻤﻌﻨﺎ !!! - - ﺁﺻﻞ ﺁﻧﺎ #ﻭﻋﺪﺗﻬـــﺂﺁ ﺁﺁﻧﻲ ﻣﺶ ﻫﺴﻴﺒﻬﺎ ﻣﻬﻤﺎ ﺣﺼﻞ - ﻭﺁﻧﺎ #ﻻﺯﻡ ﺁﺑﻘﻲ ﺁﺩ ﻛﻼﻣﻲ #ﻣﻌــﺂﺁﻫــﺎ,2
المضمون الوحيد لإعلان مرسي الدستوري هو استبداد رئاسي مطلق، مصر أمام انقلاب مرعب على الشرعية وسيادة القانون واغتيال كامل للتحول الديمقراطي,0
الرئيس مرسي المسئول الاول عن حقوق المصريين وكرامتهم اما ان يوقف الرئيس الخطف والضرب والتعذيب والمحاكمات العسكرية للمدنيين واما ان يرحل,1
التوزيع اللوجستي للخدمات الطبية والاسعاف مطلب هام لحماية الأرواح !! #الامارات # وزارة_الصحة # وزارة _ الداخلية,2
سواء اتفقنا او اختلفنا مع الاستاذ خالد صلاح فمن حقه ان يعبر عن رأيه ويقوم بواجبه الاعلامي بحرية كاملة الاعتداء على خالد صلاح ارهاب وبلطجة,1
الجميل في المسلسل ان ماحدش فيكو بيحاول يقلد الشخصيات المثلت الفيلم,3
محمود الشامى العضو الجاهل لاتحاد الكرة يقول ان شعار رابعة محرم دوليا الجهل نوروون,0
شباب مصر فى الكويت,2
#باسم_طلع_حرامى يا حرامي,0
4775 وما معنى مجيء مواطنون من المحافظات للتصدي لمتظاهرين من القاهرة؟ ده اسمه إيه؟,2
"يوسف الحسيني يفضح كذب قناة الجزيرة ويكشف تمثيل الاخوان """,0
نتهم عصام العريان وحزب الحرية والعدالة بإحداث فتنة وقتل وإصابة مصريين,0
كل يوم بيزيد إحترامى وتقديرى لبرشلونة نكسوا اﻷعلام عشان مدرب سابق مات إحنا طلع ميتين أبونا عشان يلغوا سوبر العار وبرضه متلغاش #إفتكروهم #74,1
التعليم: ضعف مستوى التعليم الحكومي وازدهار المراكز الخاصة في الدائرة بعيداً عن رقابة وزارة التعليم,1
ابو العلا ماضي ع قناة النيل للأخبار برنامج هنا القاهرة 10 ونصف مساء الليلة,2
"مقالي اليوم في جريدة الشروق بعنوان ""اسلاميك نميمة شو""",2
"بيننا وبين ""التقوى"" مخافة الله سبحانه وتعالى لكن بيننا وبين التدين الشكلى مجرد موس حلاقة (جلال عامر) #جلال_عامر",1
الثورة المصرية هي اول ثورة تشارك فيها كل طبقات المجتمع #السادة_المحترمون,2
نعم بين قيادات جبهة الإنقاذ من لايصلح لإدارة جريدة ولكن ماذا عن إخوانك أليس فيهم من لايصلح إلا لإدارة بقالة أين نقدك لهم,1
"#الموجز #خالد_علي يعلن تضامنه مع ""ثوار الاتحادية"" يؤكد: التظاهر باطل",2
#نفسك_فى_أية_فى_الجنة_ أنام وأسهر على كيف أهلي ما أشيل هم الدوامات والصحوه بدري,2
ألف صورة لألف شهيد من شهداء مجازر الانقلاب العسكري الدموي في #رابعة و #النهضة و #رمسيس و #الدقي الصور علي بوابة …,2
#قصة_قصيرة جهزت ابنتها لصورة جميلة، رفعتها #انستقرام ثم عادت لتقابل #الواتساب لترسل أشجار واسماك تسجد !,2
من هى الملعونة التى يجب تسميتها دمية بلا شرف ولا دين,2
لا يوجد في ترشيح شفيق شيء واحد قانوني مقدم ضده 35 بلاغ فساد لم يحقق فيها ينطبق عليه قانون العزل ولم يطبق تصويت الأمن لصالحه كله باطل,2
اون تى في تجبر ضيوفها على قول ما تريد والمذيعة ترفع ورقة امام الضيف ليقرأ منها اعلام العار,0
الأسواني: ضابط شاب يعتز بكرامته ويرفض أن يكون خادما للملك نفسه وهو مستعد لافتداء الملك بحياته لكنه يرفض أن يفتح له الباب,2
الحلقة العاشرة - الجزء الرابع - لقائي مع مو عامر,2
لــما يـجى رئـيـس الـحـكومـة #ابراهيم_محلب يرفع اسعار الغاز الطبيعى ورغيف العيش والكهرباء على الناس الغلاباء عشان,2
في ناس بتموت هنا \●/ #المشرحة,0
#خلق_جميل إذا جفت ينابيع السعادة فهاجر إلي كتاب ربك,3
#اتجنن واتجوز إلي بتحبها -_-,2
شبكة رصد الإخبارية/ #رصد| أصحاب محلات العباسي الجديد بـ #المحلة_الكبرى : المحافظ - عبر تطبيق نبض,2
اللهم امطر على قبر #محمد حسين جمعه وعلى قبور جميع موتانا وموتى المسلمين من سحائب رحمتك يارب اللهم اغسلهم بالماء والثلج والبرد,3
#السيسي_هايصالح #زينة #أحمد_عز,2
اليوم أكملت 555يوما بلا عمل و620يوما بلا دخل و77يوما بعيدا عن الشارع كله يهون من اجل الوطن والحق,2
3 الدم المصري كله حرام، أدين الاعتداءات على مقار الإخوان والحرية والعدالة وكافة أشكال العنف، جميع الضحايا مصريون لا فرق بين إخواني وآخر,0
لم يوقفه ضعف بصره عن ان يقرأ #جريدة_الشرق #رشيد_الشارخ #غرد_بصورة #معرض_الكتاب #الرياض,2
ثقافة القطيع وحشة جدا زي موضوع تشومسكي اللي جريوا كلهم وراه وطلع متفبرك في الآخر بنص كلام تشومسكي,0
عرض الاسبوع 10 ألاف متابع #درر #حكم #حكمه #حكمة #ابيات #النصر #الهلال #الفتح #كلمات #كلمة #بوح #الاتحاد [2290794],2
كيف تحول المصيبة إلى بسمة أمل ؟! قصة ريك أندرسون,2
زوجة #دومة تعلن تعليق #الاعتصام النسائى أمام الاتحادية و #العودة السبتليه كده يا حاجة خليكى قاعدة شوية ولا عايزة #تتفسحى فى الويك اند,2
#فلل للبيع في #طرابزون #تركيا بأسعار تبدأ من ٥٠٠ الف ريال سعودي #عقارات #استثمار #عقار #الكويت #السعودية #الامارات,2
اتنفسك مثل الهوى واحتاجك لجرحي دوا ⭐#عبدالمجيد,2
عرض الاسبوع 40 ألف متابع #شوارعنا #فن_تتقنه_النساء #ذلك_الشخص #شي_ودك_تجربه #بوح #درر #عجبني #حلو #مكه [2041976],2
_ هذا هو نص المقال أتحداكم أن تنشروه كاملا لو كنتم رجالا مش هتبطلوا حقارة وتنضفوا شوية من باب التغيير,0
ثقوا بنا تجدوا ما يسركم - هتنزل يوم 30 ؟ - طبعا هنزل هى دى عايزة كلام - ليه ؟ - علشان البلد,2
7 يعني الأول يجي #العرص يخطف الرئيس وبعدين يدي راقصة #الأم_المثالية وبعدين #نكاح_الكاراتيه ودلوقت بطولة #شباب_يمص شيشة وبعدين؟,0
من بارز الله بالمعاصي خاب وخسر دنيا وآخرة، وكفاه هذا الهاشتاج وفضائح معاونيه #انتخبوا_العرص,0
شاهد - آخر كلام: منزل لـ مبارك في باريس، يحرص الفرنسيون على عودته لنا ربما أكثر من حرصنا #25 # #,2
اعلام النظام السابق مازال قائماً : البلطجة الفكرية أقوى أسلحة اجهاض الثورة ماذا يحدث ؟!,0
رئيسة البرازيل تؤكد دعوتها للرئيس مرسي لحضور نهائيات كأس العالم فى البرازيل صيف 2014 هم يعرفون عظمة شعب مصر,2
#احمد_ادم بقى بضان فشخ مش لاقي غير #باسم يوسف,0
_ ده بس من ذوقك,2
#السيسي_رئيسي_2014,2
احنا كمصريين معندناش #كدبة_ابريل بس لا ده احنا عندنا #يناير #فبراير #مارس #ابريل وهكذا !,2
ماذا فعل عمر بن الخطاب أول ما تولى الحكم,2
طاقه ايجابيه شبابية في تصوير اليوم الاول من #أرب_ايدول #الموسم_الثالث كان يوم رائع جدا انتظرونا #قريبا …,3
909 ألف شكر,3
#خلق_جميل غض البصر,3
بعض افراد جماعات الاسلام السياسي بدؤوا من الان ا,2
قد ﻳﺒﻄﺊ ﺍﻟﻨﺼﺮ ﻷ‌ﻥ ﺍﻟﺒﻴﺌﺔ ﻻ‌ ﺗﺼﻠﺢ ﺑﻌﺪ لإ‌ﺳﺘﻘﺒﺎﻝ ﺍﻟﺤﻖ ﻭﺍﻟﺨﻴﺮ ﻭﺍﻟﻌﺪﻝ ﺍﻟﺬﻱ ﺗﻤﺜﻠﻪ ﺍﻷ‌ﻣﺔ ﺍﻟﻤﺆﻣﻨﺔ سيد قطب,1
مين يتذكر نهائي كاس العالم للاندية ؟؟ تخبرون #الرجاء كيف كان يوصل لمرمى نيوير #بايرن ؟؟ لو وصل #مينيرو لانتصر بالبطولة صدقوني!,2
هييييييييييييييييييح فكرونى اصحابى بيها #حمزة_نمرة #اوعدونى,2
مين الآي فتى بكده؟ أومال اللغة القبطية دي إيه واللغة النوبية إيه؟,2
_ مايصحش أقول,0
#محمد_محسن فى الساقية يوم الخميس,2
بالفيديو عكاشة: والله #هيفاء_وهبي ست مش طرية واللى يتجوزها يبقى خد خازوق !! #بوابة_القاهرة #مصر #توفيق_عكاشة,0
"يا له من عالم ""مزري"" !!! -_- #تويت_بخطك",0
#كلمه_بتتقال_في_البيت_كل_يوم جب لي ماء وانت جااي سكر اللمبه سكر الباب فارق 😳,2
حول لقائي بالرئيس،المضحك في الموضوع إن عمري ماتخيلت اني أخش الاتحادية،غيرانني أقف عالسورأتظاهر #مصر # #السعودية,1
صلاة العصر #بوسطن (يا بني أقم الصلاة وأمر بالمعروف وانه عن المنكر واصبر على ما أصابك إن ذلك من عزم الأمور),2
حازم #الببلاوى: الحكم العسكرى انتهى و #السيسى الضامن الوحيد لعدم عودته فييييييييين انشراااااح ؟؟؟؟ #أنا_حازم,2
# #بيروت القديمة والحلوة #,3
#أشاهد_الآن #دريفن_الموسم_4_الحلقة_24 على شاهدنت عبر,2
اشتقت لجـد لن يرجع ابداً ولن يأتي مثله احد 3 #جدو 33 #الله_يرحمك 3 3,2
تحليل سياسي هام جدا حول اتفاق السداسية مع ايران ضد الخليج #السعودية #الرياض #البحرين #الكويت #الامارات #السودان,2
#عش_حياتك_ببساطة #فيديو عندما تقود ليلاً و #فجأة #غرد_بفيديو,2
الإستفتاء ده إتعمل يوم التفويض بكل وضوح,2
المشاركة السلمية في مليونية الجمعة لإسقاط إعلان الاستبداد الرئاسي مسئولية كل مصرية وكل مصري الوطنية شاركوا,2
"لا تنفر من شيء لأنهم قالوا لك عنه خطأ وإنما جربه بنفسك, سر في الطين تتعلم كيف تحفظ توازنك #مصطفى_محمود …",1
صور مفتي الإخوان المسلمين القرضاوي مع حاخام يهود ومع طغاة العرب #إنصاف_الإخوان,0
اليوم الساعة 5 عصرا اجتماع متطوعي الجيزة بنادي أعضاء هيئة التدريس أمام كوبري الجامعة و مسجد صلاح الدين للاستعلام,2
سنسمو على خلافاتنا السياسية والحزبية وسنعلى فقط المصلحة الوطنية ستنتصر ثورتنا وستكون مصر قوية بإذن الله,3
أعتذر عن كتابة المقال هذا الأسبوع لسفري إيطاليا وسأوافي حضراتكم تفاصيل الجولة في أقرب وقت شكراً جزيلاً,2
السماح لرموز الحزب الوطنى المنحل بالظهور للإعلام محاولة لخلق حالة تدلس على الرأى العام بان هناك رأى ورأى آخر عص,0
عندما يتهم الجهاز المركزى للمحاسبات رسميا وزيرا بالفساد يبقي عليه العوض فى العدل سيبك احلى من الشرف مفيش,0
الضحك قال ياسم ع التكشير أمشير وطوبة وأنا ربيعي بشير مطرح ماباظهر بانتصر ع العدم إنشالله أكون رسماية بالطباشير,2
رؤساء التحرير | #عاجل| انفجار قنبلة بدائية الصنع بمنطقة #الطالبية في شارع #الهرم (المصدر : #الوطن),2
الحملة فى مرحلة جديدة بعد الإعلان الرسمى للدكتور عبد المنعم عن ترشحه نحن الأن فى أمس الحاجه لإقتراحاتكم ورأيكم,2
فى مصر الانقلاب تعلو اصوات العهر والدعارة وتخفض اصوات الحق والعدل والشرفاء تحكمهم بيادة تلاحقهم رصاصة تأويهم سجون,0
اليوم السابع | أبو الفتوح: الوضع فى مصر غامض والثقة مفقودة بين الحكومة والشعب,2
#زمكان - #مصر | بكرة افتتاح المؤتمر الدولى الرابع لشباب الباحثين فى جامعة #اسيوط اسيوط - محمد فوزى,2
) ! #اولاد_ميت_عقبه #الزمالك #حب_الابيض_غير …,3
# #لغز_الحياة #مصطفي_محمود #البرنس,0
"""فريق محافظة القاهرة لحمله دعم ترشح دعبد المنعم أبو الفتوح رئيسا للجمهورية "" 12:00",2
#رؤية_التعليم_العالي_المستقبلية لابد أن تتضمن هدم أسوار #الجامعات لتندمج في المجتمع لتقوم بالمشاركة الحقيقية في تنميته دون فوقية أو حُجُبْ,2
اليوم محاكمة المتهمين في قتل متظاهري #الاتحادية,2
#فك_الله_أسر_مصر خديجه الشاطر وكعادتي ألتقي بأبي الحبيب #خيرت_الشاطر مرة كل بضع شهور أذهب و الهم والأسي يعتصر,2
"المباحث #سبام ""تابعني واتابعك"" زيادة المتابعين الاخبار المحلية #الشعب_يقول_كلمته #جماعة_انصا…",2
وزير الطيران المصري: وقف خط الطيران بين #القاهرة و #أثيوبيا يحتاج إلى قرار سيادي # #مصر,2
اتنين رؤساء اركان كانوا دفاع جوي استثناءيا المشير محمد علي فهمي عينة السادات تقديرا لدورة في حرب 73,2
لما يلعب اليوفي جميع اهتماماتي ومشاغلي يتم تأجيلها #اعتراف,2
الآن: الإعلان الدستوري في آخر كلام مع د حسام عيسى، د حسن نافعة و د جمال زهران على 12053 - 12398 #,2
غيّرت موقفي من حزب #النور بسبب مواقفه المخزية مع الرّئيس #محمد_مرسي ووقوفه مع …,2
الألم محسن كبير لأنه يجردنا من الغرور والدعوى #مي_زيادة,3
كيف تعرفين جنس جنينك بنفسك ?! #مولود #جنين #حامل #سونار,2
مصر رائدة التحولات الكبرى حسمت التحديات التي واجهت كل المنطقة كالغزو المغولي والبريطاني وستضع حداً للتيارالعلما…,3
الإعلان الدستوري اعتداء غير مسبوق على استقلال القضاء وأحكامه,0
ارحل صحيفة التحرير عدد الأحد,2
#فيها_ايه_لو المملكه العربيه السعودية تتبرع للمملكه العربيه السعوديه,2
سقوط مروحتين وضابطين في #أوكرانيا في حملة مكافحة الإرهاب ضد موالي #روسيا #اوكرانيا #بوتين # #,2
#الببلاوى: #السيسى أدى دوره فى 30 يونيو وإذا لم يستكمله سيتحول الأمر إلى نكسة #مصر #الإخوان,2
ثقافتنا في الاعتزاز الزائد بالشهادة الجامعية واحتقار التعليم الفنى والمهنى يجب أن تنتهي وسنعمل على التركيز التعليم,1
وبعدين هو في حد أفشل الرئيس غير كذبه وإخلافه للوعودكثير من اللي بتسميهم ثورة مضادة كانوا بيحترموه وبيتمنوا له النجاح قبل أن يستبد,0
احضن الي بتحبه بكﻻمك قول كلمة حلوة #فجأة :'),2
#جمعية_زمزم تتكفل بولادة 6 توائم #كن_سباقا_لعلاج_المرضى_الفقراء #اخبار,2
الانتخابات القادمة ستكون لحظة مهمة في تاريخنا سيعرف ملايين المصريين من يساند الثورة ومن يتآمر عليها اما رضا عام وأما معركة حاسمة,2
"""الصندوق الأسود"" يكشف تسريبا لـ ""#البرادعي"" و ""العليمي"" ؟؟ #بوابة_القاهرة #مصر #السيسي",2
شاهد - آخر كلام: فيفتي فيفتي ليه يا حكومة، هي تورتة و اللا زتونة؟ #,2
ائمة ودعاة وشيوخ البيادة يتحملون وزر قتل الابرياء فى المظاهرات كالقتلة تماما,0
الصحافة العالمية ومحاكمة مرسي لا روبوبليكا الايطالية: مع بدء محاكمة الرئيس السابق مرسى يطالب بوضع حد للمهزلة,2
القاضى كريم اسماعيل,0
# اليوم د عبد المنعم أبو الفتوح ضيف الاعلامي / محمود سعد في برنامج ( في الميدان) بقناة,2
طالب نجا بمعجزة من أعلى كوبري #أكتوبر #أخبار #مصر,2
"عمرو خالد: حزب ""مصر"" قام لكي ينجح، ولكن ليس عن طريق إفشال الآخرين",2
6 لايك من السعودية و5 ديسلايك اللايك يكسب أيوة كدة يا جدعان السعودية (),2
"#أخبار_مصر #اخبار #مصر |ضبط #منشورات و #مولوتوف بمخزن ملحق بـ ""#الجمعية_الشرعية"" بـ #دير_مواس لمزيد من التفاصيل …",2
#كأس_الاتحاد_الإفريقي : #الأهلي جهز #جدو لمباراة #الجديدي_المغربي,2
هو المتقاعد #حمدي_قنديل هيظهر قبل كل انتخابات يلبسنا في الحيط بس ولا ايه؟ هو افتكرنا نسينا دعمه و مساندته مرسي,0
مشاعر #غناء #مواهب,2
"الأمن يسمح لـ"" #الألتراس"" بحضور نهائى شباب اليد بين #الأهلى والطيران لمزيد من التفاصيل",2
تفعيل الرخصة الرابعة خلال 3 أشهر #مصر #اخبار #,2
انا ذاكرت كل حاجه #كدبه_ابريل,2
#توفيق_عكاشة بيحكي عن هيفا وهبي هههه!دي كلها عمليات تجميل امبارح شفت صورها ع النت قبل التجميل دي تقرف عشان تعرفو احن…,1
#خيرت_الشاطر قال أن من أخطاء #الحرية_والعدالة أنه لم يضم أعضاء #الحزب_الوطنى إليه #…,2
ألم يحين الوقت لعمل فيلم عن العملاق إبراهيم الرفاعي؟,3
الأدمن: اتفرج على #امريكا_بالعربي حلقة 25,2
إذا جرحت إحدي الطيور أثناء طيرانها في سربها تهبط ويهبط معها طائر أو إثنين كن كالطير وساعد غيرك,2
"الليلة,جمال زهران أالعلوم السياسية والقيادي بالتيارالشعبي,الشاعرسيدحجاب عضولجنة الخمسين لكتابة الدستورمع #يوسف_الحسيني في #…",2
في رده على سؤال مش شايف ان النظام السابق نسى وأهمل امحافظة الشرقية ؟ النظام السابق أهمل ونسى مصر كلها في,2
قبل كده وبعدما قفلوا النت في البترول كنا نرسل اللنك لسيرفرات برة وهم الله يجزاهم خير يرسلوا الصفحة، ونستمر على كده #تخيل,0
#عمرو_خالد يساند #محمد_صلاح من داخل المدرجات شوف الفيديو من #جولولى,2
لا تيأس أبداً قم و تحرك و فك القيود ولا تسخط على ما أعطاك الله من نعمً و لكن أحسن التصرف فيها تكن اسعد الناس,2
النوم على طهارة #صورة #طهارة #النوم #نشر_سيرته #,2
#مصر_العربية |فن| حبس سما المصري 4 أيام,2
#اكشن_يا_دوري #النصر_الاهلي النصر سوّى شي ماينتسوّى فاز وتصدر رغم كل الصعوبات لكن موتوا ياجماهير حوّى مع #النصر هيهات هي…,1
هاهاها لما انتقد سياسة أوباما فيه أمريكان محترمين بيردوا وبيعبروا أنهم مش معاه أما الإخوان ومن يدعمهم فهم اللي بيهاجموا كلامي مش مصدق,1
ابتسم في وجه الناس فإنها صدقة,3
ابوالفتوح: سأكمل السباق الى النهاية خدمة لهذا الوطن ولن اتراجع الا اذا شعرت ان الاستمرار يتعارض مع خدمة وطنى,2
"""ارفع كل رايات النصر إحنا شباب بيحرر مصر"" هتاف ""جمعة الخلاص"" تحت الأمطار بدمنهور",2
وشيخ الأزهر يصف السلفيين بأنهم…,2
#الواتس_اب معطل؟,2
تابعوني علي قناة العربية التاسعة مساء بإذن الله,2
"اذا فشلتم في الوصول إلى القمة يوماً ,, فلا تغيروا سلالمكم ولا أقدامكم ,, ولكن غيروا نياتكم فقط !! فعلى نياتكم ترزقون #اسلوب_حياة",2
الدكترو ليس في خصومة مع أحد وقد صرح أكثر في مرة أن الرئيس القادم سيأتى متصالحا مع الدين لان هذا طبيعة المجتمع المصري,2
"الغاء فترة ""القرون"" الوسطى من كتب التاريخ",2
#الإخوان يشعلون النيران بنقطة مرور #الطالبية بـ #الجيزة #مصر #الإرهاب,2
لازم #الزمالك يكسب الشرطة و الاسماعيلى عشان يضمن الصعود اى حاجة غير كده الزمالك مش هيصعد,2
"#حركة_كايدينهم صباحى للوطن: ""السيسى"" ليس مجرماً هو قائد جيش عظيم انحاز لشعبه فكيف أحاكمه؟ ما ترسالك على بر يا حمضين قاتل ولا مقاتل ؟ #هع",2
الرعد الذي لا ماء معه لاينبت العشب ، كذلك العمل الذي لا إخلاص فيه لايثمر الخير!,2
اللى بتهئ نفسها لنزول الشارع كانها نازلة ارض معركة #حط_نفسك_مكان_البنت,2
تقرير بالمر بشأن الاعتداء الإسرائيلي على أسطول,2
2 الله يبارك فيك يابو حميد عقبالك يا مخرج يا جامد,2
مصارعة الديكتاتورية وتجاوزها,2
شاهد- آخر كلام: وقفة مع العسكر سياسياً وأخلاقياً وقانونياً,2
#دعوه_للتفاؤل انى قريب اجيب دعوه الداعى اذا دعانى,2
سفر رئيس الجمهورية ورئيس الوزراء إلى الخارج في هذا التوقيت استهانة بالشعب المصري 25,0
_ استجواب ضباط جيش وشرطة لمتهمين فى قسم شرطة كردي بالدقهلية,2
2 فقط جلسة ودية، موقفي من رفض الحوار مع الرئيس وجماعته وحزبه كما هو وملتزم بموقف الشارع الرافض للحوار بدون ضمانات وهو موقف جبهة الإنقاذ,0
تعقيبا على تشكيل الجمعية التأسيسية للدستور,2
#النصر_الفيصلي كلكم روحوا لحسين وربي يستاهل ترى كل فوز يجي بحماسة,2
"ﻷنك انت كل حياتي مهما بالدنيا يصير ♡ #كلمة_حلوة""",3
""": آخر خبر #قطر: عودة السفراء الى الدوحة هو أمر راجع إلى دولهم تابعونا: "" #سحب_السفراء_من_قطر",2
الماظة:لابد من معايرة العدادات وتوحيد التعريفة لكل القاطنين،التقديرات الجزافية ظلم ولابد أن تتوقف,0
تمرير دستور كارثي تحت التهديد بحرب أهلية كأننا بنمضي عقد أو شهادة زور تحت تهديد السلاح شغل يليق بالعصابات,0
الى كل صحفي صمتك مؤسف امام قتل زميل واعتقال اخر واهانة ثالث ومنع رابع من الكتابة دورك قادم,0
"#التحرير | بالصور جورج كلوني ""أشهر عزاب هوليوود"" يخطب بريطانية من أصل لبناني خطب الممثل جورج كلوني للصور",2
كلامي محدد، فيه اي اشارة للتحريض على العنف؟,2
#المولد_النبوي غار حراء من الداخل من الأثار القليلة المتبقية لرسول البشرية ص,2
عار عار عار عار عار عار مانحن فيه عار الدماء أنهار والشهداء بالعشرات الرصاص فى الرأس والرقبة والصدر,0
"? # #"" وجودكم يا شباب وغيرتكم علي بلدكم علي اختلاف افكاركم يملؤني بالتفاؤل",3
إذا قلت لا لهذا الدستور فلن يكون من موضع الرفض او القبول لنصوصه وإنما الإزدراء له ولروحه التى يحملها,2
مين هيجيب لبدور حقها؟,2
"إنشاء قناة ""تركيا مباشر مصر"" بدعم ""أردوغان""",2
هل نحن حيوانات ؟؟؟ عند آل خليفة؟؟؟ # #14 #مصر #الكويت #تونس #عمان #اليمن #العراق #لبنان #سوريا #قطر #المغرب …,2
كانت شروطنا،ان ننتج البرنامج بصورة مستقلة في مسرح مستقل و مكتب اعداد مستقل عن اي مبنى اواستديو او ملحق لاي قناةو ان لا يتم التدخل في ٢,2
ورشة عمل لتسليط الضوء على مبادرات التنمية العمرانية، أخر موعد للتقديم 10مايو #مصر #الجيزة …,2
#الكورة_للجماهير !,2
2011 احترامي ليك دعبدالمنعم من عضو في حملة دالبرادعي,2
جميع مباريات ونتائج #الأهلى #مصر في #دوري_أبطال_أفريقيا من البداية وحتى 2016,2
بحسب الجهاز المركزي للتعبئة والإحصاء: أكثر من 63% من الشعب المصري تحت سن 30، وأكثر من 75% تحت سن 40 (المصدر: ),2
انتظرونا الليلة و بث مباشر تفاعلي (في الثامنة مساء بتوقيت القاهرة، التاسعة بتوقيت مكة)، مع الحلقة الثانية من,2
"""_8: #تعطل_الواتساب #توقف_الواتساب #الواتساب_معلق تأملو هكذا """,2
#الحقيقة_مباشر_مصر|#انقلاب_3يوليو #عاجل| قوات أمن الانقلاب تعاود مهاجمة قرية الميمون في #بني_سويف بالخرطوش,2
مذاق قهوة وانا صاحي على صوت ناس بتصوت بسببك انت ومسلسل ابواب الخوف,2
الف مبروك للاخوان ،مبارك فضل يخوفنا بفزاعة الاسلاميين تلاتين سنة و ماخفناش، انتم و حلفاؤكم قمتم بالواجب غباء,1
انا بكره الصبح مسافر ،مدايق وفرحان واحد يقولى الاتنين اقوله اه #افكار_ع_المخده,1
احببت فيك هذا الضني الناطق المعبر انها الانسانية كلها في قلب رجل #مصطفي_محمود #ضي,3
حكومة #مصر توافق على ترخيص 50 قناة تنصيرية بينما تغلق 20 قناة إسلامية! التنصير أحسن من الإخوان! …,0
""" حسن روحانى كسرى الفرس الجديد"" مقال #يوسف_الحسيني في بوابة الصباح",2
ارتفاع عدد ضحايا حادث #الفيوم إلى 10 قتلى و14 مصابًا #أخبار #مصر,2
من الأمور الهامة لتنمية #الحب بين الزوجين التفاعل مع أزمات شريك #الحياة فلذلك أثر كبير في بناء المودة بين الزوجين وجعلهما أكثر قربًا ومحبة,3
الوصف الحقيقي للميدان هو / جماعة الإخوان المسلمين تحشد أنصارها للضغط على اللجنة المشرفة عل الإنتخابات الرئاسية لدع,0
حلقة الليلة الجزء الاول: عفاريت الاسفلت,2
السذج صدقوا هجوم الاعلام على باسم يوسف اذكرهم بهجوم عماد اديب ولميس وخيرى وتهديدهم بمقاضاته بعد اول حلقة المرة,0
#حركة_كايدينهم #مصر #قول_كلمه_للسيسي_وخد_فولو_هديه ياسيسى يا زعيييييييم #سأنتخب_السيسي #احنا_شباب_هنصوت_للسيسى,3
حملة امنية لكلاب #الداخلية مكونة من ﻣﺪﺭﻋﺘﻴﻴﻦ ﺟﻴﺶ 3 ﺑﻮﻛسات شرطة ﻋﻨﺪ ﻛﻠﻴﺔ هندسة المطرية #عين_شمس #بلغ #ريتويت,2
أتمنى إن لايعتمد مرسي على تقارير الأجهزة أو الجماعة التي تنصح بالمزيد من الإجراءات الإستثنائية لإنها مانفعتش اللي قبلهبادر يامرسي وكن قدوة,2
حدث فى جمهورية العبث,2
مبارك كان بيحكم من شرم الشيخ والسيسي حيحكم من شارع خمسه باب #انتخبوا_العرص,0
أرى أن النظام المختلط بين النظام البرلماني والنظام الرئاسي هو الانسب لنا هذه الفترة التى تتوزع فيه السلطة,3
أقنعونا أن كذبة إبريل أول يوم من الشهر وإكتشفنا إنها يوم 25 إبريل #عيد_تحرير_سيناء,2
"الدكتور عبد المنعم أبو الفتوح فى حلقة خاصة عن تطورات الاحداث فى مصر,بعد قليل على قناة الحياة2",2
فش الغل سيؤدي للقتل في النهاية لو انت يا ليبرالي يا بتاع الحريات مانبهتش لكده يبقى على بوصلتنا الاخلاقية السلام,0
الوطن | لماذا أعترض على الحكومة الائتلافية الموسعة؟ | عمرو حمزاوي:,2
"#خريجات_جامعيات_قديمات_عاطلات #رتويت #دعم #ظلم #قهر """,2
وأكبر جريمة ختم بها #المجلس_العسكري فترة حكمه للبلد إنه سلمها لـ #الاخوان وهذه هي الكارثة,2
إنهاء كامل للطوارئ دون استثناء,2
الدولة البوليسية لن تعود,1
"وأرجو من الميرازى أللا يعالج خطأ مهنى وقع فيه بخطأ آخر أخلاقى لا يليق به ولا بتاريخه الناجح, وأرجوه الإجابة على السؤال الأتى: يتبع",2
المتحدث باسم #بوتين:الهجوم في شرق #أوكرانيا يوجه الضربة القاضية لاتفاق #جنيف #روسيا #الخليج # #العرب # #السعودية,2
ينبغي أن يرى جميع التونسيين أنفسهم في الدستور وليس الإسلاميون فقط,2
3 غنذك حق,2
نفسي ارجع لأيام كانت الحاجه الوحيده اللي مش تخليني اعرف انام لما يبقي عندي رحله في المدرسه تاني يوم #ذكريات_مدرسية,3
يوم جديد للعوده للشارع #مسيرة_الاتحادية التجمع عند سنترال القبه الساعة ٥ #انزل #شارك #احشد,2
#أوقفوا_الفحم ياحكومة بقر يا شوية غجر,0
"#القاهرة حملة أمنية إستهدفت البؤر الإجرامية بدوائر أقسام شرطة "" #مصر_القديمة ، #المعادى ، #دار_السلام"") كمية من",2
شهيد #مجزرة_حلوان أحمد كابو ( رحمه الله ) #حلوان_رفضت_تتهان #مصر_الليلة,2
اللجنة التأسيسية باطلة والاعلان الدستوري باطل والدستور نفسه باطل والاستفتاء سيكون باطلا أقسمتم على طاعة المرشد ونحن أقسمنا على حماية الثورة,0
المصريين الأحرار لم يقدم ترشيحات للببلاوى لاختيارها بالحكومة ويرفض المحاصصة الحزبية ويؤكد على ضرورة اختيار حكومة تكنوقراط محايدة من الكفاءات,2
"إلصاق سوء السمعة بـ""مدنية""هو الدافع ورا استبدالها بـ""شو",2
#هلا_فبراير #محمد_عبده #تصميم # ولو غيرت وجهي مسافات السنين,2
#مصر تحظر #نشاط #حركة #6 #أبريل ابرز حركة #معارضة خلال #الثورة ضد #نظام #مبارك,2
_ و #مبارك لسة بيتصور بالترينيج سوت,2
كواليس عظمة على عظمة#يوسف و#كارمن تيلملب هالضحكة دخييييلوووو,2
"""أمين شرطة يتحرش يراكبة اجنبية بالمطار وزملاؤه يعتصمون اعتراضا على نقله ""| #مرار_طافح …",0
حب البلد بيعيش لما يموت الجوع #حمزة_نمرة مهما كلت وشبعت برضو مش بحبها,0
شاهد - آخر كلام: إلى أي اتجاه يسير قطار مصر #,2
حمدين فرصته ضعيفة أبو الفتوح أقوى و بعدين #فسسسسس,0
#الشبراوية_مع_الشرعية|#حاميها_حراميها الآن من مسيرة #شبرا_الخيمة بالجزيرة مباشر مصر #العز_بن_عبدالسلام,0
"أياكس يسعى لخطف الموهبة المغربية الأصل ""مستور ""من معقل ميلان #ميلان #اياكس",0
حركة تمرد طالبت بإنتخابات رئاسية مبكرة ولا بد من استغلال فرصة الحشد الثوري ضد الإخوان لإيصال مرشح ثوري مثل البرادعي إلى الرئاسة,1
توضيح عن المحكمة الدستورية الألمانية وقانون الانتخاب والبوندستاج (مجلس النواب المنتخب بصورة مباشرة ويشكل مع مجلس الولايات السلطة التشريعية),2
"الحب في مجتمعنا #مصطفى_محمود #الأحلام _ """,2
د أبو الفتوح : هناك محاولات للالتفاف على الثورة وافراغها من مضمونها د عبد المنعم أبو الفتوح في الساحة الرضوانية بالاقصر,2
فى ضوء تضارب الأنباء أين بيان المجلس العسكرى عن حقيقة ومسؤلية ما حدث ويحدث فى سيناء وعلى حدودنا والإجراءات الجارى إتخاذها لمواجهة الموقف ؟,2
تغطية لندوة دكتور عبد المنعم ابو الفتوح فى كلية طب - جامعة الإسكندرية اليوم,2
#مجلس_الوزراء ينفي إتخاذ أي قرار بزيادة أسعار السلع #البنزين #نصف_الدنيا :,2
#جبهة_النصرة قصة جميلة جدا؟؟!! لعمر بن عبدالعزيز الزااهد العادل؟؟!! 1989 #عمر_بن_عبدالعزيز,2
آخر خبر #أوباما وميركل يهددان بعقوبات إضافية ضد #روسيا إذا لم تساعد باستقرار #أوكرانيا #اوكرانيا #بوتين,2
حصل على الحدود بين العراق وسورية قتل على الهاوية #يوسف_الحسيني #السادة_الم…,2
سعد نبيهة,2
إشتراك نادي الصيد بقى ب 250 ألف و كاش #معلومات_لا_تهمني #بيقولك_أعرف_بلدك,2
ما ان تكتب حملة تمرد حتى تنهمر عليك شتائم الاخوان أعصابهم متعبة من تدفق التوقيعات لسحب الثقة من مرسي سوف تهزمكم الثورة التى خنتموها,1
توجه شباب #الاولتراس_حلوان الان الى #طلعت_حرب والاعداد مشاء الله نسئلكم الدعاء لهم المجهولون الان وعدد كبير من,2
جرجس - أحد المكفوفين وحاصل على 6 مادليات في كرة الجرس - : لماذا يتم اهمال الجانب الرياضي في التعامل مع ذوى,2
يا مرسي يا عظيم تسريب سيسي كشف أنه كان عملاقا وليس طرطورا ويكفينا أنه تصدى للقوات المسلحة حتى انقلبوا عليه,3
ساعات عينك بتجبرك انها تيجي قدام عيون ناس تانيه متعرفهاش وقتها كل واحد بيسحب عينه و بيمد و يجري عشان يداريها #احساس_غريب,1
أعجبني فيديو من #توفيق_عكاشة يتوعد بهجوم الجيش,2
"""_: #معرض_الكتاب كتاب : المشوق إلى القراءة وطلب العلم لـ الشيخ _ """,3
هو ما ينفعش حد ييجي ويمشي عدل أبداً ده إيه القرف ده,0
عاجل : باسم يوسف يتعاقد على برنامج طبخ ماحدش بياكلها بالساهل,2
تم سرقة الصفحة الرسمية الخاصة بي على الفيس بوك : وجاري إنشاء صفحة جديدة,2
ألف سلامة عليك يا ترجعلنا بالسلامة شفاك الله وعافاك,2
لم يتم الاتفاق على مناظرة تشمل مرشحين آخرين و إن كنا جميعاً نتمنى ذلك,2
أقدّر مداخلة اللواء عتمان على المستوى الشخصي لكن أسئلة كثيرة على المستوى الموضوعي لاتزال في حاجة إلى إجابات,2
الشبكة زفت #فودافون #اتصالات #موبينيل,0
اليوم السابع | #الببلاوى ووزير الأوقاف ومستشار المشيخة يصلون #الكاتدرائية للتهنئة #أخبار #مصر #اليوم_السابع #,3
"جملة اعتراضية بقلم د علاء الأسواني بعنوان ""متى يحترمنا الغرب ؟!"" ينشر صباح غد الثلاثاء بجريدة المصري اليوم …",2
د أبو الفتوح : مشروعي يتركز في أربعة محاور، أولها الاهتمام بالتعليم والبحث العلمي لان هذا هو الباب للتقدم ونقل,0
#زمكان - #مصر | #حمدي_قنديل بيقول إن أفكار وتوجهات #السيسي محطوطة فى صندوق أسود وإنه لازم يكون أكثر صراحة,2
لاجديد ! فجمهور #شبكة_المجد يملكون من الوفاء والولاء ما تعجز عنه حروف الشكر والثناء مبادرة #بادرة_مجداوية لا نملك نحوها …,3
العِبرة مش باللي أنتخب #شفيق في الأعادة، العِبرة باللي أنتخبه في المرتين #تست_التحضر #شفيق #مصر _,2
الخبر المتداول على بعض المواقع الصحفية والإخبارية والذي يزعم حصولي على تمويل أجنبي عار من الصحة تماما، ينبغي إيقاف حملة الإفك والتشويه فورا,0
#حضرت_عرض_باسم و فيه نكتتين على مرسي متعرضوش,2
"عيون الفيوم | #عاجل #الفيوم حادث مروع علي طريق""بني سويف_الفيوم"" يؤدي الي اصابه 10 أشخاص حتي الان و 35 حاله اصابه",2
دعلاء الأسواني: ما هو المنطق الذى يعطى الشعب الحق في سحب الثقة من أى رئيس منتخب ؟! >>,2
"تنعقد بعد قليل ندوة توقيع روايته ""نادي السيارات"" لــ دعلاء الأسوانى بمكتبة ديوان الاسكندرية التفاصيل",2
يعتدون على خالد داود صائحين يا بتاع جبهة الإنقاذ يا كافر،فليصمت زياد بهاء الدين و رفاقه عن حديث المصالحة و الا سنرد عليهم بحديث الأصابع #مصر,0
على الاخوان انهم يعرفوا ان الشعب بعد شويه هو اللى هيتعامل معهم بالتى هى لو استمروا فى نهجهم الإرهابي و المتطرف,0
"رفض الدستور الباطل سيستمر بالاحتشاد في الميادين والتصويت بلا في الاستفتاء والمقاطعة، الدستور باطل واستفتاء ""المرحلتين"" تغيب عنه شروط النزاهة",0
"#ولاد_البلد #المنصورة ""جنايات القاهرة"" تبدأ جلسة محاكمة #مبارك وتستمع لدفاع أحمد رمزي",2
#30 يا أخي أي منصب؟ رفضت المناصب اللي عرضت عليا وقولت اني بقوم بدوري ومش محتاج مناصب، أرحمونا يرحمكم الله، اختلفوا بنزاهة,1
نقابة المعلمين المستقلة تشارك في مظاهرات الغد لرفضها الإعلان الدستوري,2
#تفه_واحده_مش_كفايه لمجتمع متحرش !!,0
#مصر #خالد_علي : السلطة تمارس إجراما سياسيا ضد الفقراء,2
ماذا رأيتم من الانجغة حتي تكرهوها !!!,2
توقيع اتفاقية عسكرية بين مانيلا وواشنطن تتيح تعزيز الوجود العسكري الأميركي في #الفيليبين #أمريكا #أو…,2
""": مقتل سعيد فضة أكبر مورد بلطجية فى #شبرا_الخيمة وعميل أمن الدولة """,2
ﻻ يوجد فلسطيني واحد هنا يفكر في دخول سيناء أصلا يا وﻻد ال,2
شبكة الـ سي إن إن تكشف عن نوايا التصويت داخل الكونجرس الأمريكي …,2
٥ قلت للصحفية أيضا إنني لست على إتصال لا بتحالف دعم الشرعية ولا بآخرين في سياسة مصر المريضة، وإنني أركز حاليا على الجامعة والكتابة الصحفية,2
وكيف تكتمل صباحاتي بدونك ،بغيابك أنت تحكم عليها بالتّعليق المؤقت #صباحي لك,2
#واحد_فاضي #الهلال #السعودية #النصر #النصر_الهلال #غرد_بصوره #الرياض #زيادة_المتابعين #رتويت #هاشتاق_خاص [259150],2
#بيت_لحم|وفاة الطفلة أسينات محمد سمودي من سكان بلدة اليامون غرب مدينة #جنين بعد تعرضها للدهس صباح اليوم,2
دقائق معدودة بأجر غير محسوب سبحان الله وبحمده سبحان الله العظيم,2
#ولاد_البلد #المنصورة #مصراوي تجمهر أهالي القتيل أمام مستشفى #طلخا المركزي، ومديرية الأمن تدفع بتشكيلات أمن,2
سبحانك يالله وفي ساعة المطر تستجيب لدعواتنا،،، #عادل,3
مبروك يا #زمالك,2
شروط الجواز فى الانقلاب شاب عنده انبوبة بوتاجاز مليانة,2
المدرس عبد الغفار محمد ابلغ الشرطة عن طالبة تكتب على الحائط يسقط حكم العسكر فقبضوا عليها رجالة اخر زمن,0
أكن لكم كل احترام و لكني أحتاج إلى التفكير في أمور كثيرة قبل إصدار البيان غداً إن شاء الله,2
_88 هو نسفها لكن شوف وضع روما وفيورنتينا حاليا وشوف ﻻعبينهم ﻻعبينهم ملوك مقارنة مع ﻻعبين #ميﻻن,2
#حاول متبقاش متكبر :),2
بطاقة دعوة #زواج حلوه لـ #الواتس_اب من تصميمنا رتويت ي حبايبي :$,3
"#موقف_نفسي_اعيشه_مع_جوزي ادخل عليه بيكلم ابننا عني و اسمعه بيقوله امك احلى حاجة في حياتي""",2
"طلبت العمل في ""#ماسبيرو"" بدون أجر ولم أتلق ردا التفاصيل على الرابط || …",2
أنا راجع من الساحل وسأسعى للحضورًباذن الله الف مبروك,0
#السكة_شمال و #الارسال مش شغال,2
"""إنتهى الدرس يا غبي"" و""العيال كبرت"" عنوانين هامة للمرحلة",2
_ #عايش معاك ايام مفيش فى جمالها زى #الملاك دى اقل كلمه بقولها #بحبك #عمرو #دياب —,3
شبح اضطرابات عشية التصديق على عشرات الإعدامات | الأخبار #مصر #القاهرة #محمد…,3
#يارب انصر أهل #سورية !,2
نتهلل فرحا بتفوق طرقنا ع #أمريكا و #اليابان ونسينا أن سكان هاتين الدولتين لا يحتاجون غالبا للسفر بالسيارة أصلا فعلى ماذا تفوقنا؟,2
أرجو قراءة النوت دي بخصوص ما يحدث الآن في التحرير:,2
ﺗﺨﻴﻠﺖ؟؟ﺇﺣﺴﺎﺳﻚ ﺇﻳﻪ ﺑﻘﻲ!!ﺧﻠﻴﻚ ﺭﺍﺟﻞ ﻭﻗﺪﺭ ﻣﻌﺎﻧﺎﺓ ﺍﻟﺒﻨﺖ ﻓﻰ ﻣﺠﺘﻤﻌﻨﺎ ﺩﺍﻓﻊ ﻋﻨﻬﺎ ﻭ ﺣﺎﻭﻝ ﺗﺨﻔﻒ ﻣﻦ ﻋﻠﻴﻬﺎ ﻣﺘﺒﻘﺎﺵ ﻋﺎﻫﺔ ﻣﻦ ﺿﻤﻦﺍﻟﻌﺎﻫﺎﺕ ﺍﻟﻠﻰ ﺑﺘﻮﺍﺟﻬﻬﺎ #ﺍﺳﺘﺮﺟﻞ,1
مصر تقدم للعالم كل جديد أول دولة فى العالم تصنع الارهاب لتحاربه ولا مانع من اشعال فتنة طائفية لأهداف سياسية,2
3 اولا عمري ماكنت محايد انا واحد ليا رأيي ثانيا احنا بنتكلم في احداث تاريخية ايه العلاقة,2
اطالب الرئيس مرسي ان يحل ضيفا علي احد القنوات الفضائية التي استضافته اثناء حملته الانتخابية ليرد على اسئلة الشعب ن,2
ما الذي حدث في الإتحادية؟ سرد كامل بالفيديو و الأدلة,2
التعديلات تشمل تغيير مواد دستور 2012 عدداً ومضموناً / خارطة الطريق ومستقبل مصر # #,2
سي بي سي:السفير حسام القاويش المتحدث باسم #مجلس_الوزراء:المهندس #إبراهيم_محلب أكد حرصه على الإطلاع على شكاوى حملة #صباحي بنفسه #,2
تعليقاً على المؤتمر الصحفى الذى يعقده الآن أحمد شفيق المرشح الرئاسى بحضور وسائل الإعلام الدعاية لنفسه ونقلته قناة الحياة على الهواء مباشرة 1,2
تبدأ الان الجولة الميدانية للدكتور عبد المنعم ابو الفتوح بسوق الخضار بالحي العاشر - مدينة نصر,2
مجلس الشعب يتجاهل مشاريع قوانين نقل السلطة المقدمة من حمزاوى,2
بعد الضبطية القضائية فى الجامعات الغاء ميزانية اتحاد الطلبة بكرة تشوفو مصر,2
شاهد - آخر كلام: الماء الذي يُحيي في مصر يُميت #,2
أهم مواضيع تحدث في مصر الأن #الاخوان #المنيا #الشرطة #السيسي #الانتخابات,2
يجب أن نركز على العمل بدلا من الكلام والشعارات د عبد المنعم أبو الفتوح أثناء لقائه بمجموعة من شباب الوطن,2
افضل لاعبي الدوري الانجليزي في سنة : ٢٠٠٩ #رونالدو في الصيف الذي يليه انتقل الى الريال ٢٠١٣ #بيل في الصيف الذي,0
#موت_بغيظك_السيسي_رئيسك يعني هل يعقل ان ينتخب الشعب المصري رئيس يقول عن جيشه العظيم و شهدائه #عسكر !!,1
"يقوم د/ ابو الفتوح التواصل مع مختلف التيارات وطبقات المجتمع دون اقصاء لاحد , حتى وان اختلف معهم في بعض الافكار والممارسات",2
البوابة نيوز: #حمدي_قنديل: عبد الناصر مسئول تاريخيًّا عن نكسة 67: #,2
85% من قرى مصر تخلو من الصرف الصحي وتحتاج لـ 80 مليار جنيه لاستكمالها,2
تم إلغاء إجتماع الأسر بمصر الجديدة،يعتذر د/عمرو عن عدم الحضور نظرا للظروف الراهنة وتواجدة في المجلس القومي لحقوق الإنسان لوقف العنف بالتحرير,2
مصر عمرها ما كانت هيبة في عهد مبارك ده كلام رخيص مصر كانت هيبة في ال18 يوم هيبة بجد والعالم كله وقف يتعلم وده كان الشعب,1
لأن أتصنع السعادة أحب إلي من أن أتصنع الحزن #السعادة #حقيقة #بوح #الحزن #التصنع #وعي,2
محاكمة المدنيين عسكرياً مش مسألة حريات ده شيء يخص العدالة والحقوق العدالة بيتقال عليها حريات؟,1
انت عاشر واحد يبعتلي الفيدويو ده و اتحداك لو سمعته،انت بنيت استنتاجك ع العنوان صح؟ انا سمعتهايوه في دعوة للتكاتف ضد الاخوان لكن,2
88 أعترض على الطريقة والمضمون والتوقيت لا يجوز إصدار مبادئ دستورية ملزمة بدون استفتاء الشعب أصلاً,0
شاهدوا الحلقة ٢٢ من برنامج عمر - صانع حضارة - العدل,2
ضد الانقلاب: اعتداءات وحشية على المتظاهرين المتجهين للتحرير مع الانقلاب: الله يرحم العصير والجوايز للمتظاهرين فى التحرير,0
#شكرا لكم على دعمكم المستمر لنا في #تويتر #الفيس_بوك #جوجل_بلس ونحتاج المزيد منكم لنستمر ب #ريتويت #شير #لايك لإعلانات وصفحات #وظائف_للجميع,2
مضاجعة الوداع,2
هاش #احلم_بدولة يورد الالاف الاماني من عقول الحالمين ولأبناء الحالمة نصيب ، احلامنا كتبت فهل من مستجيب #بكفي_حصار #اضبطوا_شركاء_المخلوع #مصر,1
لم أتحدث مع ال خلال الأيام الماضية على الإطلاق والخبر المتداول على بعض المواقع والمنسوب إلي بشأن تطورات الأحداث في مصر كاذب ومفبرك,0
سلامة الإحراءات أمر مهم و الأهم سلامة مبدأ الحرية المسؤولة متضامن مع قنوات دريم و كل صوت حر مسؤول إلى أن يثبت العكس,2
ترجمة غلاف وكاريكاتير سبورت ليوم 2014/4/28 #برشلونة,2
#محمود_الجندي يبكي حينما تحدث عن ذكراه مع #عمار_الشريعي #,2
_ صحيح ولهذا كتبت في تغريدة تالية:,2
الحسن قبلك مايصير وبعدك محد قد صادفه ️#عبدالمجيد,2
لو مهما قالوا الضحكه مش مفرقاك #كايروكي,2
محمود سعد الذى أساء لقطر فى زمن مرسي يعترض على قول ضيفه(بنشحت من الى يسوى والى ميسواش) لان من يساعد مصر يستحق,2
د أبو الفتوح : يجب أن يعلم ويدرك كل من يتقدم لخدمة هذا الوطن من خلال وظيفة الرئاسة أو أى منصب أخر أن واجبه أن,2
مدير بنك الائتمان والتنمية الزراعية :ماتم تسلمه من الفلاحين حتى من #القمح حتى الآن 30 ألف طن ومقارنة بنفس الفترة من العام الماضي 10 أضعاف,2
"القرار المقترح في الأمم المتحدة ""غير مقبول"" #السادة_المحترمون",2
الوطن | يقول الناس وأقول لهم! | عمرو حمزاوي:,2
#عاجلمقتل واصابة اكثر من 20 شخصاً بـ #تفجير سيطرة في #بابل,2
حزن عظيم مسني بالأمس وأنا أشعر بمواطنينا الأقباط يشكرون كل من حضر للكنائس لتهنئتهم بأعياد القيامة وكأنه قام بعمل استثنائي أو غير اعتيادي,0
"#أردوغان يظهر ومن خلفه شعار #رابعه من الآية الكريمة ""إنما المؤمنون إخوة""",2
الجرح ارحم #اناشيد #ماهر مشعل,2
انتهاك حرمة المسجد الأقصي علي يد الصهاينة جريمة لن يغفرها التاريخ لكل الصامتين و السؤال عن الدور المصري أصبح مطروحا بقوة,0
ملاحظة غريبة عندما نطالب بشفافية التمويل فان انصار مرشحين محددين يثورون ويكيلون الشتائم يكاد المريب ان يقول خذوني,0
#التحرير | المهن الموسيقية تقرر سحب تصريح الغناء من #سما_المصري,2
ما رأيكم بآداء نجمة #ستار_اكاديمي ماريتا أبي نادر على مسرح #اجمل_سنين_عمرنا #3,2
دجابر جاد نصار استاذ القانون الدستوري جامعة القاهرة ضيف #يوسف_الحسيني في #السادة_المحترمون …,2
معلش بقى لا #النور ولا #الاخوان ولا الكلام الفاضى دا كله، لو هنقول يا مواقف يبقى الحمد لله على نعمة #حازمون و الشيخ #حازم_ص…,1
الشريف حسين أمير المغفلين #الحجاز #سقوط_الخلافة #الخلافة_العثمانية #مصر #مكة,2
"# #هام بالـ #فيديو اعترافات المهندس رياض عيد المُنشقّ عن تنظيم ""#الدولة"" # #",2
وقف خط الطيران بين #القاهرة و #أثيوبيا يحتاج إلى قرار سيادي,2
د أبو الفتوح : كان هناك سعى من النظام السابق لزرع الخوف بين المسلمين والمسيحين د عبد المنعم أثناء زيارته لكنيسة السيدة العذراء بالأقصر,2
"دورى شركات وفصلوا اللعبة عن الجماهير اكتر فرق بستفاد من ان مافيش جماهير هى فرق الشركات , #الكورة_للجماهير",2
انغام وزيره البهجه على رأى #بلال_فضل,3
في ناس غاويا كدب وكمان بتخاف فيديو متفبرك تماما مندوبتنا في ليسيه الحرية مادخلتش اللجنة أصلا بس حركات مفضوحة,0
التوحد و ثورة جديدة,2
#فيلم_نفسك_تعيش_قصته #___,0
سينزل المصريون يوم الجمعة حتى يثبتوا للعالم انهم خلعوا الاخوان بإرادة شعبية حقيقية وحتى يفوضوا الجيش في حمايتهم من الإرهاب في حدود القانون,2
أنا آسف نسيت وعدي بإني أنزل شوية حاجات من المعصرة بتاعة اللي فاتهاعمل كده كمان شويةموضوع الإستزراع الزراعي عمل لي إستغراب إستغرابي,2
3 الجزيرة ولا حاجة جنب قناته الشملولة اون تى فى الى بتتوقع الكوارث قبل حدوثها وتسبق لموقع الحدث,0
#مصر_الليلة فياض: الانقلابيون فعلوا ما لم يفعله كفار قريش عبر,0
يسري فودة بيقود الدولة الغويطة #جمعية_اللي_فوق10000_فولورز,2
- وبإذن الله الليله نغني جابها الصصصعباوي #النصر_الهلال 😍,2
دورنا الان ان نعمل على انهاء حالة الإستقطاب الحالية و حزب الوسط يلعب دور,2
#يومك_نت | #رصد | #محمود_سعد ينتقد المرشحين للرئاسةويقول : الشعب يحب الرقاصات أكد الإعلامي,2
الوقت من دونگ تباطئ ثوانيہ گن الدقايق ماتداني #بعضها ♡ #م,2
بسمة أمل - حتى يزداد حبك لشريك حياتك,2
الغاء المكمل والتغييرات في قيادات الجيش قرارات تستجيب لقاعدة مستقرة في الدولة المدنية وهي خضوع المؤسسة العسكرية لإشراف المدنيين المنتخبين,1
درس التاريخ أن الإعتداء على مصر يبدأ دائما بضرب سوريا الإعتداء على الشعب السورى همجية وبربرية لا يجب أن تسمح بها مصر,0
_1 حصل بس سيادتك مش متابع,2
"_ ياباشمهندس "" #دومة "" ايه الصايع ده الذى تطالب رئيس الجمهورية بالاعفاء عنه هل فى الدول المتقدمة يقدر أحد يتحدى القانون #",0
#حركة_كايدينهم الإصابة تُبعد آزارينكا عن بطولتي مدريد وروما: لن تشارك المصنفة الرابعة على العالم ف #بلدنا,2
كل المجد و العرفان لكل الذين قدموا أرواحهم فداء لحرية #مصر و ثورة شعبها #ماسبيرو كفاح لا ينسى و مجرم لن يترك,2
قامت الدولة الحديثة بالأساس على فكرة الفصل والتوازن بين السلطات من خلال التزام الجميع بالقانون العادل المكتوب دون تمييز,2
"جريدة ""نيورك تايمز"" تصف دعبد المنعم أبو الفتوح باردوغان مصـــر",2
_ منطق فاشل وكاذب دول متصورين بالأسلحة وفيه ضحايا سقطوا من الشرطة في الإعتصامين مش هتعرفوا تغيروا التاريخ,0
ورغم انى جـدع وتقيل و عمري ما أقولهـآ بالساهل انا نفسي اقولها لك ف اول مره نتقـابل #محمد_محسن,2
علاء الأسواني يكتب: الصكوك الإسلامية واحدة من كوارث كتيرة عملها حكم الإخوان فى 6 شهور >>,0
عبد الحكيم جمال عبد الناصر يفكر في الترشح للرئاسة منتصف الليل بتوقيت القاهرة في آخر كلام #,2
يواجه الأهلي طلائع الجيش ضمن مباريات الجولة الـ29 لمسابقة الدوري الممتاز,2
تابعوني علي قناة النهار مع محمود سعد 915مساء,2
لكل محبي #اوسكار تابعوني ووعد مني راح اتابعكم,2
لو دفعت اسرائيل مليارات الدولارات ليكره المصريون 6 اكتوبر ما تمكنوا من تحقيق ما حققه سيسي,2
ﻻمعقول #مكملين #خليك_مصدق,2
لما #عدلى_منصور يصدر قانون لحماية وتشجيع #الاستثمار ويجى واحد #جاهل من #الثوار يقول أن #عدلى_منصور بيهدر المال العام يبقى احنا فى زمن #المسخ,0
أحمد مطر #رابعة #رابعة_العدوية #مجزرة_رابعة #مجزرة_السيسي #مصر,0
6 إبريل عاجل : الاعتداء بالضرب علي الزميلة داليا رضوان من #6ابريل #الاسكندرية في كمين للشرطة بسبب اكتشاف دبوس,2
"""_4: #هلا_فبراير #اليسا على روتانا مصريه :) الواحد كان مخنوق و فرفش"" :-* ;-)",3
د علاء الأسواني : من هم مرشحو الرئاسة الذين تلقوا أموالاً من الخارج ؟! أقرأ المقال كاملاً >>,2
و لا عاش ولا كان اللي يزعلك يا فوزي,0
الاشارات البذيئة من يد واصابع علاء الاسوانى لمعارضيه فى فرنسا تكشف المعدن الحقيقي لليبرالية عند الانقلابيين,0
#جمال #خيال #حقيقه #جميل #درر #حكم #أعجبني #حكمه #بقلمي #شوق #بوح #شعر #قصيد #رتويت خمس الاف متابع بـ 200 ريال 734,2
وختاما سيكتشف شباب الإخوان قريبا أن دماءهم تستخدم كأوراق تفاوض لضمان مكاسب الجماعة المالية واستمرار بقاء قياداتها على كراسيهم الملطخة بالدم,1
80 #3 تم بالفعل تقديم طلب إحاطة بهذا الشأن وسنتابعه بالغد شكرا,2
"ثم يصل الاستعلاء إلى مداه بإنهاء الحوار و""الكلام معكم ما فيش منه فايدة"" هكذا ينظر أحد أطراف حرس الاخوان الحديدي للديمقراطية وللحوار",0
ما أشبه اليوم بالبارحة,2
مش قادر افهم ازاى عبيد #باسم_طلع_حرامى كانوا بيقولوا على الاخوان خرفان والله مفرقتوا عنهم,0
يوسف الحسيني يشكر قناة الجزيرة عبر,2
من كتاب دعوة للتعايش للدكتور عمرو خالد :انظر لقول الله تبارك وتعالى {وَمِنْ آيَاتِهِ خَلْقُ السَّمَاوَاتِ,2
المرأه ب النسبه لي ك البحر تغرق فيها لكي تفهما #اليوم_العالمي_للمرأة,1
توضيح: الدعوة للقاء ماكين التي رفضتها كانت من السفارة الأمريكية وليس من الغرفة الأمريكية بالقاهرة رفضت دعوة السفارة ولم أتلقى دعوة من الغرفة,2
#مصر مش تكية !!! يا #هاشتاج يا #إبن_المثالية,0
شاركنا في دعم الحملة لقاء المتطوعين الجدد فى الحملة: تعلن لجنة الموارد البشرية وإدارة المتطوعين بحملة أبو,2
"بعد مصادرة فيلم حلاوة روح, منع #سما_المصري من الغناء! متى يرفع مسئولوا هذه الدولة الوصاية على هذا الشعب؟ #لا_للسلطوية",0
الحد الأدنى والحد الأقصى #فسسسسسس,0
إعلان برنامجنا الجديد #برنامج_كفو 💪 بدأ يُعرض على #قناة_مجد ️ من اللي شاف الإعلان منكم ؟! 😍,2
لو خايف على الثورة فعلا ارمي مرسي والجماعة الفاشلة ورا ضهرك وضم على صف الثورة كمواطنغير كده خلي الإرهاب ينفعك ومنك للناس الغضبانة بقى,0
الخبر المتداول الان عن موضوع الطعن و الهجوم غير صحيح,0
السيسى ضرب فى الشرطة وحملها مسئولية مذبحة الحرس ردت الداخلية بفيلم ان ضابط جيش وراء نفجير سيارة وزير الداخلية ألهم اهلك الظالمين بالظالمين,1
شاهد - آخر كلام: سياسية إيه يا عم الحاج ! #,2
العرس ما ريدتوة ولا المكان حبيتوة بس الحليب هطأ بنهودي و ان يسألوكم مين أبوة قولو دة خدها غضب #دينا_الوديدي #مريم_صالح :)),0
#الفرسان_كورة | اخبار | #محمد_صلاح يقود #تشيلسي لاسقاط #ليفربول,0
حين يصبح مصطفى بكري شبه متحدث باسم المجلس العسكري ، اعلم أن هناك الكثير يجب عمله، حتى تنجح ثورتنا,0
"المعنى الحقيقي للوطنية المعنى الحقيقي للضحكة الصافية #باسم""",3
#محمد_محسن :*,2
أكره جملة (ذكرى الثورة) لأنها دائما تذكرني بمصير المطربة الراحلة ذكرى,0
اسألوا #البرادعي عما فعله في #العراق,2
""": فيديو: الإخوان #كاذبون_بسم_الدين """,0
حلقة الليلة الجزء الاول,2
"وقفة تضامنية لطلاب ""هندسة #أسيوط "" مع زميلهم الموقوف عن الدراسة",2
مجهولون يشعلون النار في سيارتين بـ #المحلة_الكبرى -,2
المهندس نجيب ساويرس مؤسس حزب المصريين الاحرار، ضيف برنامج على قناة غدا الخميس في الاوقات التالية ٦٣٠,2
اسألني 3 　 #عن الشَوق ، أقلْ لكَ رمضَان اللهم بلغنآ إياه لافاقدين ولامفقودين،:,2
الإخوان انتقلوا في ظرف نص ساعة من تكذيب خطاب البنك المركزي لأن النهارده السبت إجازة البنوك إلى تحليله لإثبات انه بيأيد كلام مرسيألا تنبهرون,1
يوسف الحسيني للاخوان مش قادر استني لحد ماشوف خيبتكم الكبيرة ف 6 اكتوبر وخبتكم #السادة_المحترمون …,2
من لا يعرف قدر المستشار مكي وقضاة الاستقلال الأجلاء عليه ان يعود الى معركتهم العظيمة في عام 2005 ضد نظام مبارك ليعرف دورهم التاريخي للوطن,3
الفيديواللي عرضه #يوسف_الحسيني دةاهداءلكل الناس الطريه #كلام_و_كلام #يوسف_الحسيني #السادة_المحترمون …,2
خفضوا الأسعار شويتين عشان نجيب بدل الخروف إتنين …,2
شاهد - آخر كلام: الخلاف حول وثيقة المبادئ الأساسية للدستور د محمد البلتاجي و د عمرو الشوبكي #,2
الشرطة تاريخها كله أكاذيب لكن الاخوان لم يصدقوا في حياتهم واكاذيبهم اكثر من الشرطة ولديهم ماكينة تبرير تنكر الشمس الساطعة لابد من تحقيق,0
أنا راضي بكل شي لكن معك طماع أبي كلك وما غير كلك يكفيني!#م,2
هناك قرار ازالة لأربع عمارات مخالفة بنيت امام قصر القبة #السادة_المحترمون,2
سيتم ختراق موقع نور تابع لوزارة التربية وتعليم وسيتم تحويل اسم موقع الى منضمة جيوش الهكر #ثورة_الانترنت,2
تفتكروا فيه أمل لسه ولا خلاص انتهينا هو ممكن نقوم ونفوق كلنا من القرف والعفن إلى على عقولنا ونصحى من الغيبوبة ونركز في تحقي…,2
حساسية الاسنان ! #العوامية #سيهات #صفوى #الدمام #الخبر #طب #طبيب #أطباء #مجمع_الابتسامة_الساحرة_لطب_وتقويم_الأسنان,2
الروايات متضاربة ومتناقضة حول احداث طريق النصر الحل تحقيق عادل مستقل شفاف لاستجلاء الحقيقة ولا يجب ان يفلت من أجرم من العقاب مهما كان موقعه,1
"15 ""اجتماع د أبو الفتوح بالمتطوعين 8 يوÙ",2
"حاطين جاموسة ع الجوازات بتنادي ع الخواجات كده: ""بِس بسبس بس"" حاجة تعر",0
شاهد - آخر كلام: المشهد السياسي المصري قبل انعقاد مجلس الشعب #,2
من كتاب خواطر قرآنيه للدكتور عمرو خالد سورة البقرة : لماذا سميت السورة بالبقرة؟ قد يجيب البعض بأنها سميت,2
حان وقت الشــــــــــير,2
عدد القنوات ومساحات الاعلانات الكبيرة وعدم وجود ضوابط نزلت سعر الدقيقة للارضعاملة زي فنادق سيناء اللي بتحرق اسعار وبتجيب سياحة رخيصة,2
من أنتم ،،،،، مرسي منتظرين ج…,2
ندوة د علاء الأسواني غدا الخميس السابعة مساءً في أتيليه الأسكندرية بالازاريطة >> التفاصيل >> … …,2
_712 بصراحة طظ في أي جمهور زي حضرتك وده رأي مش كره والله,0
الوطن | خواطر للوطن | عمرو حمزاوي:,2
سيتم الليلة وضع البريد الإلكتروني للتواصل مع الصحفيين ووسائل الإعلام على هذا الحساب,2
#أشاهد_الآن #أوتار_القلوب على شاهدنت عبر,0
عمرو خالد: التعايش هو أن تقبل الآخر ثم تحترمه ثم تتعامل معه، وهو مفهوم قرآني تكرر في عدد من الآيات شاهد خطبة الان:,2
معظم مدارس الطب النفسي تحذر الآباء من ضرب الاطفال بعد سن السادسة لا نه يؤدى الى تشوهات نفسية خطيرة هل يعقل بعد ذلك ان يضرب الرجل زوجته,2
#واحد_فاضي #الهلال #السعودية #النصر #النصر_الهلال #غرد_بصوره #الرياض #زيادة_المتابعين #رتويت #هاشتاق_خاص [2595719],2
#سري سيتم ارسال طلب اغتيال الرئيس مرسي اليوم إلى السفارة الامريكية في #القاهرة وعلى اثرها سيتم التنفيذ من عدمه بموافقة السفيرةا…,2
لله الحمد تجوزنا 5000 محب و متابع لصفحة #الأقصى متى نصل لـ 10 آلاف محب ومتابع ؟؟ #تغريدات_الدكتور_عوض_القرني,3
1540 _ خليك وانت قاعد في الكويت كده ابحث عشوائياً على تفسير يحافظ على مكسبك واستدل بأي حاجة عشان تبرر جريمة قتل,2
البوابة نيوز: #محمد_رمضان طلع حرامي: السبكي #مصر #سينما,2
الدنيا مش ابيض يااسود دنيا كل الالوان حط لوني على لونك نوصل ابعد مكان كل حلم وله بداية بس شرط تكون معايا #كاريوكى,1
"شوقي وحنين أيامي , قلبي لوصالك ظامي #باسم",2
مصر دولة بس مش أوي #المادة_الأولى,0
أؤيدك أستاذ علاء، بيد أني أخشى من طبيعة الضغط الأمريكي أو غيره مما لا يعلن للرأي العام ، وتأخر فض الإعتصام …,2
مواجهة التطرف والعنف من قبل مجموعات من مشوهي العقول والضمائر يرفعون زيفا شعارات دينية، في الجامعة وخارجها، ضرورة لن يرهب من يدافع عن الحق!,2
"# ضبط 2 من المترددين على اعتصام ""رابعة"" بحوزتهما بندقية آلية و""ترامادول""",2
"بإذن الله، يحل الدكتور عمرو خالد ضيفاً على مؤتمر ""إحياء روح الإسلام "" السنوي، والذي يقام كل",2
بشرى ـ في #السادة_المحترمون,2
واللي كلامه جميل لكن في فعله قليل ليغني في المواويل ليفووق و يسمعلهاااااا #دينا_الوديدي,2
الله أكبر الله أكبر الله أكبر لا إله إلا الله ، الله أكبر الله أكبر ولله الحمد #عشر_ذي_الحجة,2
😘 انتِ قصة عشق لا يفهمها الا النجوانيون #هلا_فبراير #,3
كان فيه إستفتاء على تعديل 8 مواد في الدستور وبعد كده أصدروا إعلان دستوري من حاجة وستين ماده دون إستفتاء ده قانوني؟,2
57 حالة إعتداء على صحفيين في #مصر خلال أسبوعين#العرب,2
_الأسواني لم ينتخب مرسي وطالب بمقاطعة الانتخابات بتاريخ 4 يونيو في مقاله:قبل أن تدلي بصوتك في الاعادة الرابط,2
"وحدتنا التي أفسدتها بإخلافك المستمر لوعودك؟ والإعلان غير الدستوري الذي قسم المصريين؟ "": قوتنا في وحدتنا #الرئيس""",0
بسبب #الخرفان مصر #خربت و #الأرهاب وصلها و #الامتحانات اتقدمت ومش عارفين نذاكر امتى #حسبى_الله_ونعم_الوكيل,2
مباراة #المصري و #المنيا مذاعة على قناة الصعيد - السابعة سابقاً - تردد 11227 رأسي #المصري # #بورسعيد,2
اما قصة المصحف اللي ضاع مني ف #رابعه_العدويه ف كنا فرمضان ماشيبعدين كنت بقرا فيهوحطيته جنبي وقمت اوزع,2
من كواليس البرنامج,2
إن للطاعة نورا في القلب وضياء في الوجه وسعة في الرزق ومحبة في قلوب الناس وان للمعصية ظلمة فى القلب و سواداً فى,2
من قال محصنه أو منيعه فقط من يحق له الطعن وليس كل من هب ودب لاعهدمبارك لامرسي ح يعود أبدا #الاخوان_جماعة_ارهابية,2
يوسف الحسيني يشكر قناة الجزيرة,2
#وزير_التموين: #الدعم لا يصل لمستحقيه وعودة #المجمعات_الاستهلاكية قبل رمضان || لمزيد من التفاصيل على الرابط,3
1 إلى رئيس الجمهورية وجماعته ومبرري الاستبداد، مصر لن تحتكر لفصيل واحد ولن تبنى بها ديكتاتورية جديدة ولن يصبح الدستور وثيقة لإلغاء الحريات,2
ا*ا يا سلام روح أم #النائب_العام :),0
"من سنن التي تفعل في وضع التشهد وضع اليدين على الفخذين "" اليمنى على اليمنى واليسرى على اليسرى مبسوطتي الأصابع مضمومتين "" #نشر_سيرته #",2
یکی نشسته جلو من زیپش بازه #مترو,2
يقصر بعض الناس سراويلهم لانه نوع من الخيلاء و اذا به ينزل من عربية مرسيدس #عبث,0
الفضل يعود اليوم لله ثم لشباب مصر الطاهر وشعبها الحي في ربوع مصر الذي أبهر العالم بسلميته وإصراره علي إستكمال ثورته,0
اللهم اشغلني بما خلقتني له ولا تشغلني بما خلقته لي,2
"مصر منغيرك ولا حاجة ! "" "" و أنا من غيرها و لا حاجة """,1
الرئيس المنتخب يمارس صلاحياته وفقا للإعلان الدستوري الحالي لحين وضع دستور جديد وليس لأي جهة شرعية تعديل ذلك,2
وده لا يبرر استخدامها،لكن الغلط يولد غلطو حيقولك اشمعنى احنالو فيه قانون يمنع ده،الكل يستريح,2
"#حازم_عبد_العظيم وهو بيرد عليا على تويتر أيام حكم #مرسى ويقولى "" الجيش يدخل ليحل وليس ليحكم"" وحازم دلوقتى فى",2
#مباشر_مصر #المنصورة اندلع حريق هائل بمسجد السلاب الكائن فى شارع المشاية بمدينة المنصورة منذ قليل دون معرفة …,2
دنت لو قدام عينيا أشتاق إليك  #شيرين ♡,2
عبد المنعم ابو الفتوح فى قناة التحرير : مصر تحتاج رئيس يحمى القرار الوطنى من التدخل الأجنبى ويكون همه الأول,2
حتى الصين يطقطقون علينا بملابسهم 😒 شف ادمان #الواتساب وين وصل ويفز قلبي اكثر لامن شفت جاري الكتابه ول ول 😂👆 …,2
واقعين من ال١٣ اي اموال وخلاص,2
ﺑﺘﻔﺮﺡ ﺍﻭﻯ ﻟﻤﺎ ﺗﺒﻘﻰ ﺍﻧﺖ ﺍﻟﺴﺒﺐ ﻓـ #ﺿﺤﻜﺔ ﺣﺪ ﺍﻧﺖ ﺑﺘﻌﺸﻘﻪ ! ^_^,3
وزير التموين يقرر توصيل إسطوانات البوتاجاز للمنازل في 48 ساعة #السادة_المحترمون …,2
بعد وقف العنف فى التحرير، الدكتور عمرو حمزاوي/ يستأنف حملتة الانتخابية من بعد ظهر اليوم,2
اذا كانت رسالة البرنامج الوحيدة هي كشف التجارة بالدين و كشف قنوات الفتنة فده يكفينا، تاني، يتحرق البرنامج المهم البلد,1
5ج وأنعت الرئيس بعد الحشد المذهبي والطائفي برئيس التكفيريين المنتخب، يمتنع تشويه موقفي وتحويله بعبث إلى أي شيء غير رفض المذهبية والتكفير,0
"علي سبيل #الآآدمان القـاتل :- "" #ميرنـدآ_تفـآح #شيكولآآته #شيبسي [[ ]] "" لو بتحب حآآجة فيهم لآآيك :)",1
ماجدة خير الله تكتب في آخر ساعة عن الشتا اللي فات: الأفلام المستقلة الإنقاذ الوحيد لصناعة السينما,2
#السكه_شمال #كاريوكي,2
الوطن | هل يكمل الرئيس قراراته الأخيرة بمبادرة وطنية؟ | عمرو حمزاوي:,2
"من كثر التحلطم اللي يسري بدم الكويتي حتى إذا شاف سيارة مكتوب عليها "" ما شاء الله"" #لازم يقول : شدعوه عندك فراري عاد",0
يومًا ما كان إسلاميًا,2
انتظروااااااااااااااااااااا الجحيمممممممممم انه قريب جدا هذا اليوم #يوم_الامتحان,2
قصدي كان موجه لكذبك أني ما كنتش هناك,0
لعن الله البغاة! #ريت…,2
مجلس الشعب 22 فبراير 6: الحرية وحقوق الإنسان لا مساومة عليهما وهما نبت مصري ليس بغريب عنا واتساقي مع ذاتي هو أغلى ما لدي في الخاص والعام,2
#صور إطلالة نجوم بوليوود في اليوم الختامي من #مهرجان # #شاهد ما رأيك؟ #,2
خمس الف متابع بـ 200 ريال #قطر #الدوحة # #حمد #تميم #الرياض #دبي #الامارات # #ابوظبي 56,2
شاهد - فساد الجهاز المركزي للمحاسبات ومحاولات لإصلاحه في السادة المحترمون # #,2
مليارات الانقلاب للاعلام الاميركى لن تحسن صورته يدفعون للغرباء من اجل عمل حرام ويدفعون شعبهم الى الجوع والهوان,0
#البرادعى رئيس #حزب_الدستور لم نقم بالثورة لكى نرى مناظر السحل مرة اخرى و لابد من تغيير العقيدة الأمنية لتكون فى ص,2
زمان كنت اغرد في السياسه وقالوا قديما السياسه نجاسه الحمد لله اني تطهرت من تلك النجاسه #معكم_أدهم #مصر #التحرير # #مرسي_رئيسي #السيسي,1
رجاء النشر سينمائيون ضد المحاكمات العسكرية للمدنين: خالد يوسف لا يمثلنا,2
#النصر_الفيصلي عظيم بجمهورك الله يسعد الحاضرين كلهم والغايبين,3
شاهدة عيان: بضع مئات من الإخوان يحتشدون في المهندسين و و يغلقون شارع جامعة الدول العربية يحرقون الإطارات و يروعون الناس #مصر,2
#لو_ده_جنان_إتجنن لما تشوف واحد بيعاكس واحده روح اعمل اخوها,1
يا بنى يا رامىلا تلعب فى شنب الأسد و اللى بيته من قزاز,2
"#روسيا تحذر من ""عواقب كارثية"" لضربة عسكرية ضد #سوريا",2
و الكائن الهلامي المعرض اللي كان مقوم الدنيا على حكومة #هشام_قنديل و ساكت على حكومة #محلب رمز الحزب الوطني #حرامية_الدعم,0
لقي الممثلون المصريون من منافقي سيسي والانقلاب ما يستحقونه من لعنات فى افتتاح مهرجان مالمو بالسويد انها البداية يا عبيد البيادة,0
الحلقة الثامنة عشر - الجزء الثالث - فرقة صابرين,3
احمد ثابت شاب ثوري معروف في الاسكندرية يرقد الان في مستشفى البترول بعد ان ضربه الاخوان بالرصاص وعذبوه داخل جامع ابراهيم دليل سلمية الاخوان,2
تأكدي أولاً أن الأمر ليس سوء تفاهم فإذا ثبت لك سوء نيته واجهيه ثم افعلي ما يمليه عليك ضميرك,2
2002 فيلم جامد جدي فعلاً,3
#مرسى_رئيسى #كانوا_رجال #الشعب_يرد_تحية_الرئيس #أنا_حازم #سنحيا_كراما,2
كواليس حصريه من إجتماع مرسي مع المعارضين اليوم بقصر الإتحاديه,2
القبض على قيادى من حزب النور فى بنى سويف اكيد اخوان ايه المانع اهلاوى بيشجع الزمالك,0
دعبد المنعم أبو الفتوح ( التعدديه اثراء وتنوع واكثر فائده للمجتمعالتعدديه مطلوبةوهى ليست انقسام وفرقة),1
"""_: عاجل: حبس البير صابر 3 سنوات وكفالة 1000 جنيه في قضية ازدراء الاديان""",2
الإخوان: الصندوق جاء بهم والصندوق كفيل بأن يأتي بغيرهم لندافع عن الديمقراطية وحرية اختيار الناس لمن يحكمهم ونقدم للشعب بدائل ليفاضل بينها,2
إلى كل من سيقبل المشاركة فى كارثة لجنة الدستور اقرأ مقالة إبراهيم عيسى فى جريدة التحرير !,2
العملُ في القطاع السياحي لا يستهوي السويسريين #رويترز,2
قصة حقيقية من اليابان منذ عام 1938م لشاب ياباني اسمه (سوشيروا ) ولقبه سأذكره في النهاية!! كان في الصف الثالث,2
ماهي مراحل جائزة آيكبي للأعمال؟ #الريادة #المدارس #,2
الرابط اهو للاخوة المشككين علي موقع الجزيرة مباشر - إخوان وبقا 60? لا!!,1
"الدكتور/ جلال أمين يكتب مقالا ً نقدياً عن رواية الأسواني ""نادي السيارت"" في المصري اليوم على هذا الرابط >> الأدمن",2
سخيفة #فيفى_عبده,0
#اللهم زد أحبتي #عفواً وعافية وتوفيقاًً وسداداً وصلاحاً #وأحفظهم من كل سوء #صباح الخير,3
تويت_كأنك_ناشط_ايام_حرب_اكتوبر #السادات ل #بيجن: انتوا جيش مالكوش عازة اثلا و #بيجن يرد: مابررررررررررراااااااااححححه خخخخخخخخخخخخخخ,2
"#الدراما_المصرية لما حد يلاقي واحد تعبان وبيموت لازم يقوله ""متموتش وتسيبني"" تحس إنه ح يقوم يقوله: خلاص المرة دي عشانك بس المرة الجاية حموت!",2
خمس الاف #الامارات #الهلال #النصر #السعودية #الكويت #قطر #الرياض #مكة #رتويت # #دبي #الشارقة # #غرد_بصورة 168,0
- الجيش خائن - الجيش يشوه الرموز الإسلامية #يسقط_حكم_العسر…,0
#صلاح أساسيا أمام #ليفربول بس دة برده ميمنعش أني عايز #تشيلسي يخسر #نزل_صلاح,2
احداث العمرانية وصمة على جبين كل مصرىالدين لله و الوطن للجميع,0
""""" هات مقشتك معاك """"",2
ﻻ تحلموا بوطن سعيد فخلف كل #مبارك #مبارك جديد وخلف كل شهيد شهيد جديد فكلهم #حسني_مبارك وكلنا #خالد_سعيد,1
انتظروا رابط البث المباشر للقاء الاسبوعى على خطى الحبيب بعنوان (التجربة العمرية للنهضة) وذلك فى الساعة 6:30 مساء,2
#وزير_الداخلية محمد بن نايف ينقل تعازي خادم الحرمين وولي عهده لذوي الشهيدين #عبدالرزاق_الغامدي و #محمد_القحطاني - …,2
كفالة اليتيم #صورة #اليتيم  #نشر_سيرته #,2
إبراهيم عيسى قلم شجاع وضمير يقظ وعلامة بارزة فى تاريخ المهنة تحية له ولفريق الدستور وستبقى حرية الصحافة فى مصر ثمرة مستحقة لنضال الصحفيين,3
والغاز مش مدعوم يا إنسان؟ وماذا عن الأسمنت والحديد والأسمدة؟ واضح أنك تفهم أقل من الحيوان,0
أموي #سوريا • #جبهة ثوار سـْـْوريا_ القطاع الجنوبي 27_4_2014 تحرير تل أحمر شرقي جبهة ثوار سوريا القطاع,2
ولا أشعر بأدنى تعاطف مع مبارك ونظامه الذي أوصل هذا الشعب إلى ما صار عليه، يستوي في ذلك الإسلاميون وغير الإسلاميين، تد,0
اعلام العار تفرغ قبل غانا ومصر لشحن الناس للاحتفال ربنا افسد احتفالاتهم لم يحزنوا لخسارة مصر حزنوا لان فرصة نفاق كبيرة راحت عليهم,0
"النهارده ، في تحقيق استقصائي عبقري عن الفساد في البورصة في ""المصري""للأسف هيتوه في زحمة الأحداث",3
"يوسف الحسيني يفضح كذب قناة الجزيرة ويكشف تمثيل الاخوان دور الموتي تحت اشراف الجزيرة """"",0
لن تتقدم #مصر طالما بقيت فيها أبواق للتدليس مثل #هيكل وطالما بقيت فيها آذان تستمع له وعقول تنبهر به وبتخاريفه وحكاياته…,0
#الزمالك × #القناة الأحد 6:00 بتوقيت القاهرة الاسبوع 19 - المجموعة الثانية #استاد_القاهرة القنوات الناقله :,2
هي قضيةالسجين ممدوح علي الطلوحي العنزي ٨ سنوات خلف القضبان ساعدونا في نشره جزاكم الله خير #لمى_ا…,2
"قالك مريم اشرف ٨ سنين خدت الرصاصة في قلبها وماتت بين أيدين أبوها ماتت مش نامت ولا لعبت لا ماتت كفرة""",2
"حمدين_صباحي مؤسس #التيار_الشعبي ضيف الاعلامى ""يوسف الحسينى"" في برنامج السادة المحترمون على قناة يوم الاربعاء 18 سبتم…",2
#خليك_مصدق أقوى هاشتاق مصري كأنك تستمع لتلفزيون #مصر الذي سطا عليه الانقلابيون، أو كراخانات عكاشة وأديب والابراشيو…,2
دعاء الخروج من البيت: يقدم الرجل اليمنى: بسم الله توكلت على الله لا حول ولا قوه الا بالله #أدعية,2
اللهم إجعلنا ممن تواضع لك فرفعته،وأقبل تائباً فقبلته،وذل لهيبتك فأحببته،ودعاك صادقاً فأجبته،وسترت ذنبه وغفرته,2
_ اسأل عمرو اسماعيل :-),2
"اليوم السابع تقول : أبو العلا ماضى : ""صباحى والكتاتنى اجتمعا سريا بوساطة عربية "" هذا المانشيت كذب كذب كذب",0
الطعم هنا للشعب الغلبان اللي نفسه يخلص من النائب العام يعني بيقوللك قول أيوة على دستور معيوب واحنا نشيله وتلبس انت ابدي!,0
لقد قامت الثورة وضحى الاف المصريين بحياتهم من اجل استعادة كرامة الانسان المصري داخل مصر وخارجها اين وزير الخارجية اين عصام شرف,1
#ممحونه #قحاب #زواج #متزوجة #زغب #اليمن #القاهرة #مصر #أسوان,2
محافظ #الفيوم يكرم بطلة شابات العرب في #ألعاب_القوى,2
رئيس وزراء المغرب يرفع شعار الحرية والصمود #رابعة في احد المؤتمرات #مصر,2
البيان الصحفي ليوم الجمعة 11نوفمبر2011البرلمان القادم تتضاعف أهميته لأنه سيضع الدستور,2
#تقول_الأسطورة إن المجرم لازم يرجع مسرح الجريمة,2
شاهد - آخر كلام: مش هنخاااف إضراااب ستة إبريل #,2
تخيل احساس ظابط الشرطة الى عارف انه مستهدف في كل ثانية من اليوم وفي كل حركة بيعملها حتى لو بعيدة عن طبيعة عمله #الاخوان_جماعة_ارهابية,0
الدولة الديمقراطية هي دولة مدنية يديرها مدنيون انتخبهم المواطن وله حق تغييرهم، وتخضع بها المؤسسات العسكرية والأمنية لرقابة المدنيين بالكامل,2
"#اللهم نولني مرادي , ويسر لي امري في الدنيا واالاخره , اللهم امين يارب العالمين",2
اذا عارضت المرشد فانت عند الاخوان فلول او علماني عدو للدين الا يمكن ان يكون الانسان مسلما وثوريا ووطنيا ومعارضا لقرارات المرشد ممكن ؟,0
#توكل_كرمان تقاضت مليون دولار من التنظيم الدولي للإخوان للانضمام ل #رابعة_العدوية,2
بسمة أمل - قصة التاجر صاحب الأخلاق,2
#اوعى_تنسى ( ) 1900 920007606 ▼▼▼▼,2
يارب اجعلها لليلةة فرح لعشاق العالمي بالتوفيق ي نصرنا #النصر_الشباب,3
"راقب تغريداتگ وماتكتب #غرد_بصورة #غرد_بالخير #تذكير #دعم_البنات """"",2
عادي هي مش شغلاني بس موضوع لطيف وخفيف وظريف ومليان كالوريز,2
البلد بتغلي والاسعار نار ودماء الشهداء لا تزال ساخنة والانقلابيون بييعملوا دستورهم ابرد خلق الله,0
#حط_صورتك_وانت_صغير #,2
#الببلاوى: اعتبار #الإخوان #جماعة_إرهابية قرار سياسى وليس قانونيا (لن تنقذ رقبتك مهما حاولت أيها المجرم فدماء الآلاف في رقبتك وشركائك),0
واحشني قوي و انا مقصر معاك عندك حق :) كلم شادي و الشباب و خلينا نتقابل يوم الجمعة و العشاء عليا,3
مقدر إن الشغل بيخليك تتفرج على الداعية الشرشوحة شتايمه بتوصلني من صحابيأنا أحب أضيع عمري في حاجات لذيذة مش قميئة,0
ستظل اسرائيل دائماً العدو الاول لامتنا ولكن بسبب جرائمها وليس دينها ولو كانت اسرائيل دولة بوذية وارتكبت هذه الجرائم لما تغيرت عداوتنا لها,0
"أخر ما كتبه شهيد اليوم بإذن الله ""عبد الرحمن احمد "" هذه هى نوعية الشباب الذين يقتلهم السيسي حسبنا الله و نعم الوكيل …",0
الآن: هبة موريف منسق منظمة ضيفة آخر كلام على الهواء - 12398 -,2
#كدبه_ابريل,0
"لو الفيديو ده طلع فيه لوجو للموقع ادخل عليه و اكتب : 11 , مش في بورما",2
أول ما قال الله للنبي محمد: (اقرأ) ياريت كانت 'زبالة' مصر كلها زي 'زبالة' النبي دانيال,2
الجزء الاول من حلقة الليلة٬ مباحث امن الدعوة,2
"في جلسة التحقيق : سلطان لقاضي التحقيق ""أقرر أنني أتهم السيد ا?ستاذ المحقق أحمد حنفي رياض وا?ستاذ أسامة مرزوق",2
نحن شركة تسويق وبيع عقارات بدبي يملكها شباب يغردوا بنصائح حول عقارات دبي تحتاج دعمكم بالريتويت رجاء,2
حبيتلكن حب من غير حنان وصحبتلكن صحبة من مالهاش أمان رحت لحكيم واكتر ولقيت بلوتى ان اللى جوه القلب مش ع اللسان ًعجبى #صلاح_جاهين,3
يا أستاذة تيريزا خلافي مع الاسلام السياسي معروف لكني لن امارس خلافي على حساب الحقيقة سأحترم اختيار الشعب مهما اختلفت معه,1
#بلال_فضل هو امن اعطى الاشارة لاقتحام مقرات امن الدولة لمن يتذكر فقط,2
#حمدين_عاوز_يحاكم_السيسي دا مش كلام ياناس ده اتفاق حمضين مع الاخوان -مصيبه لو استبدلنا اهبل بعبيط #سأنتخب_السيسى_و_مش_هنزل_لمستواك,1
كيف يمكن الغاء الاعلان الدستوري مع الإبقاء على مضمونه وعلى الاثار المترتبة عليه والإبقاء على الاستفتاء في موعده لماذا لايحترم مرسي ذكاءنا,0
شاهد - آخر كلام: المجلس الاستشاري دوره وصلاحياته #,2
عرض الاسبوع 40 ألف متابع #شوارعنا #فن_تتقنه_النساء #ذلك_الشخص #شي_ودك_تجربه #بوح #درر #عجبني #حلو #مكه [2050142],2
#صباح_الخير #بعد_منتصف_الليل #غرد_بذكر_الله #صور_كنك_بنت #لو_كنت_المتحكم_بالتويتر خمس الاف بـ 200 ريال4,2
"مبروك يا كرم، مصر كلها فرحانة بيك "" وبعد الليل يجينا النور""",2
استكر الإعلامى يوسف الحسينى إهانة الشيخ محمود #يوسف…,2
لماذا دعبد المنعم ابو الفتوح بقلم مصطفى عمران احد متطوعى الحملة,2
شخص من كل اثنين ايدوا الانقلاب تراجع للخلف ولكنهم مقسمون لاربعة مستويات الضعيف يهاجم ببلاوى والغلاء المتوسط يهاجم,1
ابتسم | من تعليقات احد المتطوعين : واحد اتصل بى الساعة 5 صباحا على تليفون الحملة بيسأل عن برنامج الدكتور و لما,2
"مقال للأسواني بعنوان ""قبل أن تدلى بصوتك فى الإعادة"" يوضح اسباب مقاطعته للانتخابات بتاريخ4 يونيو2012 ميشيل جورج",2
70 عشان لو حصلك حاجة الفيلم ما ينفعش يكمل لغاية لما تخف والمنتج يفلس اي خدمة,2
جمعة الأمس كشفت للانقلاب وهمهم فى قدرتهم على قمع الشعب بالحلول الامنية من قتل واعتقال وتعذيب وضرب وايذاء الشعب فاق يا أفاق,0
#تخيل إنك أعمى ؟ أو مكفوف ؟ لا سمح الله أكثر الناس راح يقدرون النعمة إذا فقدوهآ ! #حقيقه,1
"# #ليبيا المرغني يتوعد ""المجرمين"" في #بنغازي تابع التفاصيل",2
#ذات_مومنت لما تقدم عرض عمل جديد متحمسله عمرك ما إشتغلته لزبون واليوم موعد إجتماعه مع مقره في اليابان وشعورك أنا شن درت إن شاء الله يرفضوا!,1
"إذاغيب الموت ""نعناع الجناين""فإن حكاء مصرالأصيل سيظل حاضرافى الوجدان المصرى بأعماله التى جسدت أحلام المهمشين،رحم الله""صياد اللولى""خيرى شلبى",1
#مجلس_الوزراء: لا زيادة فى أسعار البنزين والكهرباء والسلع الغذائية الحره,2
#برنت يرتفع متجها نحو 110 دولارات للبرميل بسبب التوترات في #أوكرانيا:,2
أسف يا ريس،رغم إنتمائي للأخوان إلا أنني إبن ثورة الحرية لذلك ارفض السلطات المطلقة للرئيس مهما كانت السبب وأي كانت المدة,0
الادمن:اتفرج على #امريكا_بالعربي حلقة 15 #,2
علمونا نطفي الأغاني اما الأذان يأذن لاكن في الأقامة عادي #عندنا_في_مصر,1
مستشارا الطرطور مصطفى حجازى واحمد المسلمانى يتعاركان علنيا للفوز باكبر نصيب من تورتة الانقلاب,0
شفت فيديو موتني من الضحك في قناة الحافظ المذيع بيقول بلال فضل كاتب القافلة تبكي والخرفان تسيرواخد بالك قصده إيه فالشيخ رد يقصد الإخوان طبعا,1
من صوتوا لمرسي وشفيق لهم نفس حقوقنا كمواطنين ولا ينبغي، مع الاختلاف في الرؤية للدولة والمجتمع وللحريات والمدنية، الانتقاص من أهليتهم,0
خمس الاف متابع بـ 200 ريال #سلمان_العودة #تغريدة #اقتباس #طارق #السويدان #طارق_السويدان #أعجبني #العريفي # 381,2
جرعه الكيماوي التي تعطي في الوريد لوسقطت قطره على جلد الانسان لاذبته #اللهم ارحم انين من اصايه المرض وآشفه …,2
ودول يعتبروا أطفال؟,2
#انقلاب_مصر #الدقهليه|25-4-2014 #حاميها_حراميها,2
"# الاعلامي : محمود سعد : في هذه الظروف نحن نحتاج لان نسمع صوت الحكمة لنفهم ما يدور حولنا , و د/",2
قامت الجمعية التأسيسية بإقرار مادة الازهر التي تؤسس نظام ولاية الفقيه في مصر,2
_ مؤتمر جماهيري حاشد بشبين الكوم لعصام سلطان الاربعاء القادم 7 مساء بميدان شرف بصحبه مرش,2
"الحياة|اقتصاد: استقالة الرئيس التنفيذي لمجموعة ""بيجي"" البريطانية #البحرين #الامارات #الكويت #مصر #سوريا #الجزائ",2
#هننضف_لو بطلنا نشوف عيوب الناس و شوفنا عيوبنا,2
السلطات تمنع الكثيرين من محامي اسر الشهداء من حضور محاكمة مبارك المحامون من حقهم حضور المحاكمة ولا ستتحول الى شيء اخر غير المحاكمة,0
ارتفاع اسعار #الغاز #السولار #البنزين #الدواء #الغذاء في #مصر صدق #السيسي في انه سيرفع الدعم وانه عذاب ومعاناة #انتخبوا_العرص,0
#اكتب_رساله_لشخص_دون_ذكر_اسمه ليه تقسى عليّا وانت قلبك حنوني,2
إذا استمرت القيادة المصرية الحالية في نهجها فسنرى تمردا وإرهابا في #مصر,0
الإعتراض على الإخوان لا يعني دعم الفلول هو لو ما كانش جالنا حسني مبارك كانت بلوتنا تبقى كده؟ هو اللي جرفها وهانها وخربها,2
تكوين لجنة الخمسين جامل بشكل كبير القوى السياسية على حساب الشباب والأقباط #السادة_المحترمون,0
حد عارف إيه اللي بيحصل في المقطم دلوقتي؟,2
#سؤال_برئ كل الناس يوم الجمعه تنزل صور وتكتب #جمعه_مباركه وكده هيا باقى الايام #نجسه يعني ولا ايه؟,1
#سوريا_فى_القلب الله ينصركم يارب ويشفي صدوركم,3
ارشح محمد ( ) مغرد لإفادتي في جميع الاخبار و المواضيع الهامة و الخاصة بـ لعبة #فيفا_14 #تدوين _,2
قطر #فودافون,2
"#متصدر_لاتكلمني, #النصر_الشباب, #الهلال, #اكشن_يا_دوري شجع ناديك بدون تعصب مع برنامج الايفون الرائع 636",0
#يوم_المرأة_العالمي,2
قالت عضوةاللجنة اليكترونية ان من يرسم لهم الخطة استاذ علوم سياسية من الوطنى هناك اسماء يجب التشكيك في كلامها او تشويهها العمل 8 ساعات,2
ما شاء الله على شعب مصر المظاهرات الحاشدة لم ولن تتوقف فى كل مكان الانقلاب لن يعرف الراحة ولن يجد شعبا ليحكمه,2
تحت امر المكتبة والعلم وجمال الأسبوع اللي بعد الجاي ان شاء الله تحياتي,2
"صوره جميله لعشب استاد #الامارات ! #ارسنال """,3
اذا عرفنا ان الذين اتخذوا قرار فض الاعتصام بالقوة لا يؤمنون باليوم الاخر ولا بالجنة ولا بالنار استراح عقلنا المندهش,0
لا تثقل يومك بهموم غدك فقد لا تأتى هموم الغد و تكون قد حرمت نفسك من سرور يومك صباحكم سعادة و سرور :),1
اللهم ارزقنا نعمةً يعجز عنها الشكر ولا تبتلنا بلاءاً يعجز عنه الصبر ~ آمين,2
هامش للديمقراطية كارثة المعايير المزدوجة - عمرو حمزاوي - بوابة الشروق,2
نخلص من #دينا_الوديدي ندخل علي #دنيا_مسعود مش عارف فيه ايه النهاردة يوم جميل ويا بختوا,2
عزيزي، لم أستضف رفعت السعيد أبداً - ربما تقصد الزميل حافظ المرازي الذي استضافه أمس، و ربما تكون له أسبابه أرجو التيقن أولا,2
"مقتل ثلاثة وإصابة 12 في اشتباك مع الجيش بـ""القرصاية""",2
"العليا ل #إضراب_الأطباء: ""#محلب"" وافق على الشق الإدارى لمشروع الكادر| إتبطيتوا واللا لسة مكملين ؟!!",2
المحامي طارق عبدالعزيز المحامي بالنقض ضيف #يوسف_الحسيني الان في #السادة_المحترمون,2
#عن إحساس عمرو دياب في اغنية (لو قادر) 3 3,2
دي اخرة اللي بيحاول يوصل رٱيه في ١٤٠ حرف كل واحد بياخد اللي على مزاجه؛بلاها نقاش على تويتر,2
ثالث حلقات بسمة أمل الأنيميشن وقصة من أروع القصص العالمية,2
ومن يمارس هذه الأمور في دلجة أو غيرها إن هم إلا #يوسف_الحسينى #الساده_المحترمون,2
"#قنديل لـ""#السيسى"": عليك تقديم برنامجك الانتخابى وعدم التعالى على الجماهير #اخبار #مصر",2
الارقام الرسمية لحملة #تمرد بجميع المحافظات,2
تحية لأبطال اكتوبر وللشعب الذى ساند قواته المسلحة حتى حقق ملحمة العبور العظيم ، هذا الشعب القادر على تحقيق المعجزات سوف يحقق أهداف ثورته,3
بالنسبه للبنات الى لما بترتبط مابتكلمش ولاد دا محن صح :) بصوت عمر مجدى #كفاية #محن #بقي,0
الهيئة العليا لغد الثورة توافق بالأغلبية على الإنسحاب من التأسيسية,2
حلقة السادة المحترمون، مع يوسف الحسيني أمس,2
#رجعوا جماهير تاني,2
هناك تويتات جميلة منسوبة لي لا أستحقها و أخرى تثير بلبلة نحن جميعاً في غنى عنها,1
تحية لجميع النساء في #يوم_المرأة_العالمي نحتفي بالمرأة كل يوم أماً وبنتاً وأختاً ورفيقة درب وحياة وصانعة أمم,3
د باكينام الشرقاوي، مساعد رئيس الجمهورية، يعقبها الإعلامي الكبير حمدي قنديل في آخر كلام، أون تي في ١١م,2
فاكرين موضوع التريقة على زوجة الرئيس وزيها؟الموضوع ده كان مصدره فيس بوك وتويتر هل فيه قناة او جريدة تبنت الهجوم ده؟,2
"#يوسف_الحسيني احرق دم الاخوان وادبح بدل الخروف اتنين وأنصر الغلبان #السادة_المحترمون """,2
"#الوفد ذى تايمز: الجيش الجمهورى الأيرلندى يطبق ""تكتيكات"" القاعدة:  ذكرت صحيفة (ذى تايمز) البريطا #الوفد",2
خلافا لما ذكر في بعض البرامج، ليست لجنة مجلس الشعب لتقصي الحقائق بشأن مذبحة بورسعيد جهة تحقيق جنائي هي جهة تحقيق,2
القانون الجنائي المصري فيه من النصوص ما يكفي لمواجهة جرائم القت,2
دورى السيسى #مرار_طافح,0
علاء الأسواني: كيف يتخذ الرئيس يتخذ الرئيس مرسي قراراته ؟! >> أقرأ المقال كامل >> …,2
شاهد - آخر كلام: ثورة الشعب في تونس - السفير عبدالرؤوف الريدي إذا الشعب يوماً أراد الحياة فلا بد أن يستجيب,2
بيع متابعين #السعودية #الكويت #برشلونة #النصر #الهلال #الإتحاد #الإمارات #الرياض #الدمام #بوح #عمان #دبي #جدة 061,2
أسماء صقر كانت داعية إلى الله معلمه فى مسجد الشربينى (مدينة نصر) واستشهدت فى المستشفى الميدانى…,2
للوطن وللديمقراطية ولدولة مدنية هي حق لنا جميعا: 1) عارضت الإعلان الدستوري المكمل منذ اللحظة الأولى وأؤيد قرار رئيس الجمهورية القاضي بإلغائه,1
#الرياض #أمطار_الرياض #السعودية #مطر #الرياض_تغرق #أمطار_الرياض #قحاب,2
طغمة الانقلاب لا تتورع عن اعتقال النساء الذي أصبح ظاهرة تتجاهلها جماعات حقوقية تقرير للجزيرة …,0
لو أنت من الناس اللي لم تؤيد أو تسكت عن ظلم أو فشل سواء في فترات #مبارك أو #المجلس_العسكري و #مرسي و #السيسي، قول,0
كل التضامن مع ثورة شعبنا العربى فى اليمن من أجل الحرية والديمقراطية والعدالة والوحدة ثورة الشعب العربى ممتدة من المحيط إلى الخليج حتى النصر,3
محاولة دخول مجلس الشعب إهانة للدولة والقانون #,2
لست قلبي أنا إذن إنما أنت قلبها #عبدالحليم_حافظ,2
عندك التايملاين وشوف بنفسك اتعب نفسك شوية,2
#اوعى_تنسى عمليات الماءالأبيض على يد نخبةمن الاستشاريين في مركز رؤيةلطب وجراحةالعيون فقط ب5500ريال الرقم الموحد:920007606,2
ما مشروعية الثورة وما الموقف من أولي الأمر بين الطاعة لهم والخروج عليهم وما أساس الخلاف بين فقهاء الثورة وفقهاء السلطة؟,1
شاهدوا الحلقة 12 من برنامج عُمَر صانع حضارة - جمع كل الطاقات,2
محمد مرسي احترمك السيسي انت ظالم,1
عزيزي المتطرف: قبل أن تستخدم تعبير أسد في وصف شيخك، فكر قليلا في مشاعر السيدة والدته,0
إعمل #الخير وستلقى الخير يطرق بابك #الحياة #التأمل #السعادة #الصحة #البحرين,2
عن الروقان اللي كانت فيه #دينا_الوديدي فـ اغنيه وحده خيااااال,3
بجد؟ عشر حلقات؟ طب ماتكتبهم,2
ما تبصش ع نص الكباية الفاضى ولا حتى تبص ع نص الكباية المليان هات شوية مية تانية واملاها #عمرو_سلامة,2
#ابراهيم_محلب العدالة الاجتماعية في مصر لم ولن تولد مادمتم تخشون اقتراب القوانين من المساس براحة وساعده وفساد مصالح الأغنياء,2
البيان: - #الإمارات #بالعربي,2
#شبكة_بناء وردنا الأن #بورسعيد : انفجار سيارة شرطة قرب المستشفى العسكري,2
5 سقوط الكنيسة مع البابا المتطرف تواضروس مفهوم ومرتبط بالمصلحة فى تقويض مكانة وهيبة الاسلام فى مصر واستفاد بخبث من مبدأ استعمارى (فرق تسد),0
#المملكةالعربيةالسعودية #جدة #جده #الرياض #الدمام #الخبر #ينبع #الشرقية #مكة #المدينة_المنورة #راقت_لي [2139965],2
ترحيل المصريين الذين اجتمعوا في الكويت بطريقة سلمية هو أمر جائر أدعو إلى عودتهم من منطلق إنساني,0
""": #السعاده """,2
موقف الحزب من مليونية الجمعة 8 يوليو,2
هناك أوقات نشعر فيها أنها النهاية، ثم نكتشف أنها البداية، وهناك أبوابا نشعر أنها مغلقة ثم نكتشف أنها المدخل الحقيقي #ابراهي…,2
أولا - غلب على أداء المجلس منذ 23 يناير 2012 أسلوب إطفاء الحرائق ومازال العمل التشريعي والرقابي الهادف لبناء نظام,1
ألغام في طريق الرئاسة: المستشار حاتم بجاتو ألغام في طريق الدستور: د نور فرحات في آخر كلام 11م,2
ايه الجديد ما كلنا بنقول كده من اول يوم مفيش فرسان طبعا,2
"أرفض بشدة مساءلة الناشطين السياسين امام محاكم عسكرية, وأؤكد على حقهم في التعبير عن أرائهم بحرية من كلمات د/",1
إهداء إلى أمى الغاليه,3
#خرجوهم_يمتحنوا مش هتخسروا حاجه والله -- #الحريه_لطلاب_صيدله_المنصوره,2
في الأنظمة الديكتاتورية يتصدر المشهد الجهلاء والأميون وأصحاب الصوت العالي ويختفى العلماء والحكماء وأصحاب العقولالراقصة سما…,2
"شاهد - آخر كلام: ""تأشيرة براني"" نصابون برخصة حكومية #",0
ونفس الأمر ينطبق على السياسة يجب أن تتغير نظرتنا للمعارضة من الاعتراض على سياسات السلطة إلى المنافسة الشريفة عليها عبر آليات وبرامج وأفكار,2
وتتوالى الإبداعات في العالم العربي #اﻷم_المثالية في مصر #سمير_جعجع رئيساً للبنان #والعرص_ابن_العرص مرشح للرئاسة,0
__ قليلٌ من يدومُ على الوداد فلا تَحفَل بقربٍ أو بعاد إذا كانَ التغيرُ في الليالي فكيفَ يدومُ وُدٌّ في فؤاد؟ #محمود س…,2
#حملة #ليه التي أطلقها طلاب # للتنديد باعتقال زملائهم #ليه_تمن_الحرية_قيود #ليه_تعذيب #مرسي_رئيسي #ريتويت #انشر …,2
د علاء الأسواني يكتب : السعودية تقدم اعتذار رسميا عن حادثة مطار جدة ! : >> أقرأ المقال كاملاً >> …,2
"""اليوم د أبو الفتوح فى ندوة نبع الحصرى 830 مساء "" 08:30 11:30 تستضيف جمعية نبع الحصرى",2
جهاز الماء القلوي لعلاج أمراض #القولون #السعودية #الرياض #الدمام #الشرقية #الإحساء #لبنان #بيروت,2
الاعتداء الهمجي على المحامين في قسم مدينة نصر يحتاج الى تدخل حاسم من الرئيس مرسي الذي تعهد بالحفاظ على كرامة المصريينأيها الرئيس نفذ تعهدك,1
اللى عاملالهم فولو كلهم ابدعو في هاشتاج #لو_بتحبها الحس الرومانسي في الفولونج عندى عالى :',2
هاتها جمايل يارب واسترها معانا انا واحد مش مذاكر اى حاجه فى اى حاجه #اﻻمتحانات,2
"""أم خالد سعيد,زوجة سيد بلال,أخت مينا دانيال,أحمد حرا",2
#مصر_القوية |10-لقد حذرنا في حزب مصر القوية ولا زلنا نحذر من خطورة تحول سلطات الدولة إلى مجرد سند لسلطة عسكرية لا تفهم الس…,0
#رواد_الديسكو ضد #رواد_المساجد سيذكر التاريخ أن الرئيس #محمد_مرسي قاد ودعم #رواد_المساجد وأن #العرص قاد ودعم,2
"""#الداخلية هي اللي ضربتني بالآلي وقتلت الطالب #محمد_عادل"" | أخبار الموجز …",2
إدارة مكتبة اسكندرية الوسخة فصلت #عمر_حاذق المعتقل في مظاهرات محاكمة قتلة #خالد_سعيد #الحرية_للجدعان,0
القائد #خطاب وحديثه عن بدايات دخوله لـ #الشيشان #الجهاد #جبهة_النصرة #الجبهة_الإٍسلامية #الدولة_الإٍسلامية,2
#مترو و #بی‌آرتی دراین چهارسال گذشته چه خدمت مفیدی اضافه کردن که الآن دارن #بلیت‍‌شون رو گرون می‌کنن؟,2
#دعوة_الصائم_لاترد اللهم طمئن قلب #امي واشفها مما تعاني وارفع عنها ماألم بها اللهم فرج هم #أمي ويسر امرها واكتبها في علي,3
تفاقم أزمة #أوكرانيا يهدد واردات #القمح إلى الدول العربية,2
التسلسل المنطقى :١- رئيس مؤقت منتخب من مجلس الشعب٢- تشكيل لجنة الدستور فوراً ٣- دستور يحدد شكل النظام و يضمن مدنية الدولة والحقوق والحريات,2
سقوط مسنة في حفريات المجاري أمام المجلس البلدي الشمالي #البحرين #,2
بين الشباب و الهرم عمر يمر فاعمل في شبابك لهرمك و اعمل في دنياك لاخرتك,2
الخميس 15 سبتمبر : د عبد المنعم أبو الفتوح فى مؤتمر جماهيرى بمنيا القمح 830 مساء,2
عبد المنعم أبو الفتوح فى علمتنى الحياة الجزء الاول,2
"سحر النوم والراحة مع #مصطفى_حسني ،، جميلة =)""",3
"انها قضية كل انسان فى كل زمان و فى أى مكان , "" الشكل و المضمون "" , قضية الانسان فى كل العصور , قضية وجوده …",2
اليوم : #الدوري_الإنجليزي / توتنهام  - مانشستر سيتي,2
"هدم واحراق المساجد والمنازل وحشية لم يفعلها الاحتلال الغاشم, الانقلاب تحول الى ابشع احتلال لمصر وشعبها",0
انت مش مضطر تتجوز بالطريقة البضان دي انت بني ادم سواء كنت اجتماعي او انطوائي صدقني دي اسوأ طريقة ممكن تتجوز بيها #جواز_…,0
"- هل كُل الأساطير خلفه ؟ أو "" #ميسي "" من كوكب أخرْ ! …",1
"لماذا يصّر مالك الشقة على طرد المستأجر , رغم عروضه ؟! إقرأ مقال الأسواني كاملاً ؟! >>",2
رابط #كليب_اسمعوني في البايو  #سهام_سعود #الفرات_السعدون #كليب_اسمعوني #قناة_تغاريد #شبكة_المجد…,2
صباح الجمال والعسل يا اسكندرانية #اسكندرية #الاسكندرية,2
الشعب يحب الرقاصات لأنهم أسعدونا و متعونا أكيد أمك كانت مثاليــة,2
#المطرية  #انتخبوا_العرص,0
أي خروف يشوف أعداد النهاردة لازم يتواضع ويهز ليِّته خاصةً ان العيد على الأبواب,0
اعلم أنه كلما نُزع منك في الأرض شيئا جميلاً سيخبئ لك شئ في السماء أجمل,3
بينما أكبر نتيجة حققها المدفعجية في مرمى الماكبايس كانت: #ارسنال 5 : 0 #نيوكاسل وتكررت في موسمي (60 / 61) وَ (2000 / 2001) #بريميرليغ,2
يرجى التواصل مع منسق لجنة المصريين في الخارج الاسم:م أحمد عبد الفتاح الموبايل : 0101004800 الايميل:_,2
"#مباشر_مصر #جامعة_المنصورة خرج طلاب جامعة المنصورة اليوم في تظاهرة تحت شعار ""مفيش عساكر هيحكمونا"" جابت أنحاء",2
81 64681296 لا مش مضبوط ما زال دعم المصانع يكلف 70 مليار أرجوك إنت تابع:,2
د السيد البدوي معي في حوار شامل على الهواء 10م بتوقيت القاهرة (8م بتوقيت غرينيتش) على قناة أون تي في,2
أمي ولك في هذا اليوم دعوه ؛ حفظك الله من كل سوء ياجنتي حفظ الله أمي وأمهاتكم وجميع أمهات المسلمين #عيد_الأم …,3
ارجو من الناس اللي شايفة الخطاب مجرد مادة للحلقة ان ينظروا لما بعد الخطاب نكرر: حرصا على سلامة الناس لا يوجد حلقة الاسبوع ده,2
أخشى من أن يشوه بعض من يتكلمون باسم المشروع الاسلامي أن يشوهوا المشروع د عبد المنعم أبو الفتوح أثناء لقائه,3
#يوسف_الحسيني يلقي الضوء على محاكمات شباب الاخوان الذين ثبتت براءتهم ويرى ضرورة إلقاء الضوء عليها لمنع الجدل …,2
الإحباط طاقة جبارة يمكن أن تكون سلبية و يمكن أن تكون إيجابية,2
تجديد حبس #ياسر_علي متحدث رئاسة #المعزول 15 يوما في قضية التستر على #هشام_قنديل| ياااااه وحشتونا ووحشتنا نوادركم …,1
ما هى أفضل وظيفة فى الحياة ؟ ( مدير شركة - رئيس مؤسسة) ؟ لا والله أفضل وظيفة فى الحياة ان ربنا يشغلك عنده تدل الناس على الخير,3
"د أبو الفتوح : تقدمت لهذا العمل لا رئيسا ولكن خادما لأهلى, فعصر المواكب والتشريفات د عبد المنعم أبو الفتوح في الساحة الرضوانية بالاقصر",2
الى من الغوا عقولهم و قالوا ان فيديو القصاص مفبرك الفيديو الاصلي اهوايام ترشيح خيرت الشاطرلم ادعي في الحلقة ان مرسي كان رئيسا وقتها 1,0
#اعترافات_الطفولة كنت احط حنا حق الباربي مالتي من كثر ما كانت امي تحطلي حنا,2
#خلق_جميل إنك تحسن معاملت من اساء اليك,3
"ارجو من يعرف رقم هاتف د رفعت السعيد "" العظيم "" ان يرسله لي او يبلغه تقديري لحديثه الشجاع مع جابر القرموطي!",2
"""__ #اخر 4 دقائق من مباراة الهلال و سباهان تصوير من المدرج دييقاو #اهداف_خماسيات_رباعيات_ثلا…",2
بخصوص قناة السويس كمان وكمان:,2
صحيفة أزفيسيتا الروسية أدعت أن زينيت سان بطرسبرج ينافس #ميلان و #يوفينتوس علي مدافع بوتافوغو البرازيلي دوريا المطلوب من سي…,2
واحد مصري ساكن في سويسرا وقفني في السوق الحرة ومتغاظ عشان سواق الناكسي قاله هات اللي تجيبه يابيه طب أقول له إيه ده؟,2
مهما حاولتم إقناع أنفسكم أن الشعب إختار دستور الإخوان دون تخويف أو لعب بالدين أو إنتهاكات ستظل الحقيقة أن مرسي كذب على المصريين ليمرر دستوره,0
"تذكروا اليوم أن من كان الرب معه فمن عليه توكلنا عليك يا رب الكل رب العدل يا ربانت من قلت "" مبارك شعب مصر """,2
الطوابير اليوم عند المقار الانتخابية أقصر من اليوم الأول في المرحلة الأولى شاركوا أرجوكم، مشاركتكم نجحت الأولى وهتنجح الثانية إن شاء الله,2
عصام سلطان يكتب | فاجعتــان,1
صوتي ثورة مش عورة صورتي هوية مش غواية #يوم_المرأة_العالمي,2
الله يبركلك يا دكتور ابو الفتوح #,3
فيديو سحل وضرب الأمن المركزى لمواطن على كوبرى قصر النيل,2
"اللي يشوفك يتمنى يكون مثلك واللي يعرفك يحترمك ويحبك واللي يسمع عنك يتمنى يقابلك ! #حاول""",3
"متابعات : صلاح فضل: نظام الإخوان قمع حرية المرأةالوفدوتابع ""فضل"" خلال كلمته بندوة ""ن #الاخوان #يكفي",2
علاء الأسسواني: ان جماعة الاخوان المسلمين تقوم على السمع والطاعة العمياء والولاء المذل الى درجة تلبيس الأحذية >>,2
#دمياط من جهة الاستاد كام لايك للصورة دي تصوير المبدع | محمد حويلة صوت دمياط,2
#استغاثة من معتقلي سجن #الزقازيق العمومي نداء الى كل المنظمات الحقوقية نداء الى اصحاب الضمائر الحية #انتفاضة_السجون …,2
للاسف كانت زيارة سريعة ولنا زيارة قريبة ان شاء الله,2
حتى اللى حكتله عن اللى سابوك و قالك ان معاك مش هسيبك سابك هو كمان #مبقتش_تفرق,0
ضحكت على الفيديوهات دي و اكتئبت بعديها في النهاية هؤلاء يشوهون دين ربنا ماتستغربوش من كتر اعداد المجاهرين بالردة قريبا,2
"#صباحى ينفى صحة تسريبات ""محاكمة #السيسى"" وحملة #المشير: تصرفات ""غير مسئولة""",2
يسعدني أن أتلقى أسئلة المصريين واستفساراتهم وأن أجيب عن أكثر عشرين سؤالًا تم التصويت عليها,2
بفضل من الله وبحمده وبمجهودات شباب وفتيات، أتمننا اليوم 9 سنوات في صناع الحياة من العمل والجهد والبذل والعطاء,2
شاهد - آخر كلام: لم يعد مجدياً أي حديث مع بشار,0
الأسواني : ما العلاقة بين التحرش الجنسي وملابس المرأة ؟! >> المقال كاملاً >>,2
صوتك للإخوان معناه الفقر يزيد لأنهم لازم يحافظوا عليه ويرعوه وكده قزازة الزيت وكيس السكر يلم أصوات الغلابة وينجحهم,0
لسه بتسمعوا برنامج نقطة لقاء مع يوسف الحسيني و ضيف النهاردة الكاتب الصحفي الأستاذ نبيل زكي تابعونا,2
(وإنما الأمم الأخلاق ما بقيت فـإن هُمُوُ ذهبــت أخـلاقهم ذهــبوا) #خلق_جميل #خلق_جميل,3
الحمد لله والله أكبر التحية للشعب المصرى العظيم القائد والمعلم دائما وأبدا التحية للقوات المسلحة النصر للثورة والمجد للشهداء,3
شاهدوا الحلقة السابعة من: عمر صانع حضارة وحلقة خاصة عن إنسانية الفاروق,2
موعد صلاة العصر-#بوسطن(الذين يقيمون الصلاة ويؤتون الزكاة وهم بالآخرة هم يوقنون(4)أولئك على هدى من ربهم وأولئك هم المفلحون(5)),2
مرسي سمع تهديد البلاك بلوك باقتحام القصر من هنا وقام معلي سور القصر بالطوب الأحمر فين فتحة الصدر يا سجين القصر,0
اتوقع ان وجود التذاكر في ايدي بعض #الاتحادية وعرضها بسعر خيالي هو احدى الحلول الممكنة لسداد ديونهم ! #مؤلمة 😜 #الاهلي_الشباب,1
الأسواني يروي عن مؤجر شقة:أنا سأطرد صاحبكم لأنه قتل وكذب وغش ونكث وعوده وليس لأنه ملتح و > المقال كاملاً>,0
طرد الاقباط من لجنة 43 مدرسة الشيخ مبارك قرية هوو مركز نجع حمادي #قنا #الاستفتاء,2
اللهـــــم بلغنــــــا رمضـــــان,2
لاتنسون اخوانكم المجاهدين في #سوريا من دعواتكم الصادقة,2
علاء الأسواني: للأسف المسلمين في كل هذه المعارك خسروا حقهم و ساهموا بأنفسهم في تشويه صورة الاسلام المقال كامل,2
{ ومن يشرك بالله فكأنما خر من السماء فتخطفه الطير أو تهوي به الريح في مكان سحيق} #ماهر #المعيقلي…,2
فى حكم مرسي حظت مصر باحترام عالمى فى الانقلاب تحول العالم لعزلتها اعلامنا:مرسي اساء لمكانة مصر,1
#تخيل _لو _يتابعك في تويتر _شخص مشهور,2
جزاكم الله خيراً على تفاعلكم مع سيرة صحابة رسول الله  #دولة_الخلفاء_الراشدين #أبو_بكر_الصديق #عمر_بن_الخطاب #عثمان_بن_عفان #علي_بن_أبي_طالب,2
#ولاد_البلد #المنصورة #مصراوي جنايات المنصورة تؤجل قضية خلية المنصورة #الإرهابية لجلسة 30 إبريل لإستكمال سماع الشهود …,2
لا يستطيع الرئيس مرسي ان يتنصل من مسئوليته عن الغاء عرض مسرحي على مسرح الدولة هل قرار الأمن أقوى من الرئيساين وعود الرئيس عن حرية الإبداع,0
المفكر الكبير د قدري حفني يكتب : ليبراليون ولكن,2
"""38: تسلم لي عيونك يا آحلى #شيرين ♡ "" روحي شيرين محمد العراقي الجريح",2
المستشارالبطويسي نائب رئيس محكمة النقض قال لليوم السابع : احمد شفيق ضده بلاغات وشكاوي لم يتم التحقيق فيها بعد وليس من الصحيح ان يترشح الان,2
إعلان لتطبيق أيفون تختارين فيه شخص وسيم يقوم بتذكيرك بفحص صدرك من #سرطان_الثدي 😍,2
يجب أن نبدأ حملة توعية لحث الناس على التصويت بكثرة لأن ذلك ف,3
أيها الاخوان من عذب الشهيد الجندي حتى الموت من منح طنطاوي وعنان قلادة النيل من قتل 134 مصريا واعتقل وعذب الآلاف اعترفوا بجرائمكم,0
#يقين|#شاهد|#فيديو| حكومة الببلاوي ومحلب اعطو شرعية قانونية للفاسدين ولم يعزلو فاسد واحد,0
عرض الاسبوع 36 ألف متابع #وش_أكثر_شي_يسهرك #صيام_الإثنين #خد_موقف_من #صلاة_الوتر #فى_تويتر_تلاقى #الدمام,2
اردوجان مستمر في نهجه ويحاول أن يلوث المد الثوري المصري #يوسف_الحسيني #السادة_ال…,0
الوطن | المرحلة الانتقالية التى لا تريد الانتهاء (٢) | عمرو حمزاوي:,2
كم من أسير أودعوه السجن جسداً لكن روحه طلقاء أبداً #الحريه_لطلاب_صيدله_المنصوره #ابراهيم_عزب #مصطفي_جلال #أنا_مش_رقم …,2
#4 غرد_بصورة #غرد_بصوره #رمزيات #,2
#سنحيا_كراما,2
تحذيرات قوات الأمن لسكان رابعة والمتظاهرين قبل فض الاعتصام #السادة_المحترمون,0
الرسالة رقم 32 من الجزء الاول لكتاب رسائل سجين سياسى الى حبيبته,2
اكثر انسان دبس اخوه الصغير بمصايب انا سوري برذر ✋ #اعترافات_الطفولة,2
"#النائب_العام يحيل #برهامي لـ""استئناف #القاهرة"" في بلاغات تتهمه بـ #ازدراء_الأديان أحال المستشار هشام بركات،",2
بعد العشرة أيام ربنا يستر,2
#خد_موقف_من الحزن وفرح نفسك عشان الدنيا مش مستاهله,2
الحركة السياسية في مصر تأليف طارق البشري يكشف تواطوء قيادات الأخوان مع اسماعيل صدقي والملك فاروق ضد الحركة الوطنية اقرءوا قبل ان تشتمونا,0
"كل سنة و مصر كلها طيبة انتظرونا في حلقات الموسم الجديد من برنامج ""البرنامج"" في سبتمبر ان شاء الله",2
لا شيء يبرر إحالة المدنيين للقضاء العسكري حتى البلطجية القضاء المدني كفيل بهم,0
"""بوابة الشروق"" تنشر خطابات متبادلة بين ""#محلب"" و""محافظ #القاهرة"" و""الآثار"" عن التجاوزات في مدينة ""الفسطاط""",2
"بوابة الشروق| العشرات يشاركون فى تظاهرة ""#تمرد"" الإلكترونية على صفحة ""#المشير"" #مصر # #",2
يتم توليد الطاقة الحديثة من 3 مصادر اساسية #المياة و #الرمال و #الهواء لذلك #أوقفوا_الفحم,2
سفير تركيا في القاهرة ضيفي على الهواء 10 مساء الجمعة (8م بتوقيت غرينيتش) على أون تي في و مستعد لأسئلة المشاهدين,2
طبيعي لأنهم في الخلف !!,1
في معرض الكتاب القادم بإذن الله من دار الشروق,2
الدكتورة إيمان جمعة الأستاذة بكلية الإعلام جامعة القاهرة ضيفة #يوسف_الحسيني الآن في #السادة_المحترمون,2
أهلاً بك ياأخي الكريم والله إلمامي بهذا التويتر يقترب قليلاً من إلمامك باللغة الصينية :),2
الفرق بين دم الحجامة والدم العادي #غرد_بمعلومة,2
#ديموقراطية بلا معارضة قوية مثل القاطرة بلا كوابح… #وعي #سياسة #نهضة,0
ما يتحدث عنه المجلس العسكري من تفعيل لحالة الطوارئ مرفوض شكلا وموضوعا,0
وحكاية إنه يكتب البذاءات دي بقت قديمة خالصده أكثر الأفلام إسفافا أرقى من خطب بعض مشايخكم اللي طلعتوهم على منصة دعم كذب الرئيسإلعبوا غيرها,0
دبي للصادرات تستعرض فرص التعاون الاقتصادي مع كندا - #الإمارات #بالعربي,2
لا توجد ثورة في التاريخ حققت أهدافها بالاستبداد الاستبداد ينتهي دائما بكارثة لا يمكن ان ندافع عن رئيس يعطل القانون مهما كانت نيته طيبة,1
#الوفد ضبط 42 إخوانيًا فى اشتباكات بـ4محافظات اليوم: قال مركز الإعلام الأمنى، التابع لوزارة الدا #الوفد,2
"#عيد_العمال احتفلوا بعيـــد العمال أيها البطالة !!! يقول دينيس كوشينيتش: "" البطالة سلاح دمار شامل!"" #البطالة",2
الا قولي با باشمهندس فاضل هو عادي ان الواحد يحج كده؟,2
النائب العام قرر إنه يوضح قراره الخاص بالبلاك بلوك بعد ما شباب القضاة إدوه درس في مخالفة قراره للقانون إمبارح,2
الأسواني يتسائل: هل يستطيع أحد أن يوقف المستقبل ؟! >> أقرأ المقال كاملاً >>,2
مدير مطار الملك عبدالعزيز بـ #جدة : لا توجد إجراءات احترازية صحية على المسافرين و #وزارة_الصحة هي المسؤولة عن إبلاغنا بذلك #اعتقال,2
تلتقون بعد قليل مع الدكتور عمرو خالد مع الإعلامي خيري رمضان الساعة 930 مساء على قناة (سي بي سي) الفضائية في,2
الرسالة رقم 3 من الجزء الاول لكتاب رسائل سجين سياسى الى حبيبته,2
الإرهاب نهايته 'مزبلة التاريخ',0
في القطاع الحكومي وإعطاء حوافز للمشروعات الصغيرة والمتوسطة وتبني مشروع قومي للتعليم ومحو الأمية,2
محتاجين دعمكم للمركز الطبي الخيري ولو بنشر تويت بالموقع 01201968,2
بعد عام من الثورة نجحنا في خلع رأس النظام وسنعمل سويا في تحقيق بقية اهداف الثورة: عيش حرية عدالة إجتماعية,2
الامارات دفعت للانقلاب 8 مليار دولار لاسقاط مرسي وايقاف مشروع قناة السويس وكسبت 100 مليار من الانتفاع بالمشروع لنفسها,0
في #المدينة المنوّرة، بئر يتوسط ساحة مدرسة ابتدائية بالحناكية يثير قلق أولياء الأمور! | #لمى_الروقي | (أنحاء) …,2
": #الجنوب #أبها #النماص #مطر """,2
البوابة نيوز: اليوم #وائل_جمعة يودِّع الملاعب الإفريقية بالمغرب:,2
ومع ذلك سقطت بالأمس وإلى الأبد مقولة أن التيارات الديمقراطية لا شعبية لها وأن للإخوان ولحلفائهم احتكار الارادة الشعبية وتوكيل الصناديق,1
اللي عايز يتحاور يروح يتحاور مع أهالي الشهداء والمصابين، لو دول رضوا عنكم ربنا هيرضوا عنكم وإلا فلا أمل أبدا لنا جميعا,1
حمزاوي:توزيع اللحمة محاولة للتأثير علي السلوك الانتخابي وسأكتفي بجولات للمعايدة بالدائرة,2
نتفق معك في ان الرجال يعرفون بالحق ولا يعرف الحق بالرجال,3
الإخوان يكتبوا بالانجليزي عشان يستقووا بالخارج مافيهاش مشكلة لكن لو انت عملت كده تبقى عميل,0
3) #الطبالة يمارسون #حرب_اللاعنف على المشروع الاصلاحي، فيحاربون جميع المصلحين بالقذف والتخوين مما يساهم جليا في خلق متطرفين راديكاليين,1
لحظة القبض على 60 من العناصر المسلحة برمسيس وغمرة #السادة_المحترمون,2
رصد| #عاجل| نقلا عن الأناضول : الحكم بالإعدام على 37 من رافضي الانقلاب، #2011,2
فوائد الإلحاد مقال كتبته منذ فترة في الشروق و تعرضت فيه لمغبة التنفير من الدين على يد من يتكلم بإسمه,1
#الوفد - #ﺍﻟﺒﺒﻼﻭﻯ: #ﻃﻨﻄﺎﻭﻯ ﻟﻴﺲ ﻣﻔﺠﺮً ثورة25ﻳﻨﺎﻳﺮ,2
شعار المرحلة #السكة_شمال,2
#ثورة_الانترنت باخد الـ من هنا بحولها من هنا وهى دى قمة الانجاز العلمي:),2
حسبنا الله ونعم الوكيل #البحرين #الكويت #الرياض #مصر #قطر #الامارات,2
إختفاء قوات القذافي و كل مساجد طرابلس يعلو صوتها بالتكبير # #17,2
شاهد - يوسف الحسيني يخرج عن السياسة ويتحدث على الهواء مع ألبرت شفيق عن زميله في العمل …,2
#سر_مش_مكسوف_منه انا كشاب مصرى عنده 26سنه عمرى ما حسيت بشعور الوطنيه وانتمائى لبلدى غير سنه 2011 بسبب 25 يناير لانى حسيت انها هتكون بلدى,1
لا اعرف الدكتور هشام قنديل و من عدم الإنصاف ان نحكم عليه قبل ان يبدأ لننتظر التشكيل الوزاري و نعطيه فرصة ليعمل ثم نقيم اداءه,1
"د علاء الأسواني يكتب مقاله الأسبوعي بعنوان: ""هل تحتاج الى السينما ؟! >> … …",2
الاجازة مخطط لها من اول الموسم و سنعرض في فترة التوقف حلقات تجميعية خاصة من افضل الفقرات و التفاعل مع الجمهور بين الفقرات,2
الانتخابات ألأخيره كانت بين اختياريين كلاهما مر !,0
إآبني آلمستقبلي ^_^ تشرب #حشيش عآإدي = تصآإحب بنآإأإأت شغآل $$ = تضرب ابوكـ ومآالو :$ = = بس تطلع #زملكاوى هولع في أبوكــــــــــ -_-,1
كيف يتجاوز الليبراليون بمجلس الشعب مأزق المقاعد القليلة؟ - عمرو حمزاوي - بوابة الشروق,2
#تصريح_بوتين #روسيا #موسكو #بوتين 42,2
نقلا عن مصرية مسلمة: لن يتوقف النيل عن الجريان ولن يتوقف المصريون عن التصدى للانقلاب صورة اليوم,2
"ربنا يرحم 2,976 امريكى الى اتقتلوا فى #11 و ربنا يرحم برده 48,644افغانى و 1,690,903عراقى الى دفعوا ثمن جريمة",2
#اعترافات_ليلية احب المحلوه 😍,2
لاتعلق سعادتگ بأحد لانهم سيرحلون ويغيبون بسبب وبدوون لذا تعلق بالله لان البقاء له #بصـراحـه,2
غير معقول وجود قوات جيش وصاعقة فى المدارس الصور مرعبة للعالم كله وجايين تقولو عايزين سياحة,0
"هزة وسط ""#صافيناز"" بـ 110 آلاف جنيه يلعن ابو التعليم",0
حقارة صحيفة الفجر او الفجور علاء صادق يشترى منزلا فى الوكرة ويتخذ قطر وطنا عندما تكذب كما تتنفس,0
#الفرسان_كورة | اخبار | #وائل_جمعة أساسيا فى مواجهة #الأهلى_والدفاع_المغربى,2
صور الحفلات و هاتهالي،يا محمد ، انا حيطة سد يا ابني و مش هاتخد معايا لا حق ولا باطل اسأل عني كويس و إكبر بأه,2
"4 ""ندوة الاسكندرية - مكتبة أ""",2
عرض الاسبوع 36 ألف متابع #وش_أكثر_شي_يسهرك #صيام_الإثنين #خد_موقف_من #صلاة_الوتر #فى_تويتر_تلاقى #الدمام [931841],2
أقدم ما عرف عن #المولد_النبوي ما كان يفعله #أهل_مكة في 22أبريل كل عام من زيارة مكان وﻻدته كما يذكر الشهاب القسطﻻني في المواهب اللدنية,2
يا ربنا يا ربنا انا ليا مين غيرك انا ليا مين غيرك #عمرو_خالد,2
"#عاجل :: تأجيل #محاكمة_مرسي و14 آخرين في قضية ""أحداث #الاتحادية"" إلى جلسة 3 مايو المقبل #سوو",2
الاّتى هو نص رسالة أرسلتها للسيد عبد الفتاح الجبالى رئيس مجلس إدارة الأهرام 1,2
أنضم والروائي علاء الأسواني والإعلامي حمدي قنديل إلى ريم ماجد ورئيس الوزراء الفريق أحمد شفيق والمهندس نجيب ساويرس,2
هل حصل باسم يوسف على الجنسية الامريكية ؟ #مصر #باسم_يوسف,2
مقتل 32 شخصا في هجمات إرهابية انفصالية على عدد من القرى شمال شرق #الهند #الارهاب,2
"يقول الله تعالى: "" فاصفح الصفح الجميل "" الصفح الجميل هو الذي ليس معه عتاب سامح من تحب إذا أخطأ بلا عتاب",2
5] #أحبك_ربي #غرد_بالخير,2
من العار اختصار دولة بتاريخ وحجم وقيمة وامكانات مصر فى شخص واحد مخطط يهودى فظيع,2
الاعتداء على الفنان خالد يوسف من قبل بلطجية ابو اسماعيل يدل على ان مرسي وجماعته قد انتقلوا بمصر من الدولة الى العصابة ستسقطون كما سقط مبارك,0
المعتدي على خالد داوود قال في التحقيق أنه جاء من شبرا لأبو الريش ليشرب عصير,2
لقد صححت الرقم 70 مليار لأني وجدت أن 95 هو القديم إتفضل ولو لقيت حاجة غلط أرجوك بلغني:,2
عن المرء لا تسأل وسل عن خليله فكل قرين بالمقارن يقتدي ما نوع الخدمات التي يقدمها #دحلان لكم يا شرفاء #الامارات ؟ ويشهد …,2
بسمة أمل - أحلى متعة في الدنيا,3
لا يجوز للسلطة التنفيذية ان تتدخل لمصادرة اي منتج ابداعي فيلما او كتابا او ايا كان نحن في حاجه للمبدعين,0
شاهد - آخر كلام: أ د حمدي السيد - نقيب الأطباء المصري هو واحد من أشهر أطباء القلب في مصر، والعالم العربي، وفي,2
"#اه_والله "" للأسف هذا ما يصيبنا دائماً",2
ليت كل مسيحيين مصر زيك #اللى_رافضين_السيسى_رئيس_بيعملوا_فولوا_لبعض #انتخبوا_العرص #مرسى_رئيسى #سيناء_خارج_التغطية …,1
عاجل : أهالي #الجيزة يطارون عناصر #الإرهابية بفيصل والهرم,2
المرأة كتاب عليك أن تقرأه بعقلك أولًا وتتصفحه دون نظر إلى غلافه د / #مصطفي_محمود,2
عداء الانقلاب لكل ما يتعلق بالاسلام فظيع هل هم الصليبيون الجدد باسماء ووجوه جديدة؟,0
عرض الاسبوع 36 ألف متابع #وش_أكثر_شي_يسهرك #صيام_الإثنين #خد_موقف_من #صلاة_الوتر #فى_تويتر_تلاقى #الدمام [924697],2
#الشروق محافظ البحيرة يكرم 140 من أبطال حرب أكتوبر: كرم محافظ البحيرة اللواء مصطفى هدهود، 140 من أبطال #مصر,2
جيد أن تتنوع الآراء حول السياسة وقضاياها وضروري أن يتم التعبير عن هذا التنوع في الإعلام التقليدي وشب,3
هامش للديمقراطية سمات السلطة الشمولية,2
#شاهد #90دقيقة : رصد حال اليوم الدراسي فى #الجامعات و شكوى #الطلاب على شبكة #قنوات_المحور #المحور #المحور_2,2
د عبد المنعم أبو الفتوح فى العاشرة مساء 12 07 2011,2
"""""بيفتح السمكة م…",2
استمع إلى قصة نجاح لطبيب مصرى فى بريطانيا- بسمة أمل - كن متفوقاً يحترمك الجميع,2
د علاء الأسواني: ماذا تفعل اذا كان جيش بلادك يحارب دفاعا عنك ثم لاحظت في أداءه أخطاء جسيمة ؟!> أقرأ المقال كاملاً>,2
المصرى الحقيقى كالهرم الشامخ رفقته شرف و التواصل معه حق و نسيانه محال و الدعاء له واجبكل عام و انتم بخير و مصر طيبة و حرة آمنة,3
#عاجل #الرياض #مكة #خواطر #غرد_بصورة #غرد_بصوره #دبي #غرد_بذكر_الله [31474525],2
#نفسك_فى_أية_فى_الجنة_؟ نكلم الرسول صلى الله عليه و سلم =],3
_ هل من الاسلام لستخدام المساجد لاطلاق النار علي الاخر هل هذه هي وظيفة المسجد في الاسلام؟؟؟,2
"المجد لشهداء ""#محمد_محمود"" الذين سالت دماؤهم لتروي شجرة النضال …",3
لا نريد أن يسجل في تاريخ القوات المسلحة كارثة انسانية وهذا ندائي للقوات المسلحة,2
"اثنان وثلاثين سببا للتصويت بـ ""لا"" على مشروع الدستور",0
"انتظروني اليوم مع الإعلامي محمود سعد في برنامج ""آخر النهار"" الساعة 9:30 مساءً على قناة النهار الفضائية تردد ١١٤٨٨",2
#التحرير | القبض على 47 متهما فى أحداث أسوان الدموية بين الهلايل والدابودية للتفاصيل,2
البيت اللى اتصور فيه فيلم مافيا :) #عم #فاروق #اسوان,2
لله الحمد تجوزنا 5000 محب و متابع لصفحة #الأقصى متى نصل لـ 10 آلاف محب ومتابع ؟؟ ؟,2
لو جنان انك تنزل مظاهره من غير تصريح #اتجنن,2
أبرز نشاط للانقلاب تطهير مصر من العلماء والاحرار والشرفاء والموهوبين والمتفوقين فى الجامعات والمدارس,0
نت #فودافون بيعلم الصبر,0
#اسكندرية : طلباتكم آوامر :) كنت عايز دكتور قلب شاطر لو سمحتوا ضروووري,2
مباشر من التحرير: وجود المشير غير دستوري لأن تنحي مبارك غير دستوري !!,2
شاهد - آخر كلام: أي نوع من بشر يلوم هؤلاء حين تشتعل قلوبهم؟ #,2
"شاهد فيديوللرئيس الأميركي يلعب كرة القدم مع ""روبوت"" ياباني #أوباما #اليابان",2
#سوريا #ريف_دمشق الثوار يستهدفون مواقع قوات النظام على جبهة #المرج في الغوطة الشرقية بقذائف الهاون ويحققون اصابات مباشرة,2
""": #أحمد_ماهر يكتب دولة القوات المسلحة الشقيقة """,2
حديث خاص مع وائل غنيم عن عامين من الثورة وماذا انجزنا وفي ماذا اخطأنا وكيف نصحح مسارنا وجه سؤالك له #جملة_مفي,2
هذا إن أشار أو وشى، فإنما يشي بإنه مفيش أي قيمة وطنية موجودة عند هذا التنظيم ولا أبناء هذا التنظيم,0
رسميًا الحكومة تسمح لشركات الأسمنت باستخدام الفحم #أوقفوا_الفحم,2
#هننضف_لو بطلنا نحكم على الناس من شكلهم و لبسهم و تمن خروجاتهم و انهم بيعرفوا انجلش ولا ﻷ !,0
"توقَّف عن قومنا الواتساب ؛ فعاشوا فراغًا وضاقتْ صدور! ألاَ ليتهم يفتحونَ الكتاب فيتلونَ من آي ربي سُطور!* #الواتساب_معلق""",1
كلام وكلام حملة لا أضحية هذا العام تؤكد حب الإخوان للخرفان #السادة_المحترمون …,0
بعد الاسرار التى قرر الادلاء بها فى مذكراته مطلوب حماية سامى عنان من نفسه ومن ضباع النظام,1
جنود السيسي أحرقوا معتصمي النهضة وهم أحياء واقرؤا شهادة شاهد العيان وشاهدوا الصور #مصر,2
الصندوق الأسود لقضية ميشال سماحة,2
إيه يا ولاد الوسخة فيه إيه؟؟؟!!!! #ثورة_الانترنت #تي_إي_وساخة,0
الإخوان ذهبوا مهرولين ليكونوا راعي المشروع الأمريكي الفاشل في المنطقة هم فاشلين ومشروع الأمريكان فاشل الطيور على أشكالها تقع,0
غزَّة إنتهى صوتها وهي تصّرخ، والجميع في / سُبات مميت !! #غزة_تحت_القصف,0
عملت محضر ؟,2
ابتسم فلتلك البسمة الصغيرة أثر كبير في إسعاد قلوب اﻵخرين,3
الدكتور مصطفى الفقي مثال اخر على تخبط النظام الآمل يكبر #,2
#المصريون | رئيس #الوفد يقرر عودة المفصولين من خلال تقديم تظلم أكد المتحدث الرسمي لحزب الوفد المستشار بهجت,2
"ورداً على تساؤل فيما خص ترشحه عن"" دائرة مصر الجديدة ""اجاب دعمرو ان الجامعات هى مساحة للعلم و ليست مساحة للدعاية الانتخابية",0
وإكمن كلوا أذاك قررت تعشق ملاك ياللي عشقت الملاك حتى الملاك #صدك #دينا_الوديدي :),2
#مذكرات_أبو_ليه_فى_البحث_عن_الشرعية #مذكرات_أبو_ليه_فى_البحث_عن_الشرعية #مذكرات_أبو_ليه_فى_البحث_عن_الشرعية #مرسي #سأنتخب_السيسي #تحيا_مصر,2
"قال ""التوكل"" : أنا ذاهب للعمل فقال له ""النجاح"" : وأنا ذاهب معك! وقال ""التواكل"" : أنا جالس لأرتاح فقال",2
امل محمود فى ذمة اللهرحلة عطاء ومقاومة باسلة ستبقى فخرا لجيلنااالهم اجزها خيرا عنا وبواسع رحمتك ادخلها واسع جنتك,3
خد اللقطة كدة #السادة_المحترمون,2
#الطريقة #الشرعية في #تحصين #المنازل #الشيخ #عبدالعزيز_الفوزان,2
مقتطفات مختارة من معصرة هذا الأسبوع يقدمها صديق لنا على تويتر له خالص الشكر والتقدير,2
#ولاد_البلد #المنصورة #جوانا_خير تنظم يوماً للأيتام بحديقة الطفل #بالمنصورة تصوير: محمد مدين مونتاج: خالد لطفي,2
حذرت د #محمد_مرسي من تصاعد الغضب في يوم 18 ابريل وحذرته من طموح #السيسي للسلطة …,2
ادعم أبو الفتوح برسالة نصية على الجزيرة مباشر مصر خلال الحلقة أرسل رسالة قصيرة إلى 99206,2
عودة إلى عصر المحميات في الخليج كل #أردني و #سوري لازم يقرأ الجزء الأول كل #سعودي لااازم يقرأها كااام…,2
_22 اممم بص النتيجة واحدة نقي انت #ديموقراطية,2
"نصائح للنساء المتعرضات ل #تحرش بمقر العمل متعب المالكي يقدمها بنقاط بسيطة 24 """,2
لما توق تشرب قهوة كليا ويقعد النوم فالقها ما يبيش يزورك تقعد حالتك كويسة #كن_متفائلا,1
نفس الكلمتيين اللى سمح بهم #السادات الى #صباحى يقولهم امامه وهو طالب هما نفس الكلمتين الذى يرددهم فى حملته!,2
الجيش لم يخون مرسي فقط بل خان الشعب المصري بأكمله,0
ماحدش بيجبرك على الفرجة اقفلي التلفزيون بعد الفقرة التانية,2
#فور_نيوز|#شاهد : مقطع من مسابقة المواهب التي تقام في المسجد الأقصى اليوم,2
أيتها القطط المتمسحة بالعسكر خوفا من الاخوان هل تطلبون الديمقراطية من الشرطة العسكرية الحرية تنتزع والشعب الذي اسقط مبارك قادرعلى الاخوان,2
غدا ستقرأون في المعصرة مواصلة مني للحديث عن موضوع الأندلس وإشارة إلى مقال قديم لعمنا محمود السعدني عن الإستثمار السياسي للأندلس,2
عاد جلاّد الأندية ؛ وحاكم الكرة الدائم 😍️ #تصميمي #ريتويت #ريال_مدريد #كريستيانو_رونالدو,3
طب سؤال بجد: اللي قتلوا الشيعة صاموا نص شعبان وكده؟,2
كان من المقرر أن يصدر مرسى قائمة اعتقال 21 شخصا من الاعلاميين والسياسين #,2
#هل_حياة_سندي_عالمة اي واحد عنده لغه انقليزية يعرف تماما حجمها الطبيعي وحتى انها لم تنشر اي بحث بصفتها باحث رئيسي #ا…,2
شاهد - أول ظهور لمن أطلق شرارة ثورة ٢٥ يناير عبدالرحمن منصور في آخر كلام #,2
#ممحونه #دعارة #منحرف #زواج #أغتصاب #مصر #تونس #الإمارت #طرابلس,2
انتهيت من أداء العمرة فإنه منظر عظيم أن تجد الملايين يستغيث ون بالله تعالى يا رب انصرنا و احفظ بلادنا و افتح,3
"#رجعوا_الجماهير عشان ""يمارسوا"" التشجيع",2
"اليوم السابع | ""طالبات #القاهرة"" يشاركن فى معسكر فتيات #جامعة_المنصورة بجمصة",2
لا يجوز أن تستسلم لنصف الثورة او لثلاثة أرباع الثورة ولا بديل لنا سوى اكمال الثورة,2
"""2000: واحد مننا وعايش زينتا "" واحد مش مننا وﻻ عمرة مثلنا دا ممثل ظيطة ولزوم الهيصة #مرار_طافح",1
لو انت متخيل انك حتبوظ كل البناء اللي انا بعمله،أنا آسف،اطلع بره #السادة_المحترمون …,2
الحمد لله أن لي ربايغفر الذنبويقبل التوب حليمستيرغفوررحيمجبارعليمحكيم تعرف إلى الله بأسمائه وصفاته #أح…,3
#يوسف_الحسيني إعلامنا نكدي والمسئول الأول عن حالة الكأبة الموجودةعلى وشوش المصريين #السادة_المحترمون …,0
""" #حقيقة #ذكرى #جسر_عبور # -",2
أيها الاخوان الا تذكرون 52 شهيدا قتلتهم شرطة محمد ابراهيم بأوامر من مرسي عندما شكر مرسي القتلة واعلن حظر التجول اعترفوا بجرائمكم,0
"هنا في نيويورك الصفحة الاولى من نيويورك تايمز جايبة صورة مرسي في الخطاب والعنوان""مرسي يتعهد باطلاق سراح الارهابي""يعني عمر عبد الرحمن",2
#حلاوتك_وانت عامل نفسك دكر و راجل قدام امك و بتبقى مرمطون و شخشخية ف ايد البنت بتاعتك #استرجل,0
علوم الإمارات - | العثور على 3 خادمات هاربات عبر حساباتهن في فيس بوك #الإمارات #,1
#الوفد فيـديووقفة مؤيدة للسيسي بالإسكندرية: تجمع العشرات من أهالي الإسكندرية، بعد صلاة الجمعة، #الوفد,2
#تنويه_البرنامج اللي دخل السياسه يتحمل كل تيتها ومنهم التيت اللي هيطلع من البرنامج ! للكبار فقط,2
#عادل_الفقيه_وزير_الصحه_والعمل #فيفي_عبده_الام_المثالية,2
هو ما ينفعش مكاحمة #مبارك تتنقل #المنيا طاه؟؟ #مصر,2
الان #محمد_عبد_العزيز عضو لجنة الخمسين و #مي_وهبة من مؤسسي حملة #تمرد ضيوف #يوسف_الحسيني في #السادة_المح…,2
صحيفة العرب القطرية/ #عاجل|المتحدث باسم #بوتين:الهجوم في شرق #أوكرانيا يوجه الضربة القاض - عبر تطبيق نبض,2
"الخثلان: ""التيار الكهربائي"" يتسبب في 90% من حرائق المدارس #المدارس #السعودية",2
لن تصل مصر مطلقا الى كأس العالم الا عندما تصل الديمقراطية الى مصر بلد تقتل ناسها وتلاحق جمهورها العاشق للكرة,0
عايز تكون عضو في حمله المشير السيسي سهل جداًً ساعدنا اننا نعمل مليون شييييييييييييييييييييييييييير #سأنتخب_السيسي …,3
":) ,, #لازم الواحد يصبر نفسه بردوا",2
مافيش منظمة تراقب كام واحد دخل لجان الإقتراع؟ لازم يتعدوا من جهة مستقلة لأن بعد إضراب أغلبية القضاة الكاسحة ولاء القلة اللي هتشرف لمين؟,2
صلاة المغرب #بوسطن (يا أيها الذين آمنوا استعينوا بالصبر والصلاة إن الله مع الصابرين),2
#الشعب_يرد_تحية_الرئيس #انتخبوا_العرص #مصر_الليلة #إنصاف_الاخوان #يمهل_ولا_يهمل #مرسى_رئيسى #اشتون_قاتله,1
تنمية محور قناة السويس يعد مشروعا قوميا #السادة_المحترمون,3
#لماذا_العرب_متأخرين_عن_الأمم امه اقرأ لم تعد تقرأ امه تحيتها السلام عليكم ترددها قولا فقط ولا تدركهاولا تعمل بها الا من رحم ربي,2
"#السارية 2 أنشودة ""حاشاك يا رسول الله"" #النشاما #شبكة_المجد #قناة_ماسة 1",2
نصيحة لأتباع مرسي ، كفوا عن النواح والهجوم على كل مخالف ،، كنتم سببا في تحويله لديكتاتور بتاييدكم الاعمي له ، فلا تزيدوا من ك…,0
البرادعي يستقوى بامريكا مرةاخرى و يرسل عصام العريان الي واشنطن شئ مقرف,0
7 #شخص_تتمنى_له_عاما_سعيدا_2014,2
😡😡 بغيض نبي نطلع ومسكها على البطاطس #صور #تصوير #تصويري #عدستي #انستقرام #تويتر #فيديو #دبي #رحله #سفر…,2
#لماذا_العرب_متأخرين_عن_الأمم لاننا نعيش حاضرنا نتغنى بأمجاد تاريخنا اللذي لانعمل منه شيئاومنغلقين في قشور الامور فقط,2
شاهد - آخر كلام: لكننا شعب يعرف الحق فاتق شر الحليم #,2
تولِّى #السيسي رئاسة مصر معناه انتهاء الحكم العسكري,2
ومرسااااااه جابت نتيجة، وامرسااااه جابت نتيجة حكمتك يا رب,1
"""7_: #خريجات_جامعيات_قديمات_عاطلات #رتويت #دعم #ظلم #قهر """,2
مجلس الوزراء و محمد محمود اتحسبوا رسمي شهداء ثورة و صرف لهم تعويضات هزلية، ماسبيرو رفعت قضية باسمي لاحتساب…,2
(بأي ذنبٍ قُتلت)؟! #مجزرة_رابعة_العدوية #السيسي …,0
علينا ان نعبر عن غضبنا بطريقة سلمية استعمال العنف ستستخدمه اسرائيل ضدنا على المستوى الدولي يجب ان يكون هناك رد قانوني ودبلوماسي قوى,1
بيقوللك حظروا مقرات 6 ابريل؟ لو يعرفوا اللى فيها هيجمعولهم تبرعات #اه_والله,2
ﻭﻗﺎﻝ ﻝَﻡَّﺍ ﺣﻮﺻﺮ ﻓﻲ ﺩﺍﺭﻩ: يبيت ﺃﻫﻞ ﺍﻟﺤﺼﻦ ﻭﺍﻟﺤﺼﻦ ﻣﻐﻠﻖ ﻭﻳﺄﺗﻲ ﺍﻟﺠﺒﺎﻝ ﺍﻟﻤﻮﺕ ﺷﻤﺮﺍﺧﻬﺎ ﺍﻟعلا #عثمان_بن_عفان,2
دعبد المنعم أبو الفتوح: أمثل التيار المحافظ المنفتح على كافة التيارات,2
#اسكندرية : سجل وجودك بأسم منطقتك ياترى ايه المنطقه المسيطرة على البيدج :),2
هى انك تكون راضي بنصيبك ال ربنا كتبهولك,2
الحفاظ على الأمن والإستقرار لا يعنى ولا يستلزم ممارسات تتعدى بشكل صريح أو مبطن على حقوق المصريين وحرياتهم,2
الخطأ القومي عندنا هو التبجيل,0
شوفوا لما انت بتتبنى فكر وكلام وتفكيروشكل معين تعتقد انه الشكل الصحيح للدين فانت جعلت من نفسك سفير لهذا الدين صعب تقول انا بامثل نفسي بس,2
شوية والكهربا راح تقطع :( #غزة_تحت_القصف #بكفي_حصار,2
ليلى فتاة مسلمة ربتها جدتها المسيحية، شاهد لقاء عمرو خالد مع ليلى وجدتها,2
مقدرش أحترم رأيك لو انت من #الاخوان او من #النكسجيه بتوع #ثورة_يناير ناقص تقولي إحترم رأي أعداءنا الاسرائيليين #مصر #الاخوان_المعرصين,0
ماذا رأيتم من موجابى حتى تكرهو دستوره (أخوان ستايل ),2
اعتراف أنتسب لحمله #حازمون وفضلت أهاجم #مرسى_رئيسى بفكر حزب_الزور وانتقد #الإخوان فى كل الأمور أعتذر لك سيدى الرئيس ف #الشعب_يرد_تحية_الرئيس,1
#6ابريل #افرجوا_عن_مصر #يسقط_قانون_التظاهر منذ قليل والمسيرة تقترب من #الإتحادية …,2
شاهد - آخر كلام: البرلمان و تسليم السلطة و مليونية المطلب الواحد,2
"وحدة الكيانات العربية هي جزء من أمنك القومي وحفاظاً على وحدة كيانك,إن لم تعي ذلك #…",0
استرداد #طابا وتحرير #سيناء كامله كان في عهد مبارك وهو اللي سافر وجاب مايثبت ان طابا ارض مصريه وشكل لجنه دوليه لاستردادها 1,2
يوم جديد وجمعه مباركة لتخليص مصر من الانقلاب وحكم العسكر عشان الى يحكمنا يعرف ربنا ومش لازم يجذب الستات,1
بعد اكتشاف اول حالة #فيرس #كورونا في مصر الوقاية خير من العلاج #شير وانشر طريقة الوقاية واعراض الفيرس,2
يسقط يسقط حكم العسكر #ثورة_25_يناير #باسم_رئيسا_لمصر #انتخبوا_العرص,1
،029،542 استمارة سحب الثقه هذا هو العدد الرسمي الذي تم اعلانه اليوم في مؤتمر الحمله,2
القضاة والمحامون يعلقون العمل بمحاكم الإسكندرية ودمنهور اعتراضاً على قرارات الرئيس,2
الآن د ضياء رشوان ضيف آخر كلام على الهواء فقط على 12398 -,2
زول فى الشارع للبنت و كمية شده الاعصاب اللى بتقابلها يجيب الف مشكلة نفسيه فى حد ذاته ! #مصر #تحرش,0
فأن متشدقين بالدفاع عن الحريات يرفضون الرأي الآخر ويقصون المختلفين معهم بديكتاتورية,0
عرض الاسبوع 36 ألف متابع #وش_أكثر_شي_يسهرك #صيام_الإثنين #خد_موقف_من #صلاة_الوتر #فى_تويتر_تلاقى #الدمام [911538],2
عندي خيال رهيب بخترعه وممكن أحاول أطبقه ! #إعترافات_ليلية,2
وفاة المخرج توفيق صالح عن 87 عامًا بعد صراع مع المرض #يوسف_الحسيني #,2
#ربنا ارزقنا الرحمة في قلوبنا فنحن بحاجة اليها فى صدورنا كى نرحم بها بعضنا 3,2
خدت موافقة خيرت الشاطر على التويتة دي يادكتور فاضل؟,2
الحل في رأيي اما الاتفاق على مبادىء عامة ثم طرحها على الشعب في استفتاء جديد او تشكيل اللجنة التى ستكتب الدستور لتشمل كل اتجاهات المجتمع,2
"الصحافة العالمية ومحاكمة مرسي لو موند الفرنسية: مرسى للقضاة أنا الرئيس : "" é"", à è",2
علاء الأسواني يروى عن شباب الثورة: المصريين ما كانوش كفار قبل ما يحكمهم الإخوان >> المقال كاملاً >> …,2
ساويرس ظبطك على الاخر وعملك فورمات لمبادئك كل عيش يابو دم خفيف,0
عرض الاسبوع 36 ألف متابع #وش_أكثر_شي_يسهرك #صيام_الإثنين #خد_موقف_من #صلاة_الوتر #فى_تويتر_تلاقى #الدمام [933158],2
يتقدم الشعب المصري بخالص الشكر والامتنان للمشير السيسي لمجهوده الجبار في حل النزاع الوطني بين مرتضي منصور واحمد شوبير #هاشتاج,3
لو مهتم تعرف ردي هتلاقيه هنا في المقال ده وكل واحد في الحياة ليه منطقه,2
تزايد الطلب على مساكن العمال بمجمع دبي للاستثمار - #الإمارات #بالعربي,2
#زينة: هادا الإشي غيرني صرت أتطلع عالحياة بمنظور مختلف,2
"""_4: #السعاده: أنتِ بذاتها و الفرحه عيونك •""",3
الانقلاب كشف مئات الحقراء في السياسة والاعلام والاقتصاد والفن والرياضة، لكنه أضاء لغيرهم طريق الحرية شكرًا سيف عبد الفتاح,1
وفجأة طلعت حملة انت الرئيس بتاعت أحمد شفيق !!,2
بوسطن تشهد أول ماراثون بعد تفجيرى 2013 #بوسطن #الولايات_المتحدة #ماراثون #الإرهاب,2
بسمة أمل - حتى لا يُلغى الدعم عن الفقراء,2
"من أجمل ذكريات الطفولة أنك تنام في أي مكان في المنزل وتستيقظ وأنت في سريرك ""ربِ ارحمهما كما ربياني صغيراً""",3
من النهارده هتبتدي كل الوساخات اللي كان نظام مبارك بيرددها عن هيكل تتردد على ألسنة الإخوان وأنصارهم للإنتقام من كلامه عن فشل مرسي وجماعته,0
"الورقة التي لم تسقط في فصل الخريف:(خائنة) في عيون أخواتها,(وفية) في عين الشجرة,(متمردة) في عيون الفصول,فالكل يرى الموقف من زاويته,فما رأيك?",1
واللى ماتوا فى #بورسعيد عشان رجال ، لما قاوموا حُكم #عسكر كالجبال ️,3
"متحدث #الحرية_والعدالة : عملي مع #الإخوان ""سبوبة"" والنيابة تأمر بحبسه ميمو",1
#سنن_قبل_النوم قُل قبل نومك : الحمد لله الذي أطعمنا وسقانا، وكفانا وآوانا، فكم ممن لا كافي ولا مُؤْوي,2
شارك بتعليقك ؟ #وزير_التموين: ندعم إنتاج 270 مليون رغيف يوميا بمعدل 3 أرغفة لكل مواطن,2
انا باسأل لان دلوقتي مواضبع كتير بقت تطلع من النت والاعلام يزيط ويطلع مصدره اي كلامزي موضوع تأجير قناة السويس او تصدير السولار لغزة,2
"_ عينيا ليكم, مع إني يساري الإتجاه بس شايف إن البلد هتتصلح بمزيج من الأفكار والإلت",2
د عبد المنعم أبو الفتوح : تروي كتب السيرة أن عمر بن الخطاب كان إذا حزبه أمرا فزع إلى الشباب يبتغى حدة ذهنهم ،,2
وافق #وزير_الداخلية على صرف علاوة مكافحة الإرهاب لمنسوبي الجوازات من ضباط وأفراد بنسبة 25% من الراتب لأول مربوط #السعو…,2
بعد تبرئة سائق حمدين صباحى المتلبس بحمل السلاح وسرقة الآثار كتبت لكم انه سيسير مطيعا خلف الانقلاب، امس قال انه يؤيد سيسي لو ترشح للرئاسة,0
#يوم_الامتحان ليخون المرء ليتخان :,2
استمرار أزمة غرق قرى مركز سنورس بالفيوم #السادة_المحترمون,2
إستغاثة للفريق السيسي من أحد أهالي مصابي حادث كنيسة العذراء …,2
#عشر_ذي_الحجة فضلها و حسبي بها من عشر,2
ده بس من ذوقك,2
بسمة أمل - هدية لعودة الحب لحياتنا,3
نهنئ الشعب المصري والأمة العربية بشهر رمضان وليكن هذا الشهر فرصة للمصالحة ولتوحيد الصف وحقن الدماء,3
#مصر_العربية |العالم العربي| البرلمان الليبي يؤجل اختيار رئيس الحكومة إلى الثلاثاء,2
شبكة سوريــ المجد ــا || || =-=-=-=-=-=-=-=-= #هام بالـ #فيديو اعترافات المهندس رياض …,2
""" الداخليه توافق علي حضور الجماهيــــــــــر فوق 29 عاما مباريات الدوره الرباعيه "" #الكورة_للجماهير",2
بويه سنجل توب : #كلمة_تستحق_التأمل,2
أبو الفتوح| بنها| عدنا إلى أهل الرأي والإستشارة في بداية تقدمنا بمشروعنا الوطني,2
استكر الإعلامى يوسف الحسينى إهانة الشيخ محمود ش #…,2
شاهد - آخر كلام: علاء عبدالفتاح أيقونة الإرادة والمثابرة #,2
#عن إحساس إنك تكون في الشارع والنهار يشقشق والنور يملا الدنيا كلها ^_^,3
"الانقلاب يجمع عددا من الفاسدين ليقدمهم لاشتون على انهم المفاوضون من جماعة الاخوان, فضائحهم لم ولن تنتهى",0
"استمرار توافد الآلاف لـ #ميدان_التحرير للمشاركة في مليونية ""للثورة شعب يحميها"" #",2
#الحرية_للإخوان #انصاف_الاخوان,3
الجو هنا ناااااااار فى الصعيد ياريت رتويت قبل الانصهار #جمعية_الاقل_من1000_فولورز,2
كتاب لامى دا أسلوب حياة :) #ثانوية_عامة علمى رياضة 3:),2
شاهد - آخر كلام : جرجا في سوهاج - لندن في انجلترا - ثورة سوريا #,2
استطلاع رأي: هل تعتقد أن الانتخابات خطوة على طريق تحقيق أهداف الثورة أم على طريق احتوائها؟,2
المسيره النهارده من مسجد العاشر ربنا يستر #مسيرة_المعادي,2
يا الله أنت العزيز الجبار ليس لنا ملجأ ولا ملاذ سواك أنت ترى وتسمع وتعرف الاسرار اذا كان عبادك المطالبين بالشرعية,2
انقطاع الكهرباء كانت الوجبة الرئيسية لبرامج العار على قنوات الفساد فى زمن مرسي الانقطاع تفاقم اكثر والاعلام صمت القبور,0
|+ *!! #محارم_نيك #سحاقيات #خنيث #بكارة #زواج #دلوعة #دمشق #سوهاج,2
موقف الاخوان من جوه برلمانهمشلت بلطجية،200 جنيه،شريط ترمدول،وجباتنتذكر سوا #السادة_المحترمون …,0
العباسية: حماية المعتصمين وتأمينهم واجب الدولة وسلطاتها لا يمكن الصمت على قتل المصريين!,2
": الضرورات تبيح الاستعباط - باسم يوسف - بوابة الشروق #مصر """,2
"#الموجز ""#مصر_القوية"": حكم #جنايات_المنيا اليوم هو الأقصى فى تاريخ #مصر",2
علاج السكري #اف_نتشورال #السعودية #العراق #اليمن #مصر #قطر #الكويت #عمان #سوريا #ليبيا 4,2
#الشام_اليوم - #دائرة_الضوء - مستقبل #المصالحة السيناريوهات المتوقعة #فلسطين #اسرائيل #المفاوضات #حماس #فتح,2
الدكتور #مصطفي_محمود بيشرح بطريقة بسيطة,3
اختيرت الممثلة #الكينية الحائزة على #جائزة #الأوسكار، #لوبيتا_نيونغو، ك #أجمل_امرأة في #العالم لعام 2014 التفاصيل,2
"""9: #النصر #متصدر_لاتكلمني #بعترف_أني #عيد_الحب #غرد_بصورة #اليمن #حضرموت #تصويري #دوري_جميل #الهلال """,2
مجلس_الوزراء : جولة #محلب الافريقية ناجحة وستظهر نتائجها قريبا,2
لايمكن ان نصل الى الديمقراطية بدون قانون يمنع الدعاية السياسية في اماكن العبادة,2
العب بولنج ببلاش فقط بمولد سيدك السيسي = جانب من فعالية المولد لطلاب ضد الانقلاب جامعة حلوان #انتخبوا_البرص #كوهين_مصر,0
"دعمرو حمزاوي الآن على قناة برنامج ""هنا العاصمة """,2
(اللهم أعوذ برضاك من سخطك، وبمعافاتك من عقوبتك، وأعوذ بك منك، لا أحصي ثناءً عليك، أنت كما أثنيت على نفسك) #اللهم,2
#ﺍﻧﺖ_ﻣﻬﻤﺎ_ﻛﺒﺮﺕ مش هنسي اي لاعب لبس تيشيرت #الزمالك و لعب علشان الزمالك مش علشان الفلوس و حب الزمالك و جمهور الزمالك من قلبه ^_^,3
"نحن بحاجة إلى وسطية في المعاملات واعتدال في المواقف و الا تعرضنا لعوامل هدم المجتمعات الكبرى"" #مصر #تونس #لبنان #الإمارات #فلسطين",1
#حط_نفسك_مكان_البنت اللي بقيت بتسمع شتايم قذرة من ناس اقذر في الشارع عادي علي اساس ان الولاد كدة بتهزر,0
وكيل أوقاف مصر: مبارك ''فك الله أسره'' ليس مستبداً (فيديو) #مصر #الانقلاب #وكيل_اوقاف_مصر #حسني_مبارك,2
و بعدين بقى امن الدولة تتعاطف معاه الناس و يكسب الانتخابات ويسيطر على التأسيسية وينزل التحريروصفوت حجازي يبوس ايده هناك,2
مرسي محبوس وخاين ومش هيرجع والتصالح مرفوض #السادة_المحترمون …,0
"لماذا استدعى مرسي ضابط الحراسة ؟! دعلاء الأسواني يكتب مقاله بعنوان : "" كيف للرئيس أن ينام ؟! "" على هذا الرابط >>",2
"-ي رب ان گتبت لي فرح فاقسمه بيني وبينه""♡ #محمود",2
تم التأكد من إسقاط طائرة مروحية فوق قمة النبي يونس في اللاذقية,2
البحر بيضحك ليه وانا نازلة ادلع امله القلل #السعادة_هى #محمد_محسن #سيد_درويش صباح الفل,2
مقال علاء الأسواني اليوم في جريدة النيو يورك تايمز,2
"الأسواني : "" اذا كنت مسلما لماذا تعارض تطبيق شرع الله ؟! """,2
عمرو موسي زميل بانجو اكبر عقاب للعجوز المتصابي,2
فالنسيا يحسم مصير #الريال في الليجا للموسم الثاني توالياً,2
لا تهبط مع ضم التاء,2
"الله ينور عليك يا دكتور عبد المنعم ابو الفتوح، الهي ما تنضام ابدا انا من عندياتي باحبك #3""",3
النهاردة إستئناف حكم معتقلي الازبكية بالحبس سنتين ومراقبة سنتين ، وجلسة تجديد حبس ٤٠ معتقل في احداث #جامعة_القاهرة ١٦ يناير حبة عدالة يارب,2
#الكويت #السعوديه #البحرين #قطر #ا?مارات #عمان #العراق #مصر #تونس #الجزائر #المغرب #ا?ردن #السودان #لبنان 373,2
موقف مجلس الكنائس المصرية من تطاول أردوغان على شيخ الأزهر #السادة_المحترمون,2
مراسل صحفى لجريدة الحرية والعدالة باسيوط,2
#موقف_نفسي_اعيشه_مع_مراتي انى اكون الأمام و نصلى مع بعض!,3
مصر تحيي الذكرى 43 على رحيل الزعيم جمال عبدالناصر # #,2
"بإذن الله سأشارك مع عدد من الدعاة في مؤتمر ""إحياء روح الإسلام "" الذي يقام سنويا في كندا بحضور آلاف من مسلمي الغرب",2
من قفز ببراشوت على موقع وظيفي يعود الى موقعه الاساسي #السادة_المحترمون,2
البطل لا يُهزَم عندما يخسر، بل يُهزَم عندما ييأس ويُغادر لا تترك حلمك,1
""" مسيرة جت من #التحرير في #طلعت_حرب وصلوا ميدان طلعت حرب وبيهتفوا بحماس جديد يا غراب يا معشش #انشكاح",3
وجهة نظر من أعصام تليمة تجاه ترشح د عبد المنعم ابو الفتوح,2
_ عشان دي منطقتهم اللي المفروض دارسينها,2
تجاهل مبارك للفقراء لم يكن نابعا عن إهمال فقط وإنما فلسفة تقوم على احتقار الفقراء لأنهم فشلوا فى الثراء,0
محكمة الجمهور تعلنهاحُكمها النهائي على #فيفي_عبده 1 #الحكم #,2
برنامج الحياة الآن - 20-4-2014 - الجزء الثاني مع نوران سلام - #2_ #الحياة,2
حمدينك على حمدين ثورتك! ههههههه,2
الحشد عند دار القضاء لدخول ميدان التحرير #انشر #بلغ #شارك #أسبوع_حاميها_حراميها,2
"يقول رسول الله صلى الله عليه وسلم: ""يُقال لقارئ القرآن اقرأ وارتق ورتل كما كنت ترتل في الدنيا، فإن منزلتك عند آخر آية تقرؤها""",3
الاستاذ خالد داوود المتحدث باسم حزب الدستور ضيف #يوسف_الحسيني الان في #السادة_المحترمون,2
كتر خيرهم فعلا بيصلحوا غلطة مش بتاعتهم,3
تامر، شوف رواية 'باب الخروج' من ص ١٧٨ وطالع وقولّنا رأيك في أناركية مصر ٢٠١٣ كما يتخيلها,2
ريبورت سبام #جماعة_انصار_بيت_طنيطر #تحالف_عمليات_السبام #جيش_عمر #جيش_السلف #جيش_الفاروق #جيش_عائشة #جيش_الحسبة,2
بسمة أمل - قصة رمزية من الصين - كن أنت التغيير الذي تريد أن تراه في العالم,2
نفق العروبة واقف تماماً من الاتجاهين بسبب شباب بيغني و يرقص و اللي في العربيات مش متضايقين,1
#المجهولين ولعوا فى بوكس #شرطة ورا المستشفى #العسكرى اللى فى #بورسعيد خبط لزق كده #عاااااااااااااااااش,2
القرآن يرفع الناس ويجعلهم في الدنيا والآخرة في أعلى مقام,3
الملتقي التدريبي و التوظيفي الاول -الاربعاء 4 يوليو الساعة 5 مساء جمعية رسالة مصر الجديدة تخت رعاية دعمرو حمزاوي,2
اسمعو #فولورز_اسلاموفيتش_بيعملوا_لبعض_فولو #فولورز_عفركوش_بيعملو_فولو_لبعض #شكلك_مش_غريب #,2
#الكويت #السعوديه #البحرين #قطر #ا?مارات #عمان #العراق #مصر #تونس #الجزائر #المغرب #ا?ردن #السودان #لبنان 82,2
_ مشهد ينشر لأول مرة يظهر إطلاق النار عمداً على متظاهر أعزل أثناء فض إعتصام #النهضة,2
أشارك في مسيرات اليوم رفضا للدستور المشوه، ولأخونة الدولة، وللانقضاض على سيادة القانون، ولتجاهل الرئيس وحكومته لمطالب العدالة الاجتماعية,0
#أفضل عشرة #أطباء في العالم هم: 1- القران الكريم 2- كثرة شرب الماء 3- النوم الكافي ليلاً 4 الهواء الطلق النقي 5-,3
فيديو للأخوان المسلحين في المهندسين منذ قليل #مصر #,2
حركة السياحة ستعود خلال فترة وجيزة #السادة_المحترمون,2
55] #أحبك_ربي #غرد_با…,2
وصول الدكتور أبو الفتوح إلى المكان و دخوله المسجد لأداء صلاة العشاء قبل المؤتمر,2
"شاهد ""جولة #السوري الحر بدرعا || جولة مع أمير الإقتحام #جبهة النصرة في تل الجابية بين الجثث والغنائم"" على - …",2
الحركه الوطنيه يهنيء الشعب بعيد تحرير سيناء هنأ #حزب_الحركة_الوطنية_المصرية بقيادة الفريق #أحمد_شفيق الشعب,2
عاجل : خمس الاف متابع خليجي بـ 200 ريال #الامارات #ابوظبي #دبي #قطر #الدوحة # #حمد #تميم #الكويت #السعودية 557,2
بعد عزل الرئيس السابق #محمد_مرسي، تولت سلطة جديدة في #مصر، فهل تداركت الأخطاء التي وقع فيها جماعة,2
اليوم السابع | #النائب_العام السابق يغادر #القاهرة إلى #إيطاليا,2
ألقاكم بعد ربع ساعة من الأن في برنامج (الحياة اليوم) على قناة الحياة، للحديث عن قضية الإساءة لرسولنا الكريم، صلى الله عليه وسلم,3
شاهد - آخر كلام: الثوار في طرابلس أين القذافي؟ - ثورة ليبيا #,2
المصري اليوم عندما نشرت ملخص المؤتمر وضعت الجملة في غير سياقها وكأن ليس من حق شباب الثورة الوصول للسلطة وهذا عكس مبادئ حزب الوسط تماما,0
انت حر وماحدش زايد عليك لكن احنا بتكلم في حلول برة تويتر مش حل انك تهاجم اللي بيحاول حتى لو ثبت خطأه,1
682 #الراتب_مايكفي_الحاجة #الاتحاد #الهلال #النصر #الاهلي #مرسي,3
__ نفسي أحس ان ربنا راضي عنينفسي أسلم علي #الحبيب و أقعد معاه #نفسك_فى_أية_فى_الجنة_,2
"أنصار مرسي يحرقون ""مطرانية القوصية"" بأسيوط",2
#الشروق وسط استعدادات للامتحانات هدوء الحذر يسيطر على جامعة الأزهر: وسط استعدادات للامتحانات هدوء #مصر,2
الآن: أد ثروت بدوي - أد جابر نصار ضيوف آخر كلام على الهواء والحوار حول التعديلات المقترحة التي انتهت إليها,2
بشرى اقتصادية اليوم صباحا فشلت ثلاثة محاولات لصرف أو سحب أية مبالغ مالية من حسابى في البنك التجاري الدولى,2
المحامى عن المتهمين فى تفجيرات دهب: لا متهم بأسم عادل حباره الذى اتهمته الداخلية بتنفيذ مذبحة الجنود فى سيناء دول بيكدبوا فى الكدب,0
وثيقة الأزهر ارشادية وليست مبادئ حاكمة,2
#تويت_كأنك_ناشط_ايام_حرب_اكتوبر معانا إتصال من الناشط الحج #سبايدر إتلم ياشمعون إنت و بويز و الحج غنيم عشان انتوا عاملنلي خووم في دماغي,2
#أخبار #قناة_الشرق: مصر تقاضي #أثيوبيا أمام محكمة العدل الدولية,2
شاهد - رئيس الإدارة المركزية للموازنة العامة للدولة يتهرب من مشكلة مستشفى الحروق بجامعة القاهرة …,2
"""إن كنت في الطريق إلى الله فاركض، وإن صعـب عليك فهرول، وإن تعبت فامشِ، وإن لم تستطع كل هذا فسر ولو حبوًا، ولكن إياك والرجوع"" ~ الشافعي",2
مدير جامعة الإمام يستنكر الثناء على #أردوغان ويعتبر #تركيا دولة فاسدة فاسقة فاجرة تنشر الرذيلة #مكة #السعودية # #,0
قناه الوسط الرسميه عاليوتيوب,2
المشـي لمـدة 30 دقيقـة في اليـوم تساعد في تنسيق شكل الجسم وتحسين اللياقة البدنية وتمنح الشعور بالسعادة #شعر #صحه #تغذيه #عناي…,2
العوا يقرر تعليق حملته الرئاسية حتى تعلن إجراءات جادة عن تنظيم إنتخابات الرئاسة وموعد محدد لها لأن الاستمرار فى ظل هذه,2
أمس تأكد كل من له عقل وعينان أن الانقلاب لن يتمكن من قيادة شعب مصر هروبهم لاكمال حياتهم مع شفيق اهون من انتظار مصيرهم بعد سقوطهم,2
"تناقش حلقة الجمعة من برنامج ""آخر كلام"" مستقبل السودان ضيوفها ياسر عرمان نائب الأمين العام للحركة الشعبية لتحرير",2
إلى الشعب بكل طوائفه مطلوب التوحد فورًا حول أهداف الثورة وأن ننسى خلافاتنا الضيقة حتى يستعيد كل مصري حقه في الحياة الحرة الكريمة,2
مشاهد مذابح 6 اكتوبر دارت حول العالم وأى أكاذيب او تمثيليات للانقلاب لن يصدقها العالم,0
"د علاء الأسواني يكتب مقاله الأسبوعي بعنوان:"" من يذكر فوجيموري ؟! "" >> … … نشر صباح اليوم في جريدة المصري اليوم",2
سيتم تعيين الدكتوره حياة سندي نائب لوزير الصحه وبعد عدة اشهر سيتم تعيين وزير الصحه #عادل فقيه #الملحم,2
#في_عالم_موازي اي خول من دول يتمسك فى الشارع يقلع ملط و يركب الحمار بلشقلوب و نزفه ف العشوائيات,0
خمس الاف متابع بـ 200 ريال #سلمان_العودة #تغريدة #اقتباس #طارق #السويدان #طارق_السويدان #أعجبني #العريفي # 262,2
#عنيف #ممحون #دياثه #فتح_بكارة #ممحونات #مصر #طرابلس #السودان #أسوان,2
مثلا هل ممكن ان تفق جميعا أفرادا و أحزابا على ان نعطى الوطن فرصة لالتقاط الأنفاس و اجراء الانتخابات و اعادة الاستقرار؟,2
ألى بقايا الخرفان باى باى,0
الإلحاد والردة مرة أخرى (1) - باسم يوسف - بوابة الشروق,2
إلى حد البكاءِ على يديكِ، أحاول أن أغني، و أعرف أنني وطنٌ و منفى، و أني لست مني، و لكني، أحاولُ أن أغني، حين أبكي,1
عايز تنافق أي سلطة وتلحس جزمها ده اختيارك لكن ليه زعلان أوي إن غيرك بيقول رأي مختلفمش كل الناس عندها ميول للتأييد أو النفاق زيكخلقة ربنا,0
إغلاق حسابين على تويتر ينشران فضائح الفساد بسبب #أردوغان #الاخوان_جماعة_ارهابية #تركيا #قمع,0
اليوم السابع | اليوم وقفة لدعم #حمدين #صباحى بـ #العجمى,2
ناتشوز️ #الرياض #استيكي,2
اوعوا #الاستفتاء ع #الدستور ينسيكم ان مجدى عبد الغنى جاب جون ف كأس العالم #مصر #,2
عقبالنا :))),3
___ ما فيش خالص فيه إخوانهم وضمائر اخرى ولكن مافيش اخوان بعدها اي شيء غير دول سورة ق وسورة الإسراء لو لقيت قوللي,2
"د عمار علي حسن,تحديات مسودة الدستور والانتخابات البرلمانية المقبلة #يوسف_الحسيني #…",2
#طيب_نفسي أعيش صح واشتغل صح واكافح صح وانجح صح و #افرح صح بقاااا #بلد_أصعب_مافيها_الطموح,1
اعتصام ابو اسماعيل وجماعته امام مدينة الانتاج الاعلامي حدث بموافقة مكتب الإرشادالاخوان يريدون ارهاب الاعلام الذي يكشف جرائمهم لن يفلحوا,2
شموسه شنو احلى اغنية عجبتج من البوم #شيرين,0
#ذات_مومنت #غرد_بصورة #من_جد,2
أسماء الجناة والمتهمين بالنيابة العامة وهي تباشر تحقيقاتها نحن سنكشف الحقائق بالكامل للرأي العام وسنحمل جميع الأطراف مسئولياتها للتوضيح,1
#قافلة_حطم_اصنامك رسلاوى بيشررررح للاطفال يعنى ايه #قوافل_داخلية جوانا الخير بيكبر :) #اسلوب_حياة,2
حادث سيارة وقع عصر اليوم على طريق #دمياط_الجديدة - #دمياط (الميناء) مقابل مسجد نمرة قبل عزبة 5 ولله الحمد نجى,2
هو مبارك شغال مستشار هو كمان ولا إيه؟,2
نحن امام انهيار لشرعية المجلس الأعلى للقوات المسلحة,0
"#المصري_اليوم تأجيل تظلم هايدي راسخ ضد ""التحفظ على أموالها"" للإثنين لتقديم المستندات: أجلت محكمة جنايا #مصر",2
ابعد عنهم ما انتاش قدهم #وايت_نايتس,1
"#رصد| أصحاب محلات العباسي الجديد بـ #المحلة_الكبرى : المحافظ استهزأ بينا و بيقولنا ""نبقى نعملكم",2
وأخيرا قلتها أنا وغيري مائة مرة: التغيير على وساخة يجيب تسلخات، وفي كل مرة يثبت صحة هذه النظرية ويصمم البعض على الوساخة فهنيئا لهم بالتسلخات,0
صور كواليس تصوير الحلقة الثالثة عشر من الموسم الثاني للبرنامج,2
تسجيلات صوتية لصفوت حجازي أثناء التحقيق معه #السادة_المحترمون,2
#قطر #الدوحة # #حمد #تميم #الرياض #دبي #الامارات # #ابوظبي خمس الاف متابع بـ 200 ريال 282,2
بأمر الله سأحل مشكلة #سد_النهضة,2
اطاح الاستفتاء بمبدأ تكافؤ الفرص حينما لم يسمح بالتصويت لكل المقيمين بالخارج الا من قام بالتسجيل في الانتخابات,1
#لو_ده_جنان_اتجنن و احلف على المراقب انك مش هتحل حاجه غير لما تفطر,2
رابط قراءة وتحميل المعصرة عدد اليوم: إذا لم تتمرد فما الفرق بينك وبين دكر البط مع فقرات قلمين ورسوم الرائع عمرو سليم,2
لا تنتظر أن يكون الغد أفضل من اليوم كن أنت التغيير الذي تريد أن تراه,2
كلما تكلم ابو الفتوح عن اضرار الانقلاب على الحريات والاقتصاد والانقسام اتذكر قاتلا ينعى ضحيته منحته صوتى للاسف,2
الأسواني:لابد هنا أن نتساءل:كيف يوافق رجل دين على قتل آلاف الأبرياء لمجرد أنهم مختلفون عنه في العقيدة >>المقال كاملا,2
أغنية قطري حبيبي من الحلقة العشرين - الموسم الثاني للبرنامج,2
دعبد المنعم أبو الفتوح لـ : فضلت خوض الانتخابات كمرشح مستقل لأمثل كافة طوائف الشعب المصرى,0
لماذا أراك على كل شيء كأنك في الأرض كل البشر كأنك درب بغير انتهاء وأني خلقت لهذاالسفر إذاكنت أهرب منك إليك فقولي بربك أين الم…,1
#حقيقة و #نصيحة الافكار اللي بتجيلك قبل النوم دي لازمالها ورقة و قلم عشان بجد بتبقى جامدة على المدى البعيد #اه_والله,3
"#زمكان - #مصر | وزير #العدل هيفتتح مجمع محاكم #الرحمانية بكرة وهيضع ""حجر الأساس"" لمحكمة #دمنهور",2
شبكة مسلم |تدهور الحالة الصحية للطالب عبدالرحمن بيومي- صيدلة #المنصورة المعتقل حالياً بسجن المنصورة نتيجة,2
#الروح_و_الجسد #مصطفي_محمود,2
حد فاكر #سانت_كاترين و الناس اللى ماتت و كل واحد كان عامل فيها محلل سياسى شعب زياط من يومه و الحكام,0
هناك آفاق واسعة للتعاون الإقتصادي مع الصين إذا أزيلت كافة العوائق والنزاعات #الفلبين #أمريكا # …,2
: اللهم لك الحمد اللهم صيبا نافعا اللهم سقيا رحمة اللهم سقيا فرح #مطر --,2
شاهد - آخر كلام: غضب في الشرق وغضب في الغرب #,2
لمشاهدة الحلقة الخامسة عشر من #قصة_الأندلس، اضغط على الرابط التالي:,2
اول المرشحين #ماهر النجار وسابعهم #بشار ليس المهم من الفائز بل الأهم ان يضيع ما تبقى من #الديار,2
"قال الرسول صلى الله عليه وسلم "" إن من موجبات المغفره بذل السلام ، وحسن الكلام "" #سنن_منسيه",2
ننعي فقدان مصر أحد علمائها الكبار الدكتور رشدي سعيد عالم الجيولوجيا البارز,2
خمس الاف متابع بـ 200 ريال #سلمان_العودة #تغريدة #اقتباس #طارق #السويدان #طارق_السويدان #أعجبني #العريفي # 411,2
عندى قمر بسهر معاه :) عندى معاد وحبيبى لغاه :( — #كاريوكى,3
عرض #لماذا_تتواجد_بتويتر #كذب_البنات #سولف_لنا_عن_طفولتك #لو_بس #ماأجملها_من_كلمة #في_العمق #تعليق_الدراسة [123070],0
#بيع_متابعين #زيادة_المتابعين #تابعني_اتابعك #السعودية #الهلال #النصر #الاتحاد #الأهلي #الأتفاق #الشباب [90989],2
#مرصد_طلاب_حرية #جامعة_المنصورة #محاكمات أمرت محكمة جنايات المنصورة بتأجيل محاكمة 17 طالبا من كلية الهندسة الي,2
#كلمه_بتتقال_في_البيت_كل_يوم ليش ما تقرأ رسايلي اللي بالواتس اب المتحدث / الوالد,2
وان لقاكم حبيبي سلموا لي عليه طمنوني الأسمراني عامله إيه الغربة فيه!؟ #سواح #شيرين,2
"وفي هذه الأثناء تلقي عمرو السعيد أتصالاً هاتفيا عرفت بتفاصيله منه بعد انتهاء المكالمة, وقد وضحت علي وجهه علامات الغضب الشديد 6",2
دأبو الفتوح يؤكد: مرشد الاخوان المسلمين سيصوت لى فى انتخابات الرئاسة!!!,2
#يوسف الزلزلة كن رجل وبربقسمك أولا إلتزم الصمت واستمع للاستجواب ثانيا كن بصف رئيس الوزراء رابعا بجدارة انت حكومي😂,2
لن نسمح أن يزج بنا فى حرب أخرى وتدخلنا بـ #سوريا و #أوكرانيا من أجل الحل السلمي#أميركا #العرب,0
خريطة المسيرات والتظاهرات للإحتشاد في ميادين مصر اليوم # #,2
أعمل مع زملاء على تأسيس جبهة وطنية دائمة لحماية حرية الإعلام,2
ليفربول انهزم والاهلي الحين ما يطمن والاخلاق زقققق الجرعه اليومية انا لو عايش خدمي اشرفلي !! #الاهلي #ليفربول #خدم,2
"بعضَ البشرَ نكتشفَ كمٌ نحبهمَ ,, حينمَا نتطرقَ للحديثَ عنهمُ حينَ لا يكونونَ معنَا #اسلوب_حياة",2
ثمانون عاماً ويزيد وانتم بين ممنوعة ومحظورة ومطاردة وإرهابية وصاحب القرار دائما طاغية إذن انتم اهل الحق امام كل سلطان جائر #انصاف_الاخوان,0
حشود ضخمة في مسيرة #المطرية اليوم الجمعة 1-5-2014 #شير,0
قري ومدافن النوبة تغرق بمياه الصرف الصحي والمحافظ يشكل لجنة لحصر الخسائر #يوسف_الحسيني #السادة_ال…,2
"تواجد مشرفين من حزب ""الحرية والعدالة"" وبحوزتهم كشوف ناخبين ويوجهون الناخبين لـ""نعم""، وذلك بمدرسة خالد بن",2
"تعلم الحب الراقى من "" على بن أبي طالب "" كرم الله وجه لزوجتة ""فاطمة الزهراء"" بنت الحبيب محمد صلى الله عليه و سلم",2
ـ الخيار الديمقراطي: إختيارك بين أن تلبس من كان معك في الميدان أو تلبس من حاول قتلك في الميدان (تعريف منشور 30 مايو 2012),2
": شاهد - ندوة بعنوان الكنيسة بعهد الإخوان هل مازالت تصلح متحدث رسمي بإسم الأقباط "" الإجابة لا",2
سابحث غدا مع رئيس تشاد موقف البلدين من #سد_النهضة الإثيوبي #,2
المصريون من انصار الشرعية منعوا مراسلي قنوات العار من الدخول بينهم دون أى واقعة اعتداء والقنوات تسعى لافتعال المعارك,2
1 مصر تتجدد بها دماء الاستبداد، بتشريعات مشبوهة وانتهاكات لحقوق الإنسان وقمع للمعارضين وتجريم للتظاهر السلمي وهو ليس بجريمة في المجتمع الحر,1
علاج السكري #اف_نتشورال #السعودية #العراق #اليمن #مصر #قطر #الكويت #عمان #سوريا #ليبيا 78,2
مندوبين مبيعات #المنوفية #الغربية #كفر_الشيخ توظيف #وظائف #مصر #4,2
ثأر #سيد_بلال وغيره سيلاحققك أيها الأفاق #برهامى #شيوخ_السلاطين #تجار_دين,0
لماذا تحول الباحث المتميز في العلوم السياسية من تأييد مرسي إلى معارضتهمقال رائع لا ينصح بقراءته لجميع أنواع الخرفان,1
الخط والدائرة,2
اتهام محمد مهدى عاكف المرشد السابق للاخوان (عمره أكثر من 90 عاما) بالقتل العمد يؤكد أن الفبركة وصلت مداها,0
مصطفى جلال كاتب علر جدار زنزانه امن الدوله للذكرى الخالده مصطفى جلال صيدلة المنصوره 2014 #عبث #الحريه_لطلاب_صيدله_المن…,2
تفاؤلى نابع من إيماني بأن (الله لا يضيع أجر من أحسن عملا)ولا يوجد أحسن وأعظم عملا من أن يضحي الشعب بدمائه من أجل الحفاظ على وطنه وعرضه,3
_ غير خبر غلق 80% مصانع حكومية و 4000 مصنع قطاع خاص,2
"زي النهار الطفل لما ينفلت من بين أيادي الضلمة ويشقشق أنا شفت روح الحق لما إتسللت صرخت وفي وش الخرس إنطق""عمار وفؤاد حجاج",0
إذا ضاقت العقول والمدارك تفرغ أصحابها للمعارك,2
وزارة الأوقاف بمصر تمنع #برهامي من الخطابة #الجمهور |#مصر #الشيخ_العرص #حزب_النور #الانقلاب_العسكر…,0
نحب اللغة العربية لأنها لغة القرآن ولأن نبيّنا عربي ولأنها لغة أهل الجنة #اليوم_العالمي_للغة_العربية #غرد_بصورة,3
اشتغل وابذل الجهد لتري بسمة الأمل,2
# الانتخابات العراقية في مرمى نيران 'داعش': بغداد - ارتفع منسوب العنف في العراق مع اقتراب الموعد #دبي,2
شباب عايزين مساعدتكم وزعوا البرشور في المنتديات والمواقع ومعاه رابط استمارة التوقيع لدعم الترشح واللي جمع توقيعات,2
الدواعى الأمنية سبب تقديم موعد #الامتحانات,2
وايه اللى مخلى الثوار لحد الان فى محمد محمود ولا هيه بلطجه وخلاص,2
قرار انسحاب البرادعي خاطىء وتوقيته خاطىء #السادة_المحترمون,0
281 أكيييييييييييييد,2
الاخوان سيضاعفون اعتصاماتهم الإجرامية وغاراتهم المسلحة لأنهم تحت حماية امريكا وحكومتنا تتفرج وتحدثناعن اهمية التسامح طبقوا القانون اوارحلوا,0
""": د #أيمن_نور لـ #قناة_الشرق: رفضت لقاء #السيسي بناءاً على طلب د #محمد_مرسي""",2
اوعه السلميه,2
"قال الله تعالى""ادعوإلى سبيل ربك بالحكمة والموعظة الحسنة"" د سعدالدين الهلالي أيها #السادة_المحترمون …",2
"أي شيء يحدث سيقول العربي ""لماذا بهذا التوقيت تحديداً"" لما لا تضعوا لنا بالتقويم الأوقات المناسبة بنظركم متى نقاوم ومتى نتكلم #غز…",0
شكراً لك ِأيتها المرأة لجعلكِ العالم أكثر جمالاً و روعة لا تتخلي عن أحلامكِ وحقوقك #اليوم_العالمي_للمرأة #ريتويت,3
يا صباح الخير يا صباح النصر احنا ملوك كل حاجه فى مصر :)) #الأهلى,3
للمشاركة في برنامج آخر كلام يمكنكم الاتصال بالأرقام الآتية من داخل مصر 38555812 02 - 38555811 02 من خارج مصر 38555812 00202,2
آخر خبر #روسيا تدعو لاجتماع طارئ بمجلس الأمن لبحث التطورات العسكرية في #أوكرانيا #بوتين #اوكرانيا…,2
يكتب بدمه حياه تانية لاوطانه #باسم_محسن,2
ندوة دعلاء الاسواني الثقافية الاسبوعية - حزب الغد التفاصيل,2
وحشتني النيابات والمحاكم والله ياعش كلما كنت أروح تحقيق أيام مبارك أطلع بخمس ست قصص من صميم الحياة المصرية,2
فريق الوعد #إنصاف_الإخوان,3
أكبر حماية للحريات وعدم انفراد اي طرف بالسلطة هو أن يكون لدينا مجتمع مدني قوى ونشط د عبد المنعم أبو الفتوح في ندوة بنادي هليوبوليس,2
فالانتقاص من صلاحيات البرلمان المنتخب واعطاء صلاحيات تشريعية لمجلس استشاري معين هما أمران ينبغي على كل مؤمن بالديمقراطية أن يرفضهما,0
أفَلا أكون عبدًا شكورًا قالها صلى الله عليه وسلم ليخبرنا بأن بالشكر تدوم النعم ويجد الإنسان سعادته الحقيقية #الشكر…,3
تقرير الجزيرة عن استقبال ابو الفتوح فى المطار,2
#مكملين | #تغطية_خاصة | مظاهرات حاشدة في #عرب_الرمل ب #المنوفية في جمعة #زواج_أمريكا_من_مصر_باطل,2
#ولاد_البلد محمد الحلواني:,2
انا الآن اعاني من اقسى انواع الطفش #فكرة_جميلة يحطون غرفة نوم بالجامعة اروح اخذ غفوه بالبريك,1
حاسس بجبل فوق صدي و نفسي اخلص منة ! #تخاريف #اعترافات_ليلية,2
"مصر أول دولة في العالم تسمح لها روسيا بشراء طائرات ""ميج 35"" #المصري_اليوم",2
مسيرة حاشدة الان تخرج من امام مصنع بسكو مصر بالعوايد #الإسكندرية #انزل,2
شاهد - آخر كلام: ولا يزال ثمن المصري صفراً على الشمال #,2
اقدر التشويش الشديد الذي يمر به المصريون جميعا انا لم انتخب مرسي ومقالي موجود لكنى أتفهم موقف من انتخبوه حتى لا ينجح شفيق الذي هو مبارك,1
#حمدين_صباحى بيقول برنامجة هيتحقق في ٩ شهور ، بس مقالش هيبقي طبيعي و لا قيصري و في مستشفي اية !!!! الرحمة يا رب,0
رحم الله جمال البنا أتاح مكتبته الضخمة في العباسية للشباب وحرص على مساعدتهمالمكتبة عنوانها 195 شارع الجيش بالقاهرة أتمنى أن تظل تعمل بعده,3
الان تبدأ ندوة د عبد المنعم أبو الفتوح في نادي هليوبوليس,2
مجلس الشعب 21 فبراير 1: أضفنا إلى بيان سوريا مطالبة الحكومة بسحب دائم للسفير وبتجميد كافة أشكال التعاون من نظام الأسد لجرائمه ضد الانسانية,2
سيذكر تاريخ القضاء فى مصر كل قاضى انحاز للعدالة و لم ينحاز لحزب أو جماعة أو نظام حكم,2
#دعوة_الصائم_لاترد آللهمّ منَ كاانتَ لہ حااجة فآقضهاا له ومن كآنتّ له امنيه فحققهّاله ومن كان به هم وغم فرجَ همه وفر,2
الأدمن: اتفرج على برومو #امريكا_بالعربي حلقة 20,2
"أحمد المتمسلماني عن دوره ""الإعلامي"": نحن فريق إطفاء الحرائق السريعة إوعى الزيت",2
في مذيعة بتزغرت على الهوا #الام_المثالية,0
#الوطن| إصابة سيدة بطلق ناري في مشاجرة بين شيخ بلد ومساعد شرطة بـ #بني_سويف,2
د/ عبد المنعم أبو الفتوح: لا يحق للسلفيين او الاخوان او الازهر أن يتحدثوا باسم الاسلام ولكن يمكن لكل منهم أن يقدم,2
قال رسول الله صلى الله عليه وسلم: ( إنكم لن تسعوا الناس بأموالكم فليسعهم منكم بسط الوجه وحسن الخلق ),2
"أمير العمري: ""الشتا اللي فات"": شهادة سينمائية بليغة عن الثورة",3
اليائس يرى صعوبة فى كل فرصة أما صانع الحياة يرى فرصة فى كل صعوبة,2
"آااه، إف إف يعني فولو فرايداي! و مين ""جمعة"" ده اللي عايزنا كلنا نمشي وراه؟",2
#الكويت #السعوديه #البحرين #قطر #ا?مارات #عمان #العراق #مصر #تونس #الجزائر #المغرب #ا?ردن #السودان #لبنان 454,2
"#الحرية_والعدالة | #السويس | خبر علي أحد المواقع الانقلابيه """"أمن السويس"" يمشط الشوارع بعد صلاة الجمعة بحثا عن",2
#اكتب_عبارة_على_باب_قلبك ',2
الشعب المصري يقضي على أسطورة التيار السياسي المتأسلم,2
#توفيق_عكاشة: #محمد_رمضان دا شمام وسمكري بوابير جاز,0
شلون عشرتنا تهون و اشواقنا تذبل و الحيره في وسط العيون عقب الهنا تسأل ؟ تسأل تقول وين الكلام اللي قلناه وين الغرام اللي عشناه #ي…,1
هجموا على الميدان من القصر العيني بيضربوا صوت و غاز العربية خبطت ولد صغير نقلناه المستشفى في كنيسة الدوبارة,2
مدير مركز الكرامة لحقوق الإنسان: #الأمم_المتحدة اعتمدت مقتل 985 شخصاً في فضّ اعتصام #رابعة_العدوية #مصر #العرب,2
أحضر المؤتمر العام للمصريين الأحرار فخور و سعيد و شعلة الأمل,3
د السيد البدوي يتراجع عن الظهور الليلة لقاؤنا مع د علاء الأسواني كما هو الساعة 10 مساء (8م بتوقيت غرينيتش) على قناة أون تي في,2
لماذا استسلم #الإخوان لفكرة التحول من مقموعين إلى قامعين,1
السيسي تعرف علي عائلة مبارك مبكرا حتي أن سوزان هي التي زوجته من شقيقة أحد رجال الأعمال ولثقة مبارك في ولائه عينه مديرا لل…,2
النشطاء، اللبراليون و الإعلام لزم الصمت أمام المجازر في #مصر #,2
في أول رسالة فيديو عبر موقعه حمزاوي: أشكر من لم يعطني صوته وسأدافع عن الدولة المدنية - بوابة الأهرام,2
تمشايه بشارع الإستقلال مع قليل من الشوبينج 😂 #تركيا #اسطنبول,2
ألا يوجد إنسان على الأرض يجد حل لما يجرى من مجازر فى سوريا ؟,2
#حقيقه #بوح #شعر #روعه #السعودية #الكويت #الإمارات #قطر #البحرين #نكت #الصور #الرياض #حائل خمس الاف بـ 200 ريال37,2
لو حشد المصريون 5 ملايين مواطن فى القاهرة يوم 6 اكتوبر ان شاء الله سيسقط الانقلاب سقوطا كاملا القرار للشباب عماد الثورة,2
شاهد - آخر كلام: إعلان مرسي الدستوري، إلى أين يمضي بمصر؟ #,2
تعليق الدكتور إبراهيم الدميري وزير النقل على حادث قطار دهشور #السادة_المحترمون,2
الحديث عن انتخابات ديمقراطية وتكافؤ الفرص، فى غياب حرية تكوين الاحزاب بمجرد الاخطارخلال الفترة الانتقالية ، هو لغو واستمرار للفكر السلطوى,0
ممنوع دخول الملتحين و المنقبات هذا وجه مصر العروبه في عهد السيسي الذي يحفظ و ابنائه القرآن,2
كشف لنا الانقلاب جيش البلطجية فى مصر لم نكن نتخيل ابدا انه بهذه الاعداد الهائلة والسلاح الوفير والعلاقات الطيبة مع الحكومة,1
"#خالد_علي: نرحب بـ #الاخوان المشاركين في ""إسقاط #قانون_التظاهر""! شفتوا الخول ده بيقول ايه؟ عايز يحط ايده في ايد بلطجية #رابعة!",0
المخطط الغربي يهدف إلى توريط مصر في المشكلات الاقتصادية #السادة_المحترمون,2
أشارك الليلة في برنامج علي قناة الناس الثامنةوالنصف مساءً( عصام سلطان),2
بيان حزب المصريين الأحرار عن التحالف الداعي إليه الأخوان والوفد,2
"6 ""محاضرة د عمرو خالد بتونس""",2
"محامي ومستشار قانوني ٠٥٣٧٨٥٥٥٢٧ #المحامي #محامي #قاضي #حكم #درر #الوتر #مستشار #رقم #ريتويت #محاماة #مشاكل #قضايا #اسرية #محامي #مكتب ٠""",2
هذا ما يحدث عندما لا تقول الحق وتمسك بالعصاية من النص وترفض إدانة عنف السلطةهذا هو الأمن على الطريقة الإخوانية,0
أخبار #مصر #الحسينى ومذيعات #فلول وراء #سما خلال المحاكمه فيديو,2
أنا عن نفسي باعتذر لكل دول حوض النيل، مش على إمبارح، ولكن على كل تصرفات وتعاملات مصر معاهم في ال٤٠ سنة اللي فاتوا #إثيوبيا,2
سامي صادق رئيس الجالية المصرية في السويد الخالي وليس السابق ولم يتفاعل لوقف الإعتداء حسب أقوال شهود الواقعة والمصابين,2
إحالة #فاروق_حسني وزير الثقافة الأسبق للجنايات بتهمة الكسب غير المشروع,2
دام الملتقى الإعلامي برعاية رئيس الحكومه !! لا بالله خوش اعلامك كله مأجور #ارحل ارحل ياجابر !!,2
مش هنسالك وانتا واقف جنبى بتطلب القصاص وكلاب الداخلية ضربوك بالرصاص #جيكا,1
شاهد - آخر كلام: باسم يوسف في ضيافة يسري فوده #,2
"قال الرئيس الفلسطيني #محمود_عباس إن ما حدث لـ #اليهود في ""#الهولوكوست"" هو أبشع جريمة عرفتها البشرية : : من يومك زمباوى ونتن ياعباس",0
"#متصدر_لاتكلمني, #النصر_الشباب, #الهلال, #اكشن_يا_دوري شجع ناديك بدون تعصب مع برنامج الايفون الرائع 507",2
"زوجة #متعب على "" #فيس_بوك "": "" #الشرطة مينفعش معاها غير معاملة #الألتراس """,2
ندوة دعلاء الأسواني الليلة السابعة مساءً بالمقطم التفاصيل >>,0
مذيع التليفزيون المصري أعلن إنفجار قنبله في قسم بولاق الساعه ١٢ وبعدين رجع نفى الخبر وبعدين رجع أكده لأن الانفجار…,2
اتمنى ان يحقق الرئيس مرسي وعده بإعادة تشكيل اللجنة التأسيسية حتى يجنب مصر صراعات ستدفع ثمنها غاليا لابد من تطهيرالدولة من الفاسدين والفلول,1
#عاجل #أخبار_المحور: قررت نيابة أول #أكتوبر ، حجز #ياسر_محرز المتحدث الإعلامي باسم #جماعة_الإخوان و,2
___ #في_حاجة_صح,2
هل حملة تمرد فكرة خيالية أم أسلوب مقاومة فعال ؟! أقرأ مقال د الأسواني على هذا الرابط >>,2
الاف المصريين محجوزين في مطار جدة لعدة ايام ويشكون من سوء معاملة السلطات السعودية لماذا لم يرسل المجلس العسكري اطائرات تعيدهم الى الوطن,2
#مسلم #ادعيه #قران#اسلاميات #دين #صور #دعاء #ذكر #اسلامي #استغفرالله #غرد_بذكر_الله خمس الاف متابع 122,2
#حرية_الصحافة موجودة ؟ نصيحة_توجهها_لنفسك #النصر #الهلال #السعودية # #الحكم_بإعدام_528شخ…,2
مع اشراقة كل شمس نبدأ عملنا بروح نشيطة وهمة عالية ويد واحدة ونية متجددة أحلى صباح لأجمل متطوعين فى اعظم حملة,3
""": هل انت احد الـ 4600 مشارك في #القمة_الحكومية ؟ شاركنا لحظاتك المفضلة من القمة""",2
#بيع_متابعين #انستقرام #الكويت #السعودية #قطر #البحرين #مصر #درر #بوح #حكم [2870336],2
صورة لمخارج الحروف العربية من الفم #غرد_بصورة #بالعربي,2
أكد مراسل قناة سكاي نيوزالإخبارية، إنه تم القبض على رجل الأعمال الإخواني حسن مالك,2
خبر وفاة ابو الثوار عم محمد عطيان غيرصحيح،هذا تشابه القاب،مَن توفى رحمه الله هو مصطفى خليفة ابو الثوار في السويس #مصر #التحرير #25يناير,2
إعتداء طلاب الإخوان المسلمين على أمن جامعة القاهرة #السادة_المحترمون …,2
مرة 529 ومرة 638 #رصد| #عاجل #مصر | نقلا عن وكالة الأناضول : إحالة أوراق 638 من أنصار #مرسي بـ #المنيا وسط مصر,2
شاهد - الإخوان: حل البرلمان انقلاب على المسيرة الديموقراطية 16,0
#غرد_بصورة !♧,2
الهيئة_العامة #سوريا #ملخص أهم أحداث حمص المحتلة ليوم 27/ 4 / 2014 حتى الساعة,2
على الـ الان محمد سامي يقول : الحكم على 700 انسان بالاعدام أمر مبهج !! اين وصلت الانسانية !! #مصر #القاهرة #الاخوان #الفلول,1
اليوم #وزير_التموين يتفقد موسم حصاد #القمح #بالشرقية,2
مجتمع هيفضل طول عمره #حافظ_مش_فاهم حاااجه,0
أفرق في حديثي بشكل واضح بين مؤسسة الجيش التى نعتز بها فهو جيش مهنى ووطنى وبين دور المجلس العسكري باعتباره متولى,3
النظر إلى وجه الأم عبادة…,3
فيديو ترحيب حار من الأقباط لـ #توفيق_عكاشة و #مظهر_شاهين وتهاني الجبالي و #الزند بالكاتدرائية,0
عارف يا مالك منين؟بتبقى صفحة تعبانة على الفيس بوك تقول اي كلام ومحرر كسلان ينقلها للجريدة وكله ينقل بعد كده,2
#مصطفى_حسني قد ايه أنا كلامك بيأثر فيا والله :'),2
يمكنكم متابعة البث الحي لـ عبر #,2
"اليوم شارك دعبد المنعم أبو الفتوح فى اطلاق مبادرة ""الثورة اولاً"" لإنهاء الانقسام حول الدستور والانتخابات",2
#بيع_متابعين #انستقرام #الكويت #السعودية #قطر #البحرين #مصر #درر #بوح #حكم [2869682],2
وقعنا على طلب لمحاسبة النائب مصطفى بكري على إهانة البرادعي كمواطن مصري داخل المجلس وإتهامه بالخبانة,2
سينا رجعت كاملة لينا ومصر اليوم في عيد ! #كامب_ديفيد #هيصة,2
#ولاد_البلد #المنصورة مجهولون يضرمون النيران في سيارة طبيب أمام حزب #الدستور ب #المحلة الكبرى,2
"""4: غايا وبيرنات اساسيآن يوم الخميس #لازم !""",2
جمعة مباركة :),3
#عدلى_منصور يضع إكليلين من الظهور على قبر الجندي المجهول والرئيس #السادات # #,2
علي الظفيري #الإخوان #الإسلام #العرب 05_ 11 _,2
#حط_صورتك_وانت_صغير التقرص و البوس بالدور😂,2
#المصريون|بالفيديو #صافيناز تحيي زفاف نجل #الزند ========= للمزيد,2
مصر تستجدى روسيا لاعادة السياح بكره تشوفو مصر,0
ربنا يديني ويديكم قوة تحمل من نوع خاص تسد مع الغباء,2
بعض القضاه حدثوني أنهم متعجبون من المعوقات أمام قانون استقلال القضاء وكأنه لا توجد رغبة لوجود قضاء مستقل د عبد,2
كأن في الآية السابقة دليل على أن الأقرب للواقع يكون الأدرى بالمصلحة #بكفي_حصار #اضبطوا_شركاء_المخلوع # #اليمن #قطر #مصر #تونس,3
أنا الرئيس بدأ متظاهرو الاتحادية العودة الى بيوتهم ، بعد اربع ساعات من النضال المتواصل وقوفا على اقدامهم ،,2
لتفاصيل أدق - يرجى زيارة: #ولاية_الانبار _ ------------------------ #الشعب_يقول_كلمته #السودان #الفرات #اسيوط #انتخبوا_العرص,2
البنات اللى بيقولو ألفاظ خارجه دول خصاره فيهم يتسموا بنات اصلاً!!,0
على أساس إنه ما كانش بيعمل اللي أمريكا عايزاه هو كمان يعني؟,2
من يمنع الأقباط من التصويت كما يحدث الان لا يحق له بعد ذلك ان يتحدث عن الدين شهوة الاخوان للسلطة قد اعمتهم عن اى اعتبار اخلاقي او ديني,2
هو الاحتلال عبارة عن ايه؟ دبابات طيارات مجنزرات اعتقالات حظر طوارئ قتلإلخ تبقى ثورة دي ولا احتلال؟؟ احتلال ا…,1
حجز تي شيرت #أولتراس_أهلاوي في #كفرالزيات #07 #,2
شاهد - التغطية الإعلامية لحادث تفجير كنيسة القديسين هل كانت مهنية ومحادية؟ وهل فتحت كل الملفات المتعلقة,2
#رصد| هنية: ليست لنا أرض غير فلسطين ولن نقبل تهجيرا أو توطينا,2
#حط_صورتك_وانت_صغير والله عاد اللي مومصدق براحته 😌,2
#صافيناز :),3
الدكتور عبد المنعم أبو الفتوح فى برنامج رموز مصرية مع الدكتور حلمى الجزار - قناة الشباب الأربعاء 13 أبريل 2011,2
القانون لا يجب ان يترك للتقدير الشخصي لمن ينفذه لايمكن ان نترك للضابط تقدير من هو البلطجي القضاء المدني كفيل بتحقيق العدالة,1
أنت وَطن بنيتُ فِيه جَميع أمنِياتي ، وجَاء ذات ليلةٍ مُظلمة أحتل ذلك الوطن ومِن بعدها أصبحتُ غريب يتسكعُ بين الأحرُف باحثًا عن مَلجأ #سري,1
#الاهلي #اسلوب_حياة,3
"الدعوة للتظاهر اليوم ""لتطهير"" القضاء: الغوغائية في فهم ومعالجة مشاكلنا مازالت السمة الغالبة لنظام الحكم الثورة قامت ""لتحرير"" العقول",1
نقطة ضعفي الحلويات والمكسرات البشامل الاكل عموما,1
هواجس العام الجديد - ثانينا عن مسار الاحتجاج الشعبى والحالة الثورية - عمرو حمزاوي - بوابة الشروق,0
فضلوا يبرروا بمعايير بيئية صارمة لاستخدام الفحم في مصانع الاسمنت وفي الآخر سمحوا باستخدام الفحم بدون موافقة البيئة #أوقفوا_الفحم,0
#يوسف_الحسيني هدف الإخوان في 19نوفمبر الوصول لميدان التحرير والسيطرة عليه #السادة_المحترمون …,3
الدفاع عن حقوق مواطنة كاملة لنا جميعا وحق المصرية المسيحية في الترشح لرئاسة الجمهورية وعن حرية العقيدة على قناة الناس كان ضروريا,2
ريحة الحبايب #عمرو,2
خروج الأقباط في الثورة ازعج نظام مبارك وقد تم تنفيذ مذبحة ماسبيرو من اجل ترويع الأقباط ليعودوا الى وضع الأقلية لكن المذبحة فشلت في هدفها,2
الشعب مصدر السلطات مطالب الشعب واضحة وصريحة الإستجابة الصادقة والفورية لها هى بداية لإعادة بناء الوطن لا يجب أن نكرر أخطاء الماضى,2
ياباسم عصام سلطان بيسال عليك وبيقول انت فين من المشهد الحالى قولناله مئجز ف رمضان قالنا مش عاوز اسمع ال…,2
اتمني يكون صباحك كله تفكير وعمل من اجل نادينا العظيم #الزمالك_الافريقي,3
يا الله لن نتراجع شبرا وسنعبر هذا الجسر ولو بدمانافُتِحَ الجسرُ الآنَ #فوزي #الحريه_لطلاب_صيدله_المنصوره,2
هذا الفرق بين الشرعي والمغتصب من تغريدات الرئيس بمناسبة #عيد_العمال العام الماضي ولهذا حاربوه …عجل الله فرجه # …,1
اة يا تيشيرت العمر يا ابيض راح فين اغلى الشباب #عمرو_حسين #زمالك #,2
الابتذال ملا الشوال! #شبرا #القاهرة #مصر #افريقيا #كوكب_الارض #مجرة_درب_التبانة | شبرا,0
يا مرسي يا خاين يا عميل، عيالك الأمريكان قتلوه,0
#قناة_اليوم_السابع #7 بالفيديو #عدلى_منصور: نكسة 67 زادت المصريين إصراراً لاستعادة #سيناء,2
مطاحن #كفرالشيخ تستقبل #القمح من المزارعين والتجار بعد غد,2
#ولاد_البلد #المنصورة #مصراوي #وبريات_سمنود تطالب #محلب بباقى أجور العمال,2
وعد مني ودين عليا مش هسيب حقك اكيد #عمرو_خلاف #محمد_الشنواني #مصطفي_فريد #اسامة_السيد #محمد_بكر,2
_ لا ده في منه كتير جداً إتفضل,2
عيد أضحى سعيد على شعبنا المصرى والعربى وأمتنا الإسلامية كل عام وأنتم بخير,2
شاهد - ذهنية النظام د نادر فرجاني في آخر كلام #,2
"في طريقي إلى مؤتمر بحي عين شمس, الآن أمر على المطرية حيث كان اول مؤتمر انتخابي لى من شهور",2
#حمدين صباحي# في حديثه لجريدة الوطن سيوفر 200 مليار انا سمعت الكلام ده من مين قبل كده!!!!,2
لما تتأسف وتعترف بغلطك دا شيء إسمو #خلق_جميل,0
اوعدونى لو يوم لقيت نفسى انحنيت واحتجت من ضعفي بلاش تتأخروا الناس تغيب بس انتوا لازم تفضلوا #حمزة_نمرة,2
5 إلا أن المحكمة ألزمت المشرع بتعديل القانون قبل 30 يونيه 2011 على نحو يتسق مع القواعد الدستورية ومبادئ العدالة وتكافؤ الفرص,2
في بنات مستحيل تحط صورها على الفيس لو هيقتلوها ، بس تويتر عادي !! عن #الازدواجية اتحدث,0
#المملكة_العربية_السعودية تقرر تزويد #مصر بشحنات جديدة من #البنزين و #السولار,2
سبحان المعز المذل قصة علي العريض من السجن إلي وزير داخلية تونس,0
3) بمجلس الشعب طالبت الحكومة المصرية أكثر من مرة بتبني فرض عقوبات عربية على الأسد، وعدم ترك الأمر لفعل دول الخليج بمفردها,2
#جوارديولا: أملنا في #ميونخ #ذا_شامبيووونز #بايرن_ميونخ #ريال_مدريد,2
اللهم أبعد عنا ما يحزننا و من يضرنا فأنت خير من يُستودع و أنت خيرُ الحافظين #اللهم_امين,2
صحيفة الوطن السعودية/ #تحذير #عاجل #الدفاع_المدني في #حائل يحذر من سيول منقولة ا - عبر تطبيق نبض,2
"علاقة الانقلاب بالامارات والسعودية والمساعدات مثل البلطجى وسكان الحارة والفتوة والاتاوة, اذا الحارة مادفعتش",0
بلدنا مش عايزانا وبتدينا على قفانا #السكة_شمال,0
إحنا شعب و إنتوا شعب_علي الحجار في رأيي هذا هو أحقر و أحط عمل فني في تاريخ مصر و حسب…,0
سبحان الله وآلحمد لله ولا إله إلا الله ولآ حول ولآ قوة إلا بالله والله أكبر واستغفر الله #اذكر_الله #غرد_بذكر_الله 41,3
حتى في الحرب في مواثيق حقوق انسان,2
1 الحساب يخص د/عمرو ولكن يديره مجموعة من المتطوعين في أثناء الحملة الانتخابية,2
أرجو لكل من يقرأ تصريح لى أن يتأكد من مصدره و يقرأه بنفسه  قبل أن يصدر أحكامه!,2
أنا ضد أنا يكون نائبي إمراة أو مسيحي من أجل دعاية انتخابية ولكن سيتم إختيار الاكفأ في كل مجال سواء # #,0
يا من سرق قلبي مني يا من غير لي حياتي يا من احببته من كل قلبي يا من قادني الى الخيال #عشنا_وشفنا #الرياض,1
الإخوان يفشلون مؤتمر صحفي يتعلق بمحاكمة المعزول مرسي #السادة_المحترمون …,2
إخلع أي ملابس حمراء ترتديها، جنود الموت حولك لن يرحموك، كما لم تمنعهم براءة أنس وطفولته من قتله ٥ #مذبحة_بورسعيد,0
خديجه الشاطر 5 ساعة · وكعادتي ألتقي بأبي الحبيب #خيرت_الشاطر مرة كل بضع شهور أذهب و الهم والأسي يعتصر قلبي,2
إخفاء الحقيقة بحجة ان الرئيس يعلم ما لانعلمه وهو بيده الامر ويعرف مصلحتنا فكرة خانعة تكرس لتهميش المواطن واحتقاره الرئيس موظف عند الشعب,0
شاهد - آخر كلام: مصر تملأ مصر عام على الثورة #25 #,2
الآن الملكة #اليسا في #هلا_فبراير على قناة #روتانا_مصرية وأغنية #لو_فيي,2
ميثاق الشرف الاعلامى الذى اتخذوه ذريعة لاغلاق الفراعين برئ من الانقلاب قتلوا الميثاق ويستشهدوا به,0
"""_: #أوباما: لا نتوقع أن نقوم بتسليح #أوكرانيا وأي تسليح لايمكن أن يردع السلاح الروسي#أميركا #روسيا #العرب""",2
محاربة الظلم بالظلمستنتهي بظلم الطرفين #اخوان #عسكر,0
"#الوطن| الهدوء يسود ميدان الحصري بـ""#أكتوبر"" وتكثيف أمني تحسبا لمظاهرات #الإخوان",2
#انتخبوا_العرص بقت مكتوبة ف كل شوارع #مصر,0
#السادة_المحترمون حلقة الإثنين 21 أكتوبر 2013 كاملة لقاء العقيد خالد عكاشة، الأستاذ أحمد بان …,2
المظاهرات أمام سفارة #الامارات_عاهرة_الخليج في #جمعة_الحسم #راجعين_30 #الانقلاب_العسكري,0
حفظك الله يا خادم البيتين، وأدامك ذخرا للإسلام والمسلمين #ذكرى #البيعة #التاسعة,3
مصدر: #الإخوان استخدموا المولوتوف فى حرق نقطة مرور #الطالبية …,2
اردوجان هائج اتهم البرادعي بانه خسر الانتخابات مع انه لم يدخلها واتهم الثورة بانها انقلاب يكذب كانه مرشد الاخوانتركيا تحتاج الى حملة تمرد,2
شاهد - آخر كلام: إستقلال القضاء - المستشار أحمد مكي نائب رئيس محكمة النقض السابق #,2
انتظر حوار قراء الوطن اليوم مع #عمرو_خالد في10مساءشارك بأسئلتك على الهواء مباشرة #,2
"الدكتور أبو الفتوح: ""محتاجين مصانع محتاجين مزارع محتاجين شقق للشباب لكي يتزوجوا، و لسنا نحتاج لمساجد أو كنائس فهي أكثر من الحاجة""",1
رسالة الليل وآخره نياشين الثورة وميلودي مؤامرات,2
""" لقــد اقتربت المسافــات بيــن الكواكب والنجــوم وازدادت المسافات بين الناس على الأرض بعــداً "" #مصطفي_محمود",2
استدعاء نوارة نجم ومظهر شاهين وممدوح حمزه للتحقيق معناه ان مناصرة الثورة اصبحت جريمة عند المجلس العسكري,0
ياسر أبو عمّار في #سياسة_في_دين :علي الجزيره غيّرت موقفي من حزب #النور بسبب مواقفه المخزية مع الرّئيس #محمد_مرسي,1
"تحية لصحفيي الدستور وشبابه في اعتصامهم من أجل حق الشعب في صحافة حرة، ولتمسكهم بقائدهم الوطني إبراهيم عيسى و""بالدستور"" كصحيفة مستقلة",3
ندين أى انتهاك أواعتداء بحق الشباب المعتصم سلميا أمام وزارة الدفاع،متضامن مع حقهم في رفع مطالب يؤمنون بها و يدافعون عنها حتى لواختلفنا معها,1
#رمضان_الخير قرب,3
شاركوا معانافى الهاشتاج ده #محبي_حازم_عبدالعظيم_ضد_الخونه عايزينه تريند #ريتويت #جيش_تويتر #سأنتخب_السيسي #باسم_طلع_حرامى #ا…,1
مهو لما الواحد يصتبح علي جدول #الامتحانات كدة مفروض بقيت اليوم هيبقي عامل ازاي -_-,0
ايه يا جدعاان؟! فى ايه ع #اتوستراد #المعادى ؟!!!,2
وكم من #أب سيحصل على #حزام بعد #الامتحانات 3:) =,2
"بطل نميمة و غيبة ""انكما قد اغتبتما و من اغتاب مسلما فقد اكل لحمه"" #حاول:')",0
"منع عمر دراج من السفر بعد منع محمد على بشر, هل عرف دراج وبشر أنه لا مجال للتفاوض مع الانقلابيين؟",2
الكتلة الصامتة تتحرك في إلاتجاه الإيجابي لكن ببطء جمعة الأمس أشعرتهم بالقلق وستدفعهم للح,2
الدعوة الى ائتلاف ثوري يضم الاخوان لم يعد لها معنى لان التزوير أوضح من الشمس المعركة الان اما لتطبيق القانون او مقاطعة الانتخابات,2
عودة لسجون مبارك,0
اهلا وسهلا,3
لمن لا يعرف الأستاذ فهمي هويدي سبق تكفيره منذ أكثر من 30 سنة حين أصدر كتابه القرآن والسلطانمقال مهم جدا,2
#هلا_مدريد #ريال_مدريد وصول الفريق لميونخ,2
المنافسة مسالة طبيعية جانبها السلبى هو تفتيت الاصوات بين القريبين من بعض فى افكارهم,2
بعضنا مريض بمرضة الابوية ويرفض ان يقول ان الشباب هم من قادوا الثورة وان الحركات لحقت بهم بعد هذا,2
أعتذر لكل من لم أرد على رسائله لأنني لم أعد أستخدم تويتر كثيرا قفل الحساب خلال فترة السفر أثبت لي أنني لست مزمنا لتويتر كما كنت أظن,2
قبل أيام من بدء امتحانات نهاية العام استمرار إقتحام #الشرطة لحرم #الجامعات واعتقالات عشوائية بالجملة,2
الاعداد عدة ألاف على المساء ممكن توصل 200 ألف مع وصول مسيراتهم كلها,2
#فى_عالم_موازى كان زمان زعتر هو اللى بيشيلنى و يدلعنى و يأكلنى و ينيمنى جمبه بليل =)) ! #زعتر_القط,3
شاهد - من شهداء الثورة الأحياء في آخر كلام #,2
هذه هي نتيجة تخريب عقول مشايخ الفتنة لعقول المصريين ياخفي الألطاف نجنا مما نخاف,1
أسَألك #اللهم فِي كُلّ يوم جَديد زَدتَهُ فِي حَياتنَا أن تَزيدَنا مَعَهُ إيماناً و رِزْقاً وَ سَعادَة وَ تَوفِيقاً صبحكم الله بالرضا والقبول,2
هم خلوني مجنون !!!,0
أشكرك,3
صح !,2
( القبائل العربية وحداوية ) #محمد_رمضان,2
#شذى العمل تتجه لإلزام مكاتب الاستقدام بالتأمين على العمالة المنزلية للحد من الهروب والامتناع عن ال…,2
مؤتمر حزب العدل لدعم #حمدين_صباحي رئيسا لمصر : حمدين صباحي : السلطة سلطة الشعب وليست سلطة فرد,2
انا اللي غلطان يا سيدي، كنت عايز اقف جنبك,1
ثوار احرار هنكمل المشوار #كابوريا #يوسف #اللبان دورنا #نكمل,2
في محطة #مترو المطرية القبض على مشتبه فيه باغتيال أمين #شرطة,2
اردوغان عمد إلى دغدغة مشاعر العرب بخطابه عن القضية الفلسطينية #السادة_المحترمون,2
تحرك المسيرة الان في اتجاها لقصر الاتحادية #شير #احشد #شارك,2
شاهد - بطل مصر والعالم رامي عاشور في آخر كلام #,2
مرسي فتح على نفسه فتوحة ضنك بذاته الرئاسية دي ده فيه ناس هيبقى كيفها الشتيمة بعد كده,0
د علاء الأسواني: هل يحارب وزير الثقافة الفساد في وزارته ؟! أم أنه,2
لا يا سيادة اللواء,2
الوالدة لو اقولها بخاطري حشيشة تضحك بس من اقولها ملل الله وكيلك تعطيني محاضرة عن الفسق والفجور بجنوب الشيشان #ليه كذا يانبع الحنان,1
#ولاد_البلد #المنصورة #مصراوي رئاسة #شربين تتقدم باقتراح لتطوير المدينة لإدراجه في خطة #الدولة,2
أهو رديت علي الناس,2
"الحمد لله عدت من أسبانيا بعد الانتهاء من تصوير برنامج رمضان القادم ""قصة الأندلس"" و كلّى حب لأهل المغرب و",2
الشكر ليكي يا مهيرة ولكل من تابعونا إلى اللقاء,2
حفيد السلطان عبدالحميد مرشح للبرلمان التركي القادم ، بشعار رابعة تحية لك #مرسى_رئيسى #تركيا #كلنا_قطر,3
خلق جميل ثقافة الحوار وتقبل الرأي الاخر,3
المرشح الرئاسي #عبدالفتاح_السيسي يستقبل وفدا من المستثمرين السياحيين ورجال الأعمالللتعرف على كيفية استغلال التراث الحضاري #المصري #,2
"الفراج يشن هجوم بطريقة قذرة على اتحاد "" منتخب "" ويتحدث عن العدالة و يبرر العنصرية #فلول #اكشن_يا_دوري",0
""" القراءة هي ان تذهب بعقلك ومشاعرك ، خارج حدود المكان والزمان #مصطفى_محمود #",2
مذبحة ميدان رابعه العدويه جريمه نكراء وسيحاسب الشعب المصري مرتكبيها #رابعه_العدويه,0
إيرلندا تحاول الكشف عن مصير 3 فتيات وأخيهم (إيرلنديين مصريين) اختطفهم بلطجية السيسي بعد مذبحة رابعة من مسجد الفتح! …,2
#الحقيقة_مباشر_مصر|#انقلاب_3يوليو صرح وكيل وزارة الاوقاف لشئون المساجد حتى لو حمل ياسر برهامى شهادات أزهريه فلن,2
#آية_محمد_عبد_الرحمن تفوز بجائزة #الشارقة للرواية #التحرير #غدًا,2
من ذكريات صفحتنا || 15 أغسطس2011,2
اليوم السابعه مساءً د عمرو حمزاوي في لقاء مع صحفيي جريدة المصري اليوم و ينتظر تساؤلاتكم علي موقع التواصل,2
تعلمت الحياة بما استطعت من الشقاء وعلمتني كيف أنساها لأحياها #محمود درويش,2
يعني ناس قعدت تنكر تعرية ست البنات وبعدين قعدت تبرره مستني منهم فجأة ينتفضوا لكرامة الإنسانللأسف كلنا هندفع تمن غياب العدل في هذا البلد,0
تم اعتقال هاني حبيب (روني) اليوم عندما توجه إلى محكمة عابدين ليسأل عن ميعاد جلسته #رجعوا_المعتقلين …,2
الأسواني:هل صدق مبارك حين أعتقدأن الشعب المصري لايصلح لممارسة الديمقراطية وعليهم أن يختاروا بين الاستبداد والفوضى؟! >,2
ملخص الحلقة #قصة_الأندلس تحكي الحلقة الثالثة من برنامج (قصة الأندلس) كيفية دخول الإسلام بلاد الشمال الإفريقي قبل,2
#تحيا_مصر☆ #تحيا_مصر☆ #تحيا_مصر☆ #تحيا_مصر☆ #تحيا_مصر☆ #تحيا_مصر☆ #تحيا_مصر☆ #تحيا_مصر☆ #سأنتخب_السيسي☆ …,2
#الأعلى_للجامعات يقرر السماح لقوات الأمن بالتواجد داخل #الجامعات لتأمين الامتحانات ايه رايكم في الموضوع ده ؟؟؟؟,2
في صفعة للحكومة: محكمة القضاء الإداري تلزمها بتوثيق توكيلات للمطالبين بدستور جديد أدعو وزير العدل لتنفيذ الحكم التقدير للمحكمة المستقلة,2
"#الوطن |رفع جلسة #محاكمة_مرسي في قضية ""الهروب من #وادي_النطرون""",2
"عاجل القبض علي المتحدث باسم ""#الحرية_والعدالة"" ياسر محرز، بشقه بالحي الـ12 في شقة بـ""أكتوبر"" من ضمن الحمله الي نزلت منذ قليل #",2
لصوص مصر يسجنون شرفاء مصر عواجيز مصر يريدون ابادة شباب مصر هذا هو العنوان الاكبر للانقلاب العسكرى,0
ما حدث لم يكن في ميدان التحرير فنحن أكدنا على الطابع السلمى للمظاهرات,2
مقتل جنودنا فى رفح بيد إرهاب منظم لا دين له ولا خلق ولا انتماء للوطن فى سيناء والوادى الإرهاب واحد، ومصرالواحدة ستهزم الإرهاب,0
نرجو إسقاط دين ال …,2
#رصد| طلاب جامعة #الأزهر بـ #المنصورة يُحمِّلون شيخ #الأزهر مسئولية تقديم الامتحانات,2
اتمنى ان تكون القوى الإسلامية والليبرالية واليسارية راغبة بالفعل في تشكيل قائمة وطنية موحدة لخوض الانتخابات البرلمانية القادمة #,3
شاهد - آخر كلام: الأبنودي على الهاتف مع علي فرزات,2
الواعظ المحتال!,2
تحميل رواية عداء الطائرة الورقية لخالد الحسيني,2
في مثل هذا اليوم 29 اغسطس استشهد البطل عملاق الفكر الاسلامي #سيد_قطب بعد ان اعتقله عبد الناصر وقتله ظلما …,3
رحمة الله على المناضل العظيم مصطفى عبد الجليل أحد أعمدة الثورة الليبية,3
شاهدوا الحلقة ١١ من برنامج عمر صانع حضارة و فيها يمسك عمر بن الخطاب الخلافة ويبدأ بالإقتصاد كأول خطوة لإقامة,2
فى حالة صدور قرار بحل حزب النور ، سيتحفظ الحزب على القرار وبعد شوية كلام وكلام #السادة_المحترمون …,2
فلسطين قضيتنا الأولى ، شعار كاذب فحقد البعض على حماس جعله يقذف بالقضية بعرض الحائط ! #غزة_تحت_القصف,1
خبر لم اتأكد من صحته وأعدكم باعادة الحديث عنه عند التاكد من صحته او العكس طلاب الخليج فى الكليات العسكرية يتركونها,2
شعب مصر العظيم في الشوارع ٥٢ يوما متتالية بلا كلل او ملل رفضا للانقلاب العسكر، متى يفهم سيسي ان مصر ان تستسلم للعسكر؟,1
مستورد استغل الفساد ودخل حاويات مبيدات حشرية من 13 سنة واكتشفوا انها نفايات نووية خبر في الأهرام ومستغربيين بيجيلنا س,2
#قسام #شهداء_الاقصى #سرايا_القدس - فـخر امتنـا :),2
د عباس شومان - وكيل الازهر الشريف #السادة_المحترمون,2
يعني مثلاً مبسوط إنهم بيتقتلوا وبهرج على الموضوع ده؟ جايز تكوني فهمتي كده لو متربصة بس إنما بدون تربص المعنى واضح جداً,1
صديقي مرسي بالقرب من دواسة البنزين التي لا تريد أن ترفع قدمك من عليها (الى يسارها) دواسة فرامل جربها كي لا نلبس في الح,2
العبيد فى اعلام العار لم ينطق بعد تصريح ايهاب رمزى ان الاقباط سيقاطعون انتخابات البرلمان ويصوتون لا للدستور اذا,0
حان وقت الشير,2
#لحقتي #عزيز_الشافعي,2
بلاغ وهمي عن #سيارة_مفخخة يثير الذعر في #شبرا_الخيمة,2
"الخميس 11 يوليو : د عبد المنعم أبو الفتوح فى ""من اول السطر"" على مودرن حرية 10 مساء",2
تواضع مع والديك - بسمة أمل,2
إعادة ضبط بوصلة الذات السياسية (١) - بوابة الشروق ::,2
كيف لمرشدٍ تفوَّه للغنمِ بماءٍ تعلو على المرسي هل القائد يدلدل القدم دون أن يمتطي الكرسي تباً للصمت هلال الفشل ودمت أبيّ يا مصري,0
بعد غيبة و طول انتظار ها قد عاد #الاستقرار من جديد :)) #النور_قطع #الهرم,1
#الشروق مجموعة مسلحة تقتل اثنين من شرطة مرور جنوب دارفور: اغتالت مجموعة مسلحة اثنين من شرطة المرور بول #مصر,2
الوطن | ميزانية الرئيس | عمرو حمزاوي:,2
3 يوليو الانقلاب العسكرى اليوم الأسود فى تاريخ مصر,2
"البيان: كاديلاك ""ايه تي اس"" تتحدّى الفخامة - #الإمارات #بالعربي",2
استقبال حافل للحاضرين في مركز شباب قويسنا,2
641 #الراتب_مايكفي_الحاجة #الاتحاد #الهلال #النصر #الاهلي #مرسي,2
نرجو أن تسمح #الصين بحرية الملاحة في بحر الصين الجنوبي دون اللجوء للتصعيد #أمريكا,2
لو التعريص بقى رياضة وأنضم للأولومبياد علاء صادق هياخد الذهبيه !,0
بسمة أمل - كن مرحاً مهما كانت الصعاب,2
الاهرام رجع زى أيام هيكل البلد زى الفل بس تعبانة شوية وقواتنا تقترب من تل ابيب بس اسرائيل ضربت كل مطارتنا,3
شاهد - آخر كلام: لماذا نتوقع من هذا النظام أي خير؟ #2 #,2
#انشر للفائده عشبه الجنسينج من اكثر الاعشاب فائده في تقويه الذاكره وزياده الاستيعاب والحفظ والتركيز يفضل استخدامها للطلاب ك…,3
"‏#لماذا_تخلع_البنت_الحجاب ""ضعف الدين تساهل الولي تأثير الصحبة التمرد على الحياء"" استنباط الإمام ابن باز …",2
#خلق_جميل الحياء/ الرجولة,3
لكل فضيلة ثمرة تدل عليها : فثمرة الإيمان العمل ، وثمرة العلم الخشوع ، وثمرة الأخوة التراحم ، وثمرة,2
شاهد - آخر كلام: الوضع الإنساني في ليبيا 28/02/2011,2
"لتحميل جميع حلقات بسمة أمل للدكتور ""عمرو خالد"" ادخل على الرابط التالى : لمشاهدة الحلقات على",2
القائمة الموحدة هي الوسيلة الانتخابية الوحيدة لإبعاد شبح البرلمان المفتت عن مصر واحتواء خطر إعادة إنتاج النظام القديم,1
فيديو : د عبد المنعم أبو الفتوح فى حلقة القاهرة اليوم الثلاثاء 16 أغسطس 2011,1
أحجل بعيد ياموت بعيد عن الناس والبيوت لسه الحياه يادوبها بتدب في عروق مولودي 3 #دينا_الوديدي,2
": أنا أنتظرك لأنني لا أجد شيئاً آخر يُسليني في غيابگ عنّي ! #اعترافات_ليلية""",0
"منذ عرف المصريون المدارس فى عصر محمد على, لم يصل مجموع الطلاب المعتقلين فى 200 عام مثلما اعتقلوا فى الشهر الاخير وحده",2
ومجتمع نريد استقراره وبناءه ديمقراطيا يعاني ومجلس عسكري تآكلت شرعيته ويصر على أخطائه التي باتت تهدد تماسك الدولة وتعيدنا للوراء,0
ماتخفش محدش بيتحاسب، ارجع المصريين نسيوا الشهداء اللي ماتوا,0
#دخلنا الترم فى #مارس وهنمتحن فى أول #مايو #وهنسقط فى نص #مايو ودة بقة #قمة #الأعجاز #العلمى :) #,2
لقاء مع طلبة إعدادي هندسة القاهرة بدعوة من أسرة الميدان التابعة لحزب الدستور:,2
يسرا الهواري # #الاسكندرية,2
القضاء الإداري يقرر إعادة جمال عبد الرحيم لمنصبه كرئيس تحرير لصحيفة الجمهورية,2
#المجد_للمبتسمين_صباحا #صباح_الخير,2
أيها الاخوان لستم ضحايا اننم خنتم الثورة وتواطئتم مع النظام القديم وعذبتم الثوار وقتلتموهم حتى ثار الشعب ضدكم الى متى تخدعون أنفسكم,0
تم السماح لـ 79 منظمة من منظمات المجتمع المدني بمتابعة #الانتخابات_الرئاسية و 6 …,2
#كمل_جميلك هههههههههههههههههههههه #عبدالله_بدر #إلهام_شاهين,2
"""_: خاف #النظام منه فضيع عينهكمل تحقيق حلمه فاعتقلوهخرج و كمل طريقه فقتلوه #باسم_محسن حكاية #ثورة",3
أ/ مجدي فريد- رئيس أحد جمعيات ذوي الاحتياجات الخاصة - : يعاني كثير من ذوي الاحتياجات الخاصة من عدم وجود فرص عمل,2
مطاحن كفر الشيخ تستقبل محصول #القمح من المزارعين | #الدستور_الأصلى,2
تمشيط قاعة محاكمة القرن بالكلاب البوليسية قبل بدء الجلسة #مصر #ميدان_التحرير,2
اللهم انتقم منه انتقم من كل من فرح بدماء المسلمين والله لنقف يوم القيامة لنحاسبك اللهم حسرك على ابناءك,0
أهطل صفة مش شتيمة,1
"حزب ""العدل"" يطالب بتأجيل الانتخابات التشريعية لحين استقرار الأوضاع الأمنية # #25 #",2
#عبارات_تعشق_الزوجة_سماعها تبين فلوس,2
حوار مع الجيل الذى سيسقط مرسى!,2
شبكة العملاق | رصد| #أثيوبيا تتحدى الانقلاب: مستعدون لأي مواجهة بشأن السد,2
أنا ارشح قيادات وشرعيي #جبهة_النصرة لنيل جائزة #أوسكار في التأليف المسرحي وكتابة القصة الخيالية القصيرة #ريتويت إذا كنت مؤيداً,3
النفس أمارة بالسؤ فإن عصتك في الطاعة فاعصها أنت في المعصية الحسن البصرى,2
2020 مصر دوله مدنيه بلا اميه'' #محمد_محسن #حاجه من الذاكره :),2
عودة #مصر إلى الاتحاد الإفريقي باتت وشيكةورفع تجميد العضوية خلال القمة الإفريقية المقبلة…,2
74] #صآلح #غرد_بالخير,2
18 تسديدة و11 فرصة و51 هجمة قادت #الزمالك لإسقاط القناة المزيد من أخبار الرياضة على …,2
#أوباما: ليست هناك حماية كاملة لحقوق الأقلية المسلمة في #ميانمار التي لن تنجح إذا قمع المسلمون#أميركا #العرب,2
القبض على ضابط أمريكى متقاعد بالشيخ زويد وبحوزته وثائق وبيانات عن سيناء وجهات سيادية تبدأ التحقيق معه,0
#لما تحس ان اللى قدامك #مش_عايز_يكمل_معاك #ابعد ابعد ابعد ابعد وماتجيش على #كرامتك اكتر من #كده,2
#مرسي_رئيسي,3
1 3 قتلى وأكثر من 450 مصاب في محافظات مختلفة، هذه مقدمات كارثية لاقتتال أهلي حذرت منه دوما وينبغي رفضه ومواجهته، كل الدم ا…,0
_ 6363 #السادات كان عسكري و كان وراه جيش #مصر,2
يامبرراتي ياللي مش مكسوف من نفسكماكانش حد هيفتح بقه لو رئيسك قال من الأول انا مااشتغلتش مع ناسا مباشرة ولاعمري رحتها كنت في جامعتي بس,0
__ من اليمن صنعاء #سوريا_فى_القلب,2
البنزين دونت ميكس ويذ الكحول زي الضمير دونت ميكس ويذ الإخوان مرسي اول انجليش مرسي اول ذي تايم,0
#اخبار_مصر اليوم : #مختار_نوح: المواطنون بالقرى سيصوتون #_ #عبد_الفتاح_السيسى #حمدين_صباحى #اخبار,2
تحية لروح المناضل القومى عبد الرحمن النعيمى مؤسس جمعية العمل الوطنى الديمقراطى وتعازينا لأهلنا فى البحرين وعلى امتداد أرض الوطن العربى,2
"#الوفد مصر للطيران: ""كورونا"" لم يؤثر على حجوزات العمرة: أكد الطيار هشام النحاس رئيس شركة مصر للط #الوفد",2
"#الحقيقة_مباشر_مصر|#انقلاب_3يوليو ""برهامي"": إذا كانت قوة المسلمين أقل من نصف عدوهم ""يجوز"" الانصراف من المعركة",2
الداخلية مدمنة كذب من زمان بس لما لقت رئيس الدولة نفسه بيكذب والمسألة ماشية قالت تنزل اسطوانة حمادة حتى لو كانت واسعة ماجتش عليها يعني,2
مؤتمر اللجنه العليا للإنتخابات لم يقدم جديداوعدم اعلان موعد الإنتخابات والإجراﺀات التنفيذيه يثير القلق لدى الكثيرين من الإلتفاف على الثوره,2
الاعلان الدستورى بكل أبعاده وتداعياته ألم يكن يستحق الحوار ؟,2
"#جمعة_مباركة """,2
ده اللي بيسموه الإستنطاع الإطاعي من السمع والطاعة,2
اختيار محمود غزلان أمينا عاما لتنظيم الاخوان المسلمين #السادة_المحترمون,2
والجهل يهدم بيوت العز والكرم,2
678 #الراتب_مايكفي_الحاجة #الاتحاد #الهلال #النصر #الاهلي #مرسي,2
يا مستنى مصر تعوض خسارة ماتش الستة يا مستنى الساعة سبعة تيجي قبل الساعة ستة,2
اللى بنى بنى مصر كان فى الأصل فتااااااااااااى #الماده الأولى,2
د علاء الاسواني يكتب مقاله الاسبوعي بعنوان: أن تكون مسلما في بريطانيا ! ينشر صباح غد بجريدة المصري اليوم >>,2
أثق تماما ان محاكم التفتيش الإخوانية لن ترهب باسم يوسفانتظر الرد على فاشية الاخوان في الحلقة القادمة المبدع أقوى بكثير من الرئيس المرؤوس,1
بدي واحد جاد اليوم من الاردن ينيك كسي #كسي #طيزي #أردني #اﻷردن #فحل #محنة #كس #نيك #ممحونة #قحبة #طيز #الاردن #اردني #شرموطة #طبربور,2
الشيخ كشك وجلاد السجن الحربي حمزة البسيوني الذي قال لو نزل الله من السماء لحبسته في زنزانه #مصر_القوية,2
مرسي مش سبب الكارثة ال احنا فيها مبارك ودولته هما السبب في كل ده أهدروا تعليمنا و أمننا وحقوقنا لأجيال طبيعي نوصل لكده,1
عماد متعب || الضابط وجه لي شتائم وتهزئ آخر قلة أدب وأنا معروف، لو واحد غلبان إيه اللي هيحصل معاه يعني,0
ناس زى منى ولميس ومنال ودرية لما الدنيا تضلم ويحطوا راسهم على المخدة بيقولوا لنفسهم ايه,2
د أبو الفتوح مع متطوعي الحملة جمدت نشاطي الإداري مع الإخوان من يوم سقوط مبارك و أرسلت مذكرة للجماعة بذلك,2
"135 مليون جنيه إجمالى خسائر الشركة نتيجة غلق محطتى ""السادات والجيزة"" حتى الآن! #انتخبوا_البرص",0
نظام #الأسد يُجنّد العلويات مقابل 30 ألف ليرة بالشهر #سوريا,2
الاستبداد لن يدوم وعلى الجميع أن يتعظ سوريا ستبقى ودولة الظلم ستزولعلينا دعم الشعب السورى وحقه في الحرية والديمقراطية بكامل طاقتنا,1
"يجب أن تطلق حرية الاعلام وتداول المعلومات ولا يحق للسلطة التفيذية اغلاقها , والسلطة القضائية المستقلة هى الوحيدة",2
"واضح ان الجون بتاعنا ده عصبهم دلوقتي ""هالك"" هايخضر ويقوم على الاستاد يدغدغه",1
احاول ان اتعاطف مع من رماني بالخيانة والكفر واستخدم الدين لتحريض الناس علي وعرض اسرتي للخطر و شكك الناس في ديني طب ازاي؟,0
زيارة د عبد المنعم أبو الفتوح لكنيسة السيدة العذراء من أرشيف الصور,2
#سوريا_فى_القلب سبحان من وضع في قلب العربي سوريا و اليمن والصومال ومصر وليبيا وتونس والبحرين والكويت بلاد العرب في ال,3
#سؤال_برئ لبتوع #تويتر :: ايه الفرق بينك وبين الفيسبوك دلوقتي يابن المره #بروفايل_عره,0
88 إنت باين عليك لجنة أمن دولة مفضوحين جدا,0
#الطابور_الخامس|#مصر #الوفد| الحكومة تضحك علي الشعب وترفع رغيف الخبز الله يرحم أيامك يا دكتور #باسم_عودة,2
بيع متابعين #السعودية #الكويت #برشلونة #النصر #الهلال #الإتحاد #الإمارات #الرياض #الدمام #بوح #عمان #دبي #جدة 009,2
#محمود_سعد ( بحب الراقصات وهم فوق رأسي )حوده اصلا صبى عالمه ومابيزعلش و لا بينكر كده خالص حوده متصالح مع نفسه تماما,1
93 ابوه معلق صورة عبد الناصر فهو بيعاند أبوهلكن في النهاية الأب بينحاز ضد الزعماء كلهم وبيعلق صور الشهداء بدلهم,2
اخلاء سبيل قتلة الأربع بنات بتوع المنصورة، عجبا ! يفرج عن متهم في جريمة قتل بكفالة، ويعتقل غيره بدون جريرة,0
حمداً لله على سلامة أبنائنا المجندين المحررين، و نهنئ أهلهم و أحبائهم بعودتهم و نهنئ الشعب المصري بإطلاق سراحهم,3
ايه اكتر اغنيه عجبتكم من الفنانه #غادة_رجب في برنامج #احلي_مسا مع النجمه #فيفي_عبده و النجم #هشام_عباس ؟,0
اهلا بكم في فرع وسط البلد اوقات الدوام الرسمي للفرع من الساعه 8 صباحا وحتى الساعه 10 مساءا # #العلاونة_للصرافة #وسط_البلد,2
شبكه اخبار #المحله |محافظ الغربية يشكّل لجنة لحل أزمة أصحاب المحال التجارية بمنطقة العباسي,2
#عكنن_علي_اسرائيل تاريخ لا #ينسي عبور #خط بارليف #أكتوبر _١٩٧٣,2
بعد احالة نوارة نجم للنيابة بتهمة تمويل اجنبي يا ترى انت فين يا احمد فؤاد نجم,2
لا بس ما نقعدش نطبل ونهلل ونقول أول مرة في التاريخ وكده وده للأسف غالباً معناه أن ده آخر مشوار الدعم,2
بعد التأكد بالدليل أن المستشار نبيل صليب لا يؤمن بالانتخابات فى مصر يجب تغييره من منصب رئيس اللجنة العليا للانتخابات,2
عمرو خالد: يا شباب صوتكم أمانة وواجب وطني | الموقع الرسمي للدكتور ع,2
عندما اندلع التصفيق الحاد لتكريم مرسي لفتاة مسيحية في مسابقة المولد النبوي شعرت أن كثيرا من الحاضرين يصفقون لأنهم ينتظرون منها إعلان إسلامها,1
أرفض الحديث عن خروج آمن يعني حصانة للمتورطين في الانتهاكات والمزايدة هنا باقتطاع حوار تليفزيوني من سياقه رخيصة وتأتي من قوى تخجل من مواقفها,2
الإعلان الدستوري يُدير المرحلة الإنتقالية فقط حتى يُقرّ الشعب دستوره الجديد ولا يحقّ لجهة أن تُصدر إعلاناً مكملاً دون الرجوع للشعب,2
""": ""العامة للسلع التموينية"": شراء 180 ألف طن قمح من روسيا! يجب عدم التعامل مع روسيا إلى حين وقف دعمها لنظام السفاح الأسد""",2
#في_حاجة_صح وزير النقل:افتتاح مترو مصر الجديدة التى تمتد من العباسية حتى محطة الأهرام بمصر الجديدة الأسبوع الأول من مايو,2
دسعيد اللاوندي خبير العلاقات الدولية بمركز الأهرام الاستراتيجي ضيف #يوسف_الحسيني الآن في #السادة_المحترمون,2
شاركونا على تويتر يا شباب #خلق_جميل تعالوا ننشر على الهاشتاج ده أخلاق نحب نراها فى مجتمعاتنا و يتخلق بها,3
- #المصيبه اللي تقربك من #ربنا احسن من #النعمه اللي تنسيك #فضله,1
لدي مستندات تثبت تورط #السبكي فى تدمير #مصر لصالح #اسرائيل,0
#النهضة يتوج بطلا للدوري العماني لكرة القدم للمرة الثالثة في تاريخه بعد خسارة ملاحقه فنجاء امام السويق 3-5 #عمان,2
من يوقف قانون العزل ومن يجمد بلاغات الفساد ضد شفيق ومن يهدر طعون التزوير هل سيجرى انتخابات اعادة نزيهة اما تطبيق القانون او مقاطعة شاملة,0
#حط_نفسك_مكان_البنت و شوف إحساسها ايه و هى عارفة انها بعد ما تعدى من جنب ولاد هيبوصوا عليها ازاى,2
"#اقرأ_فى_عدد_الوطن|""#الصحفيين"" تجهز لوقفة احتجاجية أمام #الأهلى تضامناً مع ""الوطن "" …",2
الحرية والعدالة على صفحتهم الرسمية يتحدثون عن تأهب 4 مدمرات أمريكية للتدخل ب #سوريا #السادة_المحترمون …,2
ساركوزي: ما يحدث في الشرق الأوسط هو تطهير ديني للمسيحيين في صحتكم,2
الميزة الوحيدة لحزب النور هو توافر مادة جيدة للبرنامج لكن انا بقول ان البلد اهم من البرنامج :),3
تستطيع #المرأة أن تتحدث في #الهاتف وهي تحمل طفلها وتراقب طبق #العشاء على #النار وتغلق #الباب بقدمها في نفس #الوقت دون أن تفقد …,2
أينما وجد العدل فثم شرع الله,3
الاخوان والسلفيون يستغلون الجهل والفقر يدفعون الاميون للتصويت لاى شيء باسم الاسلام ويشترون اصواتهم بالزيت والسكر هذه ديمقراطيتهم للأسف,0
#صحة #تغذية #تغذى_صح #غرد_بفائدة #غرد_بمعلومة #_ #وجبات_صحية الوجبات الصحية 🍴🍏  دعلياء جاد …,2
36 ألف شخص سيشاركون في ماراثون #بوسطن هذا العام,2
#اعتراف انا مبخفش من اى حاجة تتخيلها #حقيقة #اه_والله,1
#اعترافات_الطفولة احب كونان واحلم يرجع سينشي ونتزوج,0
هل هناك حضارة دون وجود المرأة؟ يجب أن نثق في قدرات المرأة فهي دائماً جزء من النجاح، من غير المرأة لن تكون هناك,3
سي بي سي:#إبراهيم_محلب يشارك باحتفالية تنزانيا اليوم بمناسبة العيد الخمسين للوحدةنيابة عن الرئيس #عدلي_منصور #,1
تواصلت اليوم مع الآلاف ممن طلبوا المشاركة في الحملة الرئاسية راهنت على الشباب لإسقاط النظام والان نبدء جميعا بناء مصر من جديد,2
رموا على جمعه وجابو خالد الجندى الاحتفالات الدينية حرام على مرسي حلال للجيش,1
#فولورز_عفركوش_بيعملو_فولو_لبعض #فولورز_اسلاموفيتش_بيعملوا_لبعض_فولو #فولورز_جميــلة_و_صاحب_تويتر_هيولعوه…,2
فى كدة كام حاجة بنقول عليها #اسلوب_حياة =,2
مدفن القاهرة للعدالة ماذا يحدث الآن فى مطار القاهرة ، الشرطة تمنع أوائل الحقوق ! وترحب وتفسح للمتأخرين الفاشلين,0
#الحقيقة_مباشر_مصر|#انقلاب_3يوليو شبرا الخيمة جمعة #حاميها_حراميها 25/4/2014,2
لابد من أن نرتفع لمستوى المسئولية، فالوضع في سيناء أصبح بالغ الخطورة التكاتف لإتخاذ الإجراءات الفورية والسريعة التي أشرت لها هو الحل,2
انصار الانقلاب طلعوا سابع سما امس بدعم كيرى لكن نزلوا مع انقلابهم لاسفل ارض فى محاكمة مرسي,1
الحلقة العاشرة - الجزء الثاني - قضيب الغضب,2
التخلص من ديكتاتور شيء و التخلص من نظام شيء آخر الاختبار الحقيقي لتونس و للعرب يحدث في هذه اللحظات,2
ﺩﺧﻞ ﺍﻟﺸﻴﺦ ﺍﻟﻲ ﺍﻟﺠﺎﻣﻊ ﻓﻮﺟﺪﻩ ﻣﻤﺘﻠﺊ ﻋﻠﻲ غير العآدة فقآل ﺍﻫﻼ ﺑﺎﻟﺮﺟﺎﻟﺔ اللى ﻋﻨﺪﻫﺎ ﺍﻣﺘﺤﺎﻧﺎﺕ #محمود,2
#بيع_متابعين #انستقرام #الكويت #السعودية #قطر #البحرين #مصر #درر #بوح #حكم [2870977],2
#اعتقال تنفيذ مشروعين لخدمة حجاج بيت الله الحرام الاول معبر مشاة علوي والاخر مواقع تخييم بالمناطق المحيطة بمحطات,2
معنى كلمة #السعادة تختلف عند كل انسان #حمزة_إسكندر,2
بمناسبه #الامتحانات اللي اتأجلت و #رجعوا في كلامهم تاني -_- #حقوق_انجليزي_لحد_ما_يجيبوا_مدرس_انجليزي,2
فساد في بعض المستشفيات الغير خاضعة للرقابة,0
على بالي ولا انت داري باللي جرالي والليالي سنين طويلة سبتهالي يا انشغالي بكل كلمة قلتهالي #شيرين,2
وجاء مرسي وخطب في الناس بدون حماية ،منظر رائع، شئ يدعو للفخر،ثم ظهر صفوت حجازي اللعنة,1
3 فكرتني بمقالة كنت كتبتها زمان في تحليل غنوة أشياؤه الصغرى تعذبها هابقى أعيد نشرها في المعصرة عشان الأجيال الجديدةتصبح على خير,1
ينهي الان د/ عبد المنعم ابو الفتوح كلمته: باننا لم نأتي فقط لنتكلم ولكن لنستمع لأرائكم واقتراحاتكم لان ما سنقوم,2
#لو_بتحبها روحلها لحد البيت,2
من جنازة شهداء المنيل الذين قتلهم الأخوان المجرمين الارهابيين أمـس,0
"التوثيق الكامل لما حدث في قصر الإتحادية لمن يريد أن يحكم ضميره ويعرف الحقيقة """,2
"زيارة لإعتصام رابعة ، شهادة مهمة جداً ولازم تقروها كاملة "" انصح بقراءته",2
دعبد المنعم ابو الفتوح فى ندوته فى مكتبه أ : الإخوان من أول يوم لم يفرضوا على اعضائها مذهب فقهى بعينه فطبيعى,2
لأن صوتي هو لي وليس لمن يدعو,2
عرض الاسبوع 10 ألاف متابع #درر #حكم #حكمه #حكمة #ابيات #النصر #الهلال #الفتح #كلمات #كلمة #بوح #الاتحاد [2299247],2
#عاجل #الرياض #مكة #خواطر #غرد_بصورة #غرد_بصوره #دبي #غرد_بذكر_الله [31543451],2
من الذي نشر نظرية الاستبداد الشرقي في الغرب ؟! أقرأ المقال كاملا,2
دعمرو حمزاوي غداً الثلاثاء الساعة الثالثة بعد الظهر بقاعة المؤتمرات بكلية الصيدلة جامعة عين شمس,2
"اعلام العار يبدأ حملة (نعم للدستور) قبل أن يظهر أو يعتمد أو يعرفه أحد, سياسة القطيع هش عليه",0
وزير إسرائيلي: يجب تعزيز الحكم الذاتي الفلسطيني #المستقبل #اسرائيل,2
اغلاق كل الساحات والميادين الكبرى لمنع صلاة العيد وصمة عار على الانقلاب وحسابهم فى الاخرة عسير,0
#الجزيرة اظهرت تسجيلات غير فيها #صباحي رأيه حسب الظروف كانت أمامه فرصة ليكون محترم #مصر #الاعلام #الاخبار #الوطن #رابعة #الشروق,3
العصابة الموجودة في سجن طرة لا يزال لها رجالها وأموالها خارج السجن وتدير عملية الانف,1
#صورة - محترف النادي #الأهلي ( إيريك أوليفيرا ) يتابع لقاء #الاهلي و #الاتحاد من المستشفى بعد عملية الرباط …,2
"الليلة عبد الرحيم علي يفجر مفاجآت جديدة في 90 دقيقة على ""المحور 1"" #باسم_طلع_حرامي",2
للعلم للكدابين ؛ رئيس المحكمة الدستورية ينفي إدلائه بتصريحات تتعلق بقرارعودة مجلس الشعب,2
هي قالته فين وامتى؟ هابعتلها توضيح,2
الآن اجتماع مع متطوعي الحملة في محافظة سوهاج,2
تغيير النائب العام تطهير الشرطة والقضاء منع المحاكمات العسكرية تغيير قانون الانتخابات بدون هذه الضمانات فان مجلس الشعب سيتبع مبارك,2
الاسواني: لماذا تعارضون الاعلان الدستوري الذى أصدره الرئيس مرسي ؟! >> المقال كامل >>,2
#فولورز_عفركوش_بيعملو_فولو_لبعض فولوووووووووووو = بااااااااااااااااااااااك,2
#الميدان|#جامعة_المنيا |#انتهاكات|الحبس 11 سنة و غرامة 130 ألف جنيه لطالب ثانوي بعد إطلاق الرصاص عليه وإصابته …,2
"""3: هاننتخبو عشان كدا #انتخبوا_اللي_شال_العرص #سأنتخب_السيسى_و_مش_هنزل_لمستواك""",1
#فيفي_عبده_الام_المثالية اصلا صارت كلمة مثاليه الحين سبه عجبكم كذا طيب امشي يابن المثاليه,0
الوطن | الدستور الدولة والمجتمع (3) | عمرو حمزاوي:,2
"#دعوه_للتفاؤل "" ما انزل الله من داء الا انزل له دواء """,2
عضو في مجلس الشعب #ماهر عبد الحفيظ حجار يعلن ترشيح نفسه للانتخابات الرئاسية في #سوريا,2
النِعمة تحتاج للشكر،، وَالبَلاء يحتاج للصبر،، وَالذنَب يَحتاجُ للإستغفار،، (فمْن شكرَ و صَبر وَ اسْتغفَر نَال #ال…,2
من قال أن دستور الجماعة لا يقسم مصر يجب أن يكشف على نظره فهذا شيء واضح وضوح الشمس,0
تعليقات أخرى على مقال أحمد عز,2
وصلت المطار بدري ولحقت الطيارة :),2
الشجرة التي تستظل تحتها قد زرعها إنسان لا تعرفه ازرع ما ينفع الناس واترك بصمتك في الحياة,2
دبلوماسية محشي الشبت مقال اليوم في الشروق ياريت مرسي يبقى يدي للشعب وصفة محشي الشبت نبقى طلعنا منه بحاجة,0
يوم 7/7 هيكون #يوم_من_اجل_مصر لفريق العلم قوه هدفنا ندخل 100000 أمي الفصول لمحو اميتهم شاركونا,2
#عشان_خاطر_ماسر متحوطيش اخوكى الصغير فى الطرحة,0
مليون خزوق يفلقوه ده ال180الف توكيل زرايبي للعرص #مرسى_رئيسى #انتخبوا_العرص #الشعب_يرد_تحية_الرئيس #مصر #رابعة …,0
تجاوز الحل السياسى واللجوء للحل الأمنى هو فشل للسلطة، واستهتار بالدماء على السلطة منع إراقة دم أى مصرى سواء كان معتصماً أو رجل أمن,0
#مطابخ فرح فريده من نوعها مضمونه مدى #الحياة لمن تبحث عن #التميز و #الجوده هاتف الرياض 4538565-(011) …,2
أنا كبلال إنبسطت :),2
بسم الله الرحمن الرحيم ##############################################,2
وكم من #أب سيحصل على #حزام بعد #الامتحانات :) :),2
الاحتلال يصادر هويات طلبة مصاطب العلم في #الأقصى، ويرسلها إلى مراكز التحقيق الخاص به للضغط على الطلبة وعقابهم,2
"د علاء الاسواني يكتب مقاله الأسبوعي بعنوان: "" كيف للرئيس أن ينام ؟! "" على هذا الرابط >>",2
رغم إن الصحافة رسالة إلا ان فيه صفحات كاملة بتتكلم عن #صافيناز #سما_المصري #حلاوة_روح ودي كارثة #2014,0
المقال الأسبوعي لـ علاء الأسواني ينشر صباح غد بجريدة المصري اليوم,2
هل تعرف من هو صاحب القصة القادمة من بسمة أمل؟ شاهد برومو الحلقة الجديدة من حلقات بسمة أمل أنيماشن وتعرف على,2
المذيع المصري نشأت الديهي المستقيل من القناة التركية ضيف #يوسف_الحسيني في #السادة_المحترمون …,2
حوارمع رواد الندوة حول الأحوال السياسية الراهنة ولماذا نتظاهر غداً في إحياء الذكري الثانية لثورة 25 يناير؟! التفاصيل>>,2
صح وعارف انه لا بكاء على دم الارهابي اومن يمارس عملا عدائيا تجاه الوطن او اقترف عملا من اعمال العدو ومصريتنا ليس رقم قومي وحسب,1
معني ان يستغيث اهالي دلجا من الارهاب فتستجيب #كلام_و_كلام #يوسف_الحسيني #السادة_المحترمون,2
الدكتور عبد المنعم أبو الفتوح يجتمع الآن بالمتطوعين بمدينة بنها,2
المشاركون بمؤتمر مستقبل #التعليم يطالبون بعودة تعيين العمداء ورؤساء #الجامعات,2
الأهلى يلتقى الشباب بنهائى كأس الملك على أرض الدره #السعوديه #الأهلى #الشباب,2
جعل الغياب اللي خذاك يموت ويحيا بداخلك وصل غاليك #يوسف #بوح,1
الرئيس عدلي منصور تتوافر فيه صفات القائد المناسب للفترة الحالية …,2
#اوعى_تنسى # (,2
أنا الأن بملابس الإحرام متجه من المدينة المنورة إلى مكة لأداء العمرة سأدعوا لكم أثناء الطواف من كان له حاجة,2
هل تعلم أن #مرسي لم يبت في أي قصر طول فترة حكمه كان يدير الدولة في القصر ثم يعود لمنزله ليبيت به مع أهله الذين رفضوا …,2
#ﺍﻟﺸﻌﺐ_ﻳﺮﺩ_تحية_الرئيس #انتخبوا_العرص #خليك_مصدق ان حزب النور اسلامي!!!,1
"""المفوضين"" توصي بغلق قناة #سما_المصري",2
_ لو ضيوف حلقة الليلة سخنوا من حضرتك شغّلهم دي,2
#حط_صورتك_وانت_صغير هذي ثاني مره أحطها :),2
غير صحيح أنا سأبطل صوتي,2
"# حالة استنفار قصوى بمصر وطائرات استكشاف إسرائيلية بسيناء بعد مقتل 3 مسلحين ,,",2
"بدء مؤتمر صحفي للصحة للإعلان عن إجراءات مواجهة ""الكورونا"" #مصر #ميدان_التحرير",2
2 اقترحت، كتابة وقولا، لإدارة الانتخابات المبكرة وتعديل قواعد العملية السياسية تولي رئيس المحكمة الدستورية العليا منصب الرئاسة الانتقالية,2
مرة أخرى: إلي دعاة العنف الشعب أكبر من أي فصيل الوطن أكبر من أي فرد الإسلام أكبر و أعظم من أي فكر عقيمتحيا مصر و لن ترهبونا !,2
لأن وزير الداخلية لم يقدم حتى الان طلبا واحدا للنيابة لمراقبة ‏1/1,2
وقد يطول بكم مدى هذا الإمتحان !! فهل أنتم مستعدون أن تكونوا من أنصار الله؟؟ 9⃣ #حسن_البنا #الإخوان_المسلمين,2
خليكوا فاكرين ان #6ابريل دول كانوا بيقولوا #مرسي عايز يأخون القضاء لما حب يطهره,0
3 الجنازة النهارده تسعه ونص من الحامدية الشاذلية والعزاء يوم الإتنين من مسجد الرحمن الرحيم في صلاح سالمربنا يرحمه,2
ملح البحر الأحمر معجون بالتمرد، و رائحته بعد الغروب طرحةٌ من الحرير,2
حرب الغاز تحقيق استقصائي يثبت تهاون مصر في ترسيم حدودها البحرية بما يحفظ أمنها و ثرواتها، آخر كلام، أون تي في، 11م,2
"ودا قمة السفه في الصحافة !! ""الفن بعد ثورة 23 يوليو وبعد ثورة 25 يناير #مصر #الثورة """,0
يوسف الحسيني ضياء رشوان #السادة_المحترمون تابعونا,2
دعمرو حمزاوي: البرلمان لايملك الصمت على العبث باستقلال القضاء,2
هو كل رئيس عرص يحكم #مصر يتشطر علي #الجزائر ؟! مره بحجة الكورة ودلوقتي بحجة #الارهاب ؟! #انتخبوا_العرص #العرص_يغرد,0
شكرا ياشباب على محبتكم ربنا يجعل كلامنا خالصا لله والوطن ده رابط تحميل المعصرة مقالة أحمد زكي مهمة تصبحوا على خير,3
لما_كان #عمرو_دياب,2
النضآرآت بقت موضة ! تقويم اﻷسنآن بقي موضة برضو!! مش بعيد بكره تلاآقي صحبتك جآيالك بكرسي متحرك تفوليلهآ سلآمتك اتشليتي ! #مرار_طافح :),0
كل عام و أنتم بخير كل عام و بلادنا فى أمن و سلام كل عام نلتقى على هذه الصفحة لنشر الخير و الأمل و العمل الصالح ~ عمرو خالد,2
عيون لتصاميم الفيديو #فيديو #مونتاج #تصميم #زفاف #اهداء #الان #واتساب #خبر_عاجل #نشر #السعودية #كرونا #متابعين …,2
#مصر #السيسي تنتكس وتعود للعصر الحجري وحكم الغاب يحزنني حال الذين يدعمون هذه الهمجية والنازية الجديدة #مرسي #السعودية,0
3 سأستمر في كتابة مقالي اليومي بالشروق، ومن خلاله سأواصل تحديد موقفي من مجريات الأمور في مصر والدفاع دون مهادنة عن الحريات وحقوق الإنسان,2
المصريين الاحرار أول حزب ذو مرجعية غير دينية يقدم أوراقه للجنة الاحزاب # #,2
الفرق بين شجاعة طالبات الثانوي بالمحلة وجبن مسئولي التعليم ونذالة الاخوان هو ذاته الفرق بين مستقبل مصر وماضيها المستقبل قادم وسينتصر حتما,1
كتبت هذا المقال منذ سنة ولازال صالحا للنشرأتمنى أن يساعدك على فهم تقلبات الخلق أيام الثوراتنهاركم سعيد,2
إجراء الانتخابات قبل تفعيل حكم محكمة القضاء الإدارى بحق المصريين فى الخارج فى التصويت سيفقدها الشرعية,2
دعمرو حمزاوي: البرلمان لم يمارس دوره الرقابي على الحكومة حتى الآن,2
كم هى حقيرة الشمطاء ميرفت التلاوى عدوة الاسلام تسخر من الاسلاميين لاختيار 2 فقط في لجنة الدستور قالت:احمدوا ربنا اننا عبرناكم,0
#قطر #الدوحة # #حمد #تميم #الرياض #دبي #الامارات # #ابوظبي خمس الاف متابع بـ 200 ريال 209,2
ماقدروش على اللي أمه أمريكية اتشطروا على اللي أمه مصرية عاش مرسي مطهر الداخلية,1
لم يُقتل أحد,2
#حمدي_قنديل انت مقتنع باللي بتقوله ده؟؟!!,2
لمن يتساءل عن أسباب حبس الاستاذ عصام سلطان، و التعنت في التحقيق معه، و التهم المضحكة الموجهة إليه هذه بعض,2
للعلم أنا درست 25 هندسة ميكانيكا,2
الاسواني: هل الدولة مهملة وغافلة عن تمويل الاخوان والسلفيين أم أنها متغافلة ومتواطئة معهم ؟؟ المقال كاملاً >>,2
الإسماعيلية #كفرالدوار #أسوان #قنا #المنيا #سوهاج #بني_سويف #شبين_الكوم #بنها #إدفو #طلخا #كفرالشيخ #عدن …,2
سيبك انت بس السيسي راعبهم #انتخبوا_البرص,0
"يحيطك دائما بما يشغلك #فضيحة_المحلة #مرتضى_سما #ابله_فاهيتا الخ يتغير الزمن ولا يتغيرون يلهونك بقنابل الدخانليطبخ ""برواقه"" الله غالب",0
بيعتوا حريتكم عشان تعيشوا وتاكلوا بس حتى دي استخسروها فيكوا :)) #غلاء_الغاز ومن بعده #البنزين ومش هتقدروا تفتحوا بئكوا,0
استمرار تطور وتجديد كوادر التنظيم المسلح لجماعة الإخوان الإرهابية #السادة_المحترمون …,0
آمين من هنا للعشر الأواخر أنا في ديك الساعة يا جميل انت عارف محبتي واعجابي,3
#ثوار #المرج #عزبة_النخل #المطرية #عين_شمس ما نبقاش رجالة لو ماطلعناش ال 5 سيدات من #قسم #المرج الليلة #مرسي #الاخوان #انتخبوا_العرص,0
تكثر هذه الأيام تصريحات منسوبة لي لوسائل إعلام مرئية ومكتوبة لم أظهر في أي وسيلة إعلامية ولم أدل بأي تصريحات لأي صحف أو قنوات تلفزيونية,2
شاهد - الحالة النفسية للشعب المصري - الكاتب بشير الديك في السادة المحترمون # #,2
نقابة المهن التمثيلية تعلن مشاركتها في مليونية الثلاثاء وتنظم وقفة غدًا,2
د عبد المنعم أبو الفتوح على قناة الحرة: مواجهة الفتنة الطائفية تحدث بتحقيق العدل و تعميق حرية الاعتقاد,2
القبض على منفذ عملية السيارة المفخخة التى استهدفت الهواء الطلق بعد تبادل لاطلاق النار,2
اليوم عيد ميلاد الدكتور البرادعي الثورة المصرية تمر بلحظة حرجة الثورة تنتظر منه ومنا الكثير كل سنة وانت طيب يا دكتور محمد الثورة مستمرة,1
ده رابط لمقالاتي خلال الأسبوع الماضي في الشروق لو حد فاته قرايتهابعد ساعة بإذن الله هانزل لكو مقتطفات من المعصرةسلام,2
إلى زملائي المحامين الراغبين في الانضمام لمبادرة(سامعين صوتك)التى تهدف لدمج متحدي الاعاقه في المجتمع يسعدنا اشتراككم,3
اللهم أعنا على ذكرك و شكرك و حسن عبادتك,2
"عندنا القضاء ""الواقف"" وهو المحاماة والقضاء ""الجالس"" وهو القضاة والعدل ""النائم""!ا #جلال_عامر",0
حساب من اجل #جدو الله يرحمه,2
"بعد قليل يلتقى د عمرو خالد مع الإعلامي خالد صلاح علي قناة النهار الفضائية فى برنامج ""أخر النهار"" للحديث عن عن",2
أجور العمال في شركات الأسمنت أقل من تكلفة ورق شكائر الأسمنت #أوقفوا_الفحم,0
#دعوه_للتفاؤل هاشتاق جا بوقته *-*,2
لكي تنجح يجب أن تكون رغبتك في النجاح أكبر من خوفك من الفشل,2
"السيناتور چون ماكين يلعب ""الپوكر"" على هاتفه أثناء جلسة الاستماع! #السادة_المحترمون …",2
ونقول فاتنكم أمطار #الشرقية وحبات البرد خلوا مسكد تنفعكم 😂 😂,2
"""مدن"": 25 مليار ريال حجم الاستثمارات بصناعية جدة الثانية #السعودية # #الرياض #الدمام #جدة #مكة #الخبر …",2
دفاعا عن الحرية والديمقراطية والمدنية وسيادة القانون التي أؤمن أن خلاص مصر مرتبط بالانتصار لهم، وللرأي العام، وللتاريخ الذي يدون الآن، أسجل:,2
من الاخر اى حد فيه الرمق من المعارضة يمكن ينزل انتخابات شعب او شورى بيتقبض عليه لغاية ما تخلص خارطة الطريق وبعدها ربنا يسهل,0
37 ماتعلمش من أداء جده القديم اللي قرب من الحاكم واستفاد منه وفاد الناس بذكاء وما اتعاصش بدم على الأقل,1
تم تقسيم شعب مصر أخلاقيا احرار وشرفاء ومتسامحون ومؤمنون مع الشرعية والعكس بالاضافة لجهلاء واغبياء مع الانقلاب,1
يقولون والعهدة على الراوي أن استير بولونسكي لما سمعت بترشيح البلتاجي لرئاسة المخابرات نُقلت إلى المستشفى لإصابتها بشرخ في الحلق من فرط الشخر,0
لمن يسألون، وحنا قاعدين، إن كان أحد المسؤولين اتصل بنا، وحنا قاعدين، بعد موضوع الغاز، الإجابة: و لا الهوا,2
و زي ما الإخوان و السلفيين اعتبروني عدو للإسلام كتير من الإعلاميين اللي وقفوا معايا حيقلبوا عليا قريب جداً الفاشية لا دين لها,0
7 الاسد حازم ابو اسماعيل #حازمون,2
#أشاهد_الآن الحكم على 1 حمل تطبيق # الحكم,2
#رتويت #غرد #الجزائر #السعودية #مارس #الشباب #المرأة #الصلاة #الصور #الكهف,2
نـآآس بتحسب عمــرهـآآ بالدقيقه والسنهبـس كلــه الا انــآآ انا عمــرى م الليله أبتدي #عمرو_دياب,2
#كلمه_بتتقال_في_البيت_كل_يوم جيب كاسه موووويا,2
لك منا كل احترام وتقدير يا اخلص وانظف وانقي رئيس وزراء في مصردهشام قنديل #اعتذروا_لهشام_قنديل #مرسي_رئيسي #انتخبوا_العرص #انصاف_الاخوان,0
كان يمكن للناس أن تصدق أكاذيب الإخوان عن الفلول لو لم يكن مرسي قد تحدث عن المصالحة الوطنية وشرفاء الحزب الوطني الذين نمد لهم الأياديخلصت,1
#حركة_المرور هادئة على جميع طرقات ومداخل المدينة #بيروت #,2
شاهد - آخر كلام: موجة ثانية لثورة 25 يناير #25 - الفنان مصطفى سعيد - بسمة - نادر السيد - محمد العدل,2
باقى 30 يوم اللهم بلغنا رمضان,2
الأجهزة الأمنية تتمكن من القبض على مسئول قسم الأشبال لتنظيم الإخوان بسوهاج # …,2
بتالم وبعلي اهاتي وكانك مش جوه حياتي!!!! وبنضحك على شان نتصدق لكن ولا واحد بيصدق وبنفرح خالص ال يعني مبنتألمش #ذكرى,2
#اللهم يا مجيب الدعاء يا مغيث المستغيثين يا راحم الضعفاء أجب دعوتنا وعجل بقضاء حاجاتنا يا أرحم الراحمين,3
"""_: #الشروق | ""الشروق"" تنشر أهم تعديلات لجنة الخبراء لـ ""#دستور 2012"" # #مصر""",2
7د فأجدت أحيانا، وأخطات أحيانا ودوما ما اعترفت بالأخطاء وسعيت إلى تصويبها كما في حالة قانون العزل السياسي الذي اتسم بعدم الدستورية,1
"هو يا راجل , الوطني يقعد يولول و يطلب تدخل الامريكان #يوسف_الحسيني #مصر",2
اول افاتار ع تويتر ليا كان صورته (احيه احيه احيه) #اعترافات_ليلية اللي قالوا واللي بيعمله خلوني اندم,2
منظومة صحية،حد أدنى للأجور،منظومةالتعليم،سكن،طرق،كباري،صرف صحي،ده اللي احنا عاوزينه #يوسف_الحسينى #ا…,2
بسمة أمل جديدة مع لذة العطاء,3
ازاي واحد من المفترض انه محترف سياسة يتحدث عن المصالحة، تقدر لو رجعت الناس الي اتقتلت لأهاليها، غير كدة متعن…,0
دعلاء الأسواني:هل نسمح بالاحزاب الدينية في الدستور الجديد ؟! >> …,2
إذا أعلنت نتيجة المرحلة الأولى وكانت متقاربة قد يؤدي ذلك لما لا يُحمد عقباه في المرحلة الثانية بين المؤيدين والمعارضين! اتقوا الله في مصر!,2
تم بحمد الله اتخاذ مقر جديد للحملة فى 243 شارع رمسيس أمام محطه مترو غمرة ليكون سهل على الجميع الوصول,2
أيها الأصدقاء برجاء قراءة التعليقات ستلاحظون ان الذين يدافعون عن الفكر الوهابي هم الذين يشتمونك بمجرد ان تختلف معهم ما أبعدكم عن الاسلام,0
أضحك من قلبك مع عصام العريان وقناة الجزيرة وتعليق العريان على ثورة 23 يوليو # …,2
المضحك إن الصفحات الإسلامية جريت ورا كلام الأستاذة إن مافيش أصلا كتاب من تأليف إسماعيل الامين إسمه العرب لم يغزوا الأندلسشكلكو وحش كالعادة,0
اعرف بلادك - مصر أهرامات الجيزة واحدة من عجائب الدنيا تعرف على بلادنا العربيه من خلال ألبوم اعرف بلادك,2
نحن لا نتعامل مع الاخوان,2
تعليقات عبدالمنعم أبو الفتوح على محاكمة مرسي #السادة_المحترمون,2
) #حتوتة #عمان #وسط_البلد #7,2
أنا عايز أقول اني بحبك من زماااااااااااااااااااان جدا #محمد_محسن,2
ههههههاااي هاتوا له شاحن,2
خلال لقائه بأعضاء نادى هوليوليدو حمزاوى يتوقع إقبال 80% من الناخبين على صناديق الاقتراع,2
جمعية تأسيسية كافرة,0
صورة تجمع الساخر العظيم محمود السعدني و الاخ الأصغر الفنان صلاح السعدني,3
#رصد| فعاليات مناهضة للانقلاب ومتضامنة مع انتفاضة السجون بـ #المنوفية نظم التحالف الوطني لدعم الشرعية ورفض …,2
نجيب ساويرس، ووزير خارجية دولة #الإمارات، قاموا بتمويل حركة #تمرد ضد #مرسي …,2
من الطبيعي أن تتناثر الإتهامات والتشنيعات والشتائم والرصاصات في كل إتجاه إذا كان رأس الدولة عاجزا عن إتخاذ القرار,0
#مصطفي_محمود الخوف من الله شجاعة و عبادته حرية و الذل له كرامة و معرفته يقين,2
متى سيدرك الانقلابيون أن العالم لا يرى نظام #السيسي كما يراه عادل إمام وإلهام شاهين؟ ياشرفاء #مصر أنقذوا مصر تمتلكون المفاتيح كلها فانهضوا,1
ال ع الشمال ده زييت #باسم_عودة الإرهابي أما اللي على اليمين ده زيت الإستقرار هل عرفتم الفرق ؟,1
عبد الناصر عمل وحدة مع سوريا وبدأ بالياميش سيسي هيعمل وحدة مع اسرائيل وبدأها بالطماطم,1
#كفاية بقى كده كتير اووى عليكم #حسبى_الله,2
الوطن | فى شأن خاص فريدمان بيتنر | عمرو حمزاوي:,2
4 أناشد الجميع الابتعاد عن الاقتتال الأهلي والالتزام بالتعبير السلمي عن الرأي، لا تفرضوا لون الدماء على الميادين والشوارع المصرية، انتبهوا!,0
عاجل : خمس الاف متابع خليجي بـ 200 ريال #الامارات #ابوظبي #دبي #قطر #الدوحة # #حمد #تميم #الكويت #السعودية 466,2
تنعقد الليلة الخميس الساعة السابعة مساءً ندوة دعلاء الأسواني في مركز إعداد القادة بالعجوزة,2
#بيل القاطرة الولزية يتغيب عند اللقاء المرتقب #الريال_البايرن وكريستيانو يبدأ المباراة احتياطا #بكفي_حصار #اضبطوا_شركاء_المخلوع,2
الدكتور حازم الببلاوى طلع اخوان--------------هههههههههههههههه #الببلاوي: اعتبار الإخوان جماعة إرهابية كان قرارا,1
"#محمود_عباس: ""#الهولوكوست"" أبشع جريمة في التاريخ الحديث",0
مرسي موحد الفتن,0
"لا يترك مناسبة الا و يرفع شعار #رابعة انه الاسد #أردوغان #مصر #تركيا """"",3
حديث الساعة!,2
ساهم بفكرة في سلة أفكار ابداعية لرمضان و #راف تحول افكاركم الى مشاريع رائدة #افكار_رمضانية_لمؤسسة_راف #قطر #رمضان …,2
خدم السفاره الأمريكيه في جمهوريه مصر العربيه #ابوالفتوح #حمدين_صباحي #باسم_طلع_حرامى وبتاع حزب الوسط,2
الاهم في العقد الجديد ان المسرح اللي حنذيع منه والمكتب اللي بنعد فيه مستقلين بذاتهم بعيدا عن اي قناة واستديوهاتها ومافيش تدخل في البرنامج,2
تشريح الثورات,2
مصطفى جلال كاتب علر جدار زنزانه امن الدوله للذكرى الخالده مصطفى جلال صيدلة المنصوره 2014 #عبث #الحريه_لطلاب_صيدله_المنصوره,2
اهو دا اللي صار: رائعة #سيد_درويش بصوت الجميلة #دينا_الوديدي,3
الرد على قانون قتل الحرية: 15 ألف متطوع و 800 محام يجمعون التوقيعات - البقية تأتي,2
مصر الانقلاب تطالب بمقعد دائم للدول العربية فى مجلس الامن بينما مصر والعرب فى أضعف حال مثل مريض يطالب اتحاد,0
المادة التاسعة وأسباب أخرى لرفض مسودة مبادئ الدستور (1) - عمرو حمزاوي - بوابة الشروق,0
تواصلت مع كل الجهات في بني سويف بهدف الافراج عن مراسل الاهرام #السادة_المحترمون,2
تمثيليات الارهاب الانقلابية لن تتوقف بعد كل مذبحة لاحرار مصر يخرج الانقلاب بتمثيلية كاذبة ولا وجود لتفجير او رصاص فى القاهرة,2
دعمرو حمزاوى يستمر فى تعليق الحملة الانتخابية اليوم أيضا ويتضامن معه الناشط السياسى جورح إسحق والذى علق كذلك حملته,2
#كلمتين_وبس خليون بالقلب رح يجي وقتون قريباً😉,2
محدش عندو #ضحكة سلف ! :( :- :-,0
لماذا ترشح ابوالفتوح؟,2
ظابط جيش يهين أهالي مدينة #الشيخ_زويد ويقول والله لنضربكم بالكيماوي زي #بشار الفيديو كارثة وإلي بيعملوه إجرام #سيناء …,0
"الدكتور عبد المنعم أبو الفتوح يقطع سفره و يعود من تونس غدا في الصباح الباكر ليشارك في جمعة "" الثورة أولا""",2
#اعترافات_ليبروفاشي_خليجي (#الفاشية) تظهر واضحة وضوح الشمس في التنظيم الهرمي #الاخواني الذي أسّسه #حسن_البنا (الأسر، المناطق…,0
خُلقت مبرءاً من كل عيبٍ ،، كأنك قد خُلقت كما تشاء #سيدنا_النبي,3
أؤيد قرار د مرسي فيما يخص : 1- إبعاد النائب العام 2- محاكمة وإعادة محاكمة كل من لوثت يداه بدماء أو أموال المصريين,3
ارتفاع ضحايا رفح لـ11 قتيلا و17 مصابا وإعلان أسماء الضحايا #نقطة_لقاء، #يوسف_الحسيني # #…,2
علاء الاسواني: السؤال:ماذا لوقررت الدول ذات الأغلبية البوذية أو الهندوسية أن تعاملنا بالمثل ؟! أقرأ المقال كامل … …,2
تطبيق الشريعة,0
المحكمة الافريقية تقبل دعوى الحرية والعدالة و تلزم مصر بوقف إعدامات محكمة المنيا,2
النائب العام غير محصن فى الدستور ولكن تم وضع مدة محددة لهفإذا طلب العودة للعمل بالقضاء خلالها ووافق مجلس القضاء فإنه يت,2
ياجماعه أنا اقترحت يكون اسم البرنامج (اجمل رنوش بعمرنا ) اللي موافقني يعمل ريتويت #مولد_الاعلامية_الساحرة_رناسماحة #…,3
"سابقة خطيرة أمريكا تدرس اعتماد السيادة ""#الإسرائيلية"" على #القدس في أوراقها الرسمية",0
#خلق_جميل احترام الكبير والعطف على الصغير,3
عرض الاسبوع 44 ألف متابع #أذكار_المساء #بصراحه_مليت_من #خد_موقف_من #علمتني_الحياة #الحياة_تحتاج_إلى_شيئين [944767],2
#أوغاريت || #سوريا #حماة :: #التقرير_اليومي_الكامل | الأحد 27 نيسان 2014 : -----,2
# 50 # #فولورز_عفركوش_بيعملو_فولو_لبعض # #,2
مفاجأة رد الشيخ حازم على فتوى برهامى الاخيره: فك الله أسرك يا إمام يا من علمتناكيف نحياكراما #سنحيا_كراما بإذن الله,3
"#اكتب_رساله_لشخص_دون_ذكر_اسمه كنت شيئا يسعدني لا أعلم كيف تحولت ل شيئا يألمني جدا """,2
و لو ان الإرهابي صفوت حجازي او غيره قاوم بالسلاح فليقتل اير مأسوف عليه،فهذا هو القانون الذي نجاهد لتطبيقه على الجميع,0
القافلة تسير و الكلاب تردح :),1
"أسرة مسلسل ""السيدة الأولي"" تنتقل للتصوير باستوديو الأهرام بطولة #غادة_عبدالرازق و #ممدوح_عبدالعليم # …",2
بعد #25_يناير كنا نظن بداية عهد جديدلكن الجديد لم يأت و لن يأت اذا استمر هذا الحال,1
"قال صلى الله عليه وسلم:""في ليلة النصف من شعبان يغفر الله لأهل الأرض، إلا لمشرك أو مشاحن""(حديث صحيح) فاللهم إنا",2
لكل #زملكاوى كان بيقول #الزمالك قادم مش هقولك غير #قادم_الساهر,2
رسالة لكل أم من أمهات شباب وبنات صناع الحياة كل عام وأنتم بخير وشكراً لكم على تربيتكم لهؤلاء الشباب والبنات فهم,1
كلمة وكلمة وبس  #كلمتين_وبس,2
عذراً لتأخر رفع الحلقات الأخيرة هنا لتعطل الرابط بين فيسبوك و تويتر و سنرفعها الآن,2
هامش للديمقراطية المتواطئون الإقليميون - عمرو حمزاوي - بوابة الشروق,2
انت بضان ياض؟,0
أمريكا تعلن مكافأة مرسي بـ190 مليون دولار لتعهده بتنفيذ قرض الصندوق,2
اخوان ملثمون بأسلحة الية وسط ميدان رمسيس -,2
د أبو الفتوح : مشكلتكم تحتاج لقرار ادارى والحكومة الحاليه ضعيفة لدرجة انها لا تستطيع اتخاذ قرار ولا بد من سرعة,0
الأدمن: اتفرج على لقاء #باسم_يوسف في 3 عن ازاي طريق لاكتشاف #المواهب في العالم العربي,2
مش كده برضه حيث كده خد دي لحد ما أشوفك على خيرصباح الفل,3
تجيب أ/ وفاء عسيري على اسئلتكم واستفسارتكم على الهاتف المجاني8002494444 وتويتر وزارة الصحة حول التحرش الجنسي للأطفال #احمني_من_التحرش #تحرش,2
يخربتك يا #مارك عمل #اللايك بصوت لسة عاملها حالا جربوها كدة,2
ومن شجاعة بديع أنه عندما إنتقب لم يخشى التحرش,2
ع سبيل النكد #باسم مش جاى النهاردة :(,0
٧ بعض الحضور في المنتدى من المصريين المؤيدين لجماعة الإخوان هاجمني وانتقد آرائي، ولكن دون تطاول أو عنف لفظية,1
2) بعضهم يتحدث عن ديمقراطية وتعددية، بينما آخرون يقاضون مبدعين انضمت لقائمتهم مؤخرا رسامة الكاريكتير دعاء العدل,1
استعدوا لاتنين ريتويت حالا بس ما تعلقوش الا لما تقروا الاتنين:),2
السيسى يجتمع بوزراء الداخلية والكهرباء والتموين فور عودته من روسيا,2
#تويت_برسمة_انت_راسمها #كلنا_رسامين #فن #رسم,2
شاهد - آخر كلام: كيف يحدد خصم قواعد اللعبة #,2
خبر مدفون,2
ذكريات الثانوي #صورة #تصوير #صور #مصور #ذكرى #هاجوس # عشاء #سراة_عبيدة #رسم #إبداع #فله #فلة…,2
#حملة_الا_يوسف_الحسينى #يوسف_الحسيني حرقهم علشان كاشفهم من زمان أويغلطة ومش هيكرروها تاني …,1
كل همنا انقاذ الوطن وعدم اعادة النظام القديم عن طريق إطالة الطوارئ و الاطاله في الفتره الانتقاليه,1
#العرص فى #نيويورك,0
شكلك نسيت بني عبيد؟؟ #الزمالك_الافريقي,2
اللهم اشفي كل مريض يتألم،وارفع عنه واجعل شفائه برحمتك عاجلاً في شهرك الكريم،اللهم انزل على قبور موت,2
"وقفة تأمل لمجزرة ""الاتحادية"" ادانة واضحة ل",0
"#اليوم_السابع | ""#المصريين _الأحرار"" يقرر رسميا دعم ""#السيسى"" في انتخابات الرئاسة",2
وزارة الصحة لم تنتظر اكثر من ساعة بعد التفجير لتعلن اصابة 8 اشخاص نفس الوزارة التى انتظرت اياما لتقلل ضحايا المجازر,2
شكرا لكل من شارك في البرنامج انتم شركاء في هذه الفرحة احسن فريق اعداد و اخراج و انتاج و كتابة فخور بشغلي معاكم,3
مدينة #السادات كانت كل المباني فيها تقريباً (مباني المدينة أو الجهاز) عليها سخانات شمسية,0
في يومٍ من الأيام قرر جميع أهل القرية أن يصلوا صلاة الاستسقاء تجمعوا جميعهم للصلاة لكن أحدهم كان يحمل معه,2
فجاة حبيت السياسة و مجلس الشعب,3
بداية المباراة #المصري - #المنيا رابط المباراة :,2
خليك كوبري #عسكر #اخوان لايق عليك # #قانون_التظاهر #قصر_الاتحادية #اسقاط_قانون_التظاهر #6ابريل,1
""": اللهم انك اعطيتنا الاسلام من غير ان نسألك فلا تحرمنا الجنة ونحن نسألك #اللهم_امين #دعاء #ادعية?""",2
انت الغالى اللى بقالى سنين بهواه #الزمالك #الزمالك_الافريقي,3
ضيف ايه بس انت صاحب بيت :),2
- بعد عشرين عاما ستشعر بمزيد من الأحباط ليس بسبب الأشياء التي فعلتها و لكن بسبب الأشياء التي لم تفعلها ! #مارك توين,2
نحن ندعو لاستمرار المليونيات في كافة ميادين مصر، وفي القلب منها ميدان التحرير كأكبر ضمانة لتحقيق مطالب الثورة,2
ما بتهزناش الزلازل يا باشا اقرأ المقال كاملاً على موقع الشروق #…,2
يا شعب نايم ع الرصيف وبالمقشة بيتكنس فيك ناس بتشقى ع الرغيف وناس بتتعب م التنس #صلاح_جاهين,2
للاستفادة برتويت مرتين #تابعنى #مواليد_السبعينات_بيعملو_فولو_لبعض #رتويت #مصرى #مؤيدين_السيسى_بيعملوا_فولو_لبعض,2
النائب العام يقرر نقل المشرف على تحقيقات أحداث الاتحادية للعمل كمحامي عام في بنى سويف # #,2
بعد خبر الاهرام عن ضبط بطه فى قنا وبها جهاز للتجسس قرر سيسي حظر تجول البط فى الترع اعتبارا من 4 ظهرا مع ضبط اى مواطن يزعل ويتبط,2
قد ترى الأمور مستعصية عليك بعض الشيء لكن اذا ما نظرت من ذاك الباب الذي لا ينظر إليه احد سوف ترى الأمور متجلية واضحة ومفهومة لديك #حاول,3
عندما تثق فى احد بشكل كامل بدون ادنى شك ستحصل على نتيجتين اما شخص يحفظك مدى الحياة واما درس تحفظة مدى الحياة !!! #ابر…,2
عرض الاسبوع 40 ألف متابع #شوارعنا #فن_تتقنه_النساء #ذلك_الشخص #شي_ودك_تجربه #بوح #درر #عجبني #حلو #مكه [2094833],2
شاهد - آخر كلام: منير فخري عبدالنور - وزير السياحية في حكومة تصريف الأعمال,2
سلاماعلى شهداء الانتصارالعربى ، وتحية الى قواتنا المسلحة التى عبرت بمصر من الهزيمة الى النصر (إن ينصركم الله فلا غالب لكم),3
"#صباحي: #عدلي_منصور أصدر قانون ""التحصين"" لخدمة الفساد| أي كلام وتشكيك المهم يوصل للكرسي",0
ألتقيكم الأن على المنتدى لنتناقش سوياً حول حلقة اليوم من عُمَر صانع حضارة,2
اى حد اتقبض عليه وهو بيصور ويوثق الاحداث او بيغطي الاحداث الان يتواصل معنا على 01001135875,2
انا بحترم وبحب فريق #كاريوكى فهما على الاقل اتكلموا بطريقتهم الى هى الفن فى وقت سكت فيه مشايخ ودقون ناس بترقص وناس بتموت,3
طب غلبنا برشلونة '' بالحظ '' غلبنا البايرن ! ''لعبكو كلو دفاع '' عن عقلية برشلونة اتحدث =) #ذا_شامبيووونز,2
أستقالة بابا الفاتيكان ! هل يا ترى فى علاقة بتعيين سفيرنا الجديد فى الفاتيكان ؟ :),2
:) :) #هاشتاج #صاحب_يتصاحب تابعونا وكمان تقدروا ع صفحتنا ع فيس بوك وتويتر تشاركونا ومن رابط الاستماع فى أول,0
"مستشار قانوني ومحامي 0538755527 ""خبراء في الأنظمة والمحاماة"" #محاماة #مستشار #قانون #زواج #قضايا #محامي #الرياض #قضية #رقم #ريتويت ; -!",2
بيان كلية الحقوق جامعة الاسكندرية بشأن الاعلان الدستوري,2
"الان علي قناة دريم 2 ضيف برنامج"" بتوقيت القاهرة"" مع حافظ الميرازي",2
أموي #سوريا • #جبهة ثوار سوريا _ القطـْـْاع الجنوبي درعا - الوية العمري - 26 - 6 - 2014 ابطال الوية العمري,2
اليوم السابع | #جامعة_الأزهر بـ #أسيوط: 3 مايو بدء #امتحانات التخلف والشفهى,2
مصادر: وزارة النقل تؤجل فتح محطة مترو أنور #السادات لأجل غير مسمى,2
خمس الاف #الامارات #الهلال #النصر #السعودية #الكويت #قطر #الرياض #مكة #رتويت # #دبي #الشارقة # #غرد_بصورة 144,2
"تأجيل محاكمة 77 من رافضي الانقلاب فى ""أحداث رمسيس "" إلى 5 مايو #مرسي #مصر",2
في علامات ممكن تقولك إنك حامل قبل ما تلاحظي تأخر الدورة الشهرية موجودة هنا #دورة_شهرية #علامات #صحة #حمل #حامل #مصر,2
#صباح_الخير #بعد_منتصف_الليل #غرد_بذكر_الله #صور_كنك_بنت #لو_كنت_المتحكم_بالتويتر خمس الاف بـ 200 ريال6,2
اول هزيمة لجوديولا فى السينتاجو بيرنابيو #ذا_شامبيووونز,2
"""الاجتماع الأول لمتطوعي الحملة بالشرقية"" 6:00 9:00 الاجتماع الأول لمتطوعي الحملة",2
إعادة لقاء تشومسكي، و إعادة حوار الشباب مع 'الحكماء' الليلة ١١م أون تي في # تمدكم القناة بالرابط بعد الإعادة,2
اللهم ارزقنا قلبا خاشعا و لسانا ذاكرا و جسدا على البلاء صابرا آمين,2
من استراتيجيات حملتنا أنها ايجابية لا سلبية د محمد الشهاوي - مدير الحملة - متحدثا عن استراتيجيات الحملة :,2
أنا عملت اللي عليا وخبيت الولاعات وعلب الكبريت وصور مجلس الشعب من البيت عشان الطباخ مايطلعش مختل عقلياً مش عايز آكل,2
"الحديث عن أن شخصًا يحدد من له مكان فى الوطن ومن ليس له مكان ""هزل""",0
"ستيفن جوبز - مؤسس شركة ابل, والرئيس التفيذي لشركة بيكسار, وعضو مجلس ادارة شركة والت ديزني استقال بالامس وقال في",2
مساهمة من بعض متطوعي الحملة,2
4_متى ماثبتت أية تهمة وبالأدلة والقرائن #الشرعية يستحق تجارالترميش من #أهل_العلا في #العلا العقوبة اللازمة للأنظمة المعمول ب…,2
د علاء الأسواني: ما الفرق بين الانسان البدائي والانسان المتحضر ؟,2
اجي من هنا زحمه اروح هنا زحمهعن لجنه اﻻمتحانات اتحدث #محمود,2
#فلسطين #محرقة #الاحتلال_الصهيوني بحسب الجارديان محمود عباس: #الهولوكوست أبشع جريمة في العصر الحديث مع من يود,0
ولمآ #ضحكة بنت تعلى أعرف أن ألوجع جوآهآ بيكبر !!!,2
#فيفي_عبده طلعت بقناة ام بي سي وتتكلم عن الشرف والاحترام وانها الام المثالية !!! #وقاحة,0
باسم ميتر تاني يوم العيد نو كحك,2
هل ستتغير الأشياء في السعودية؟,2
طب الواحد يصدق أخبار مكتوبة فين بالضبط؟ ولا ما يصدقش حاجة خالص؟,2
مرسي مثل مبارك سيعين رؤساء الأجهزة الرقابية هل يستطيع رئيس جهاز رقابي عينه مرسي ان يعترض على ميزانية الرئاسة او تمويل الاخواندستوركم باطل,0
أدين بشدة تقديم كل صاحب رأي أو ناشط سياسي للمحاكمات العسكرية علي المجلس العسكري الالتزام بتعهده بعدم إحالة المدنيين لمحاكمات عسكرية,0
انتهوا من سجن كل قيادات المعارضة وتحولوا الى أبنائهم وبناتهم وزوجاتهم مصر لم ولن تشهد قمعا وشيطانية كما نرى من عصابة الانقلاب,0
#ﺣﻤﺪﻳﻦ_ﻋﺎﻭﺯ_ﻳﺤﺎﻛﻢ_ﺍﺳﺪ_ﺍﻟﻌﺮﺏ برضو #سأنتخب_السيسى_و_مش_هنزل_لمستواك,1
نادى الاسير في #جنين يدعوا الى مساندة الاسرى الإداريين المضربين عن الطعام رفضا لسياسة الاعتقال الادارى الغير مبني …,0
نجــآوى اللّيل تجعلكم أقوى كثيراً من أوجآعكم الغآئرة وأكبر من أمنيــآتكم الضّآئعة اللّيل ملاذكم الآمن ، لا تضيّعوه ب رقآد #م,2
ومن أراد حكم الأهطل ربنا يتولاه,0
ايــــن انــــتم يــــا عــــشاق النــــسور الخــــضراء #المصري # #بورسعيد البوستات مبقتش توصل اﻻ ل10% من,2
"""#تعطل_الواتساب #توقف_الواتساب #الواتساب_معلق تأملو هكذا """"",2
#ذا_شامبيووونز اوعي فرحة بفوز الريال تنسيك جون مجدي عبد الغني,2
الوفد - دراسة تقديم مواعيد #امتحانات #الجامعات -,2
الشيخ حافظ سلامة يؤكد فشل مؤامرة أمريكا لإسقاط الجيش المصري #السادة_المحترمون,0
يابوب ارجع محتاجينك بجد #ارجع_يا_بوب,3
ملف العدالة الاجتماعية هو الملف الاهم و الابرز لمحاربة الافكار المتطرفه,1
العسكر خاين كالعاده ؛ دخلوا الجامع بالبياده #مجزرة_العباسيه #عسكر_كاذبون #لن_ننسي #لن_نسامح,0
وهو إيه اللي وداه هناك؟,2
"الليلة السابعة مساءً الندوة الاسبوعية للدكتور/ علاء الأسواني في مركز شبابيك بالمقطم ""الدعوة عامة"" - للتفاصيل",2
"#وزير_التموين : توفير كافة السلع بأسعار مخفضة 15% في ""المجمعات الاستهلاكية""",2
#الوفد - #ﺍﻟﻌﻠﻴﺎ_ﻟﻼﻧﺘﺨﺎﺑﺎﺕ: ﺃﻭﺭﺍﻕ #ﺍﻟﺴﻴﺴﻲ ﻭ #ﺻﺒﺎﺣﻰ ﺻﺤﻴﺤﺔ,2
فرق بين مبادرة اتنمية الوعي وبين استعمالها كحل لفشل الدولة التي ندفع لها الضرائب,2
"برنامج مش صعبة د حمزاوي شرح مصطلح ""الصمت الانتخابي"":",2
راسك برضو يا حوده #انتخبوا_العرص #فيفي_عبده,1
#السيسى_هايصالح أحمد عز وزينة وهاياخد العيال يربيهم علشان يتفرغوا لخلفة عيال تانية #الجيش_قتل_رضا #حاميها_حراميها #الداخ…,0
أعجبني فيديو على هروب ابووضحى من مستشفى الامل #غناء,2
شاهد - آخر كلام: يا قائد الجند - مصطفى سعيد #,2
نظرة هادئة لمشهد ملتهبمقال اليوم أجيب فيه عمن يسألونني دائما عن الحل ويتهمون الكتاب عامة بعدم الحديث عن الحلول,1
انظر ماذا جرى لأفراد القطيع لاتخرج قبل أن تقول الحمد لله على نعمة الحرية,2
وصل الامر بمصر نائب كويتى يقول لرئيس مصر على الهواء: يا شحات مهانة ما بعدها مهانة رئيسنا شحات يا انقلاب العار يا اعلام العار,0
وصول مسيرة تضم عدد من نواب الشعب المنتخبين بينهم د عمرو حمزاوي لعمل فصل بين المتظاهرين والقوات بهدف حقن الدم و,2
شبرا العظيمة دوماكل يناير واحنا هنا,3
#الحقيقة_مباشر_مصر|#انقلاب_3يوليو,2
# ابوالفتوح؛ لا يمكن ان يغامر المجلس العسكرى بالمخاطرة فى استفزاز الشعب للثورة عليه فهو ليس منزه عن ال,2
النصب التذكارى الحقير الذى يتم انشاؤه الان فى ميدان رابعة سيكون اول شيئ يتم اسقاطه بعد اسقاط الانقلاب,0
بسمة أمل من سوريا اللهم أعد البسمة على وجوه أهلنا فى سوريا,2
شاهد - آخر كلام: مستقبل السودان والاستفتاء على انفصال الجنوب,2
أعطي رسول الله  المرأة مكانة عالية وجعل لها دور كبير في المجتمع شاهد لتعرف  #يوم_المرأة_العا…,3
حد عارف إذا مسكوا المجرمين اللي كانوا بيضربوا المتظاهرين بالرصاص من داخل معبد إرشاد الإخوان المسلحين؟,2
#رابعة كانت فعلا هي #الثورة بعد ما نضفت من #النجاسة و #الوساخة (الكتير) ، اللى ملت #ميدان_التحرير #حقيقة,2
#لازم نطلعهه ~,2
بيان حزب مصر الحرية بخصوص الأحكام الصادرة بقضية مبارك,2
#واحد_فاضي #الهلال #السعودية #النصر #النصر_الهلال #غرد_بصوره #الرياض #زيادة_المتابعين #رتويت #هاشتاق_خاص [259919],2
تحية لشباب ٦ إبريل على جهدهم غير المسبوق في توعية الشعب من خطر عودة الفلول ؛ وتحية أخرى لهم على الحملة الرائعة (:,3
الحق عائد الشرعية عائدة رئيسنا مرسي عائد بلدنا الحبيب مصر عائد ان شاء الله عائدون عائدون,2
ماذا تعلمنا من المحنة؟!,2
البيان الصحفى ليوم الاثنين 28 نوفمبر2011 حملة عمرو حمزاوى تتقدم ببلاغ ضد الانتهاكات باللجان الانتخابية,2
#جبهة ثوار سوريا_ القطاع الجنوبي - درعا 27_4_2014 بعض الغنائم التي حصل عليها الثوار بعد تحرير تل أحمر شرقي,2
"#موقف_نفسي_اعيشه_مع_جوزي نتفرج علي فيلم رعب و ييجي مشهد مخيف و أقول "" يا مامييييي "" يقولي "" يا روح أمك! خوفتي ؟",2
بقية التفاصيل و الشروط و القواعد ستُشرح في الاستوديو قبل بداية المناظرة الأولى,2
رب اجعل هذا البلد آمنا,2
يجب على كل ابناء #الزمالك مساندة ميدو ودعمه بشكل كبير ميدو استطاع تغير اشياء كثيرة داخل النادى موجوده منذ زمن بعيد قوي,3
#فيديو مسرب لخلفية هاتف #آيفون_6 القادم,2
البيان الصحفي ليوم الخميس 17 نوفمبر2011حمزاوى : أنادي بدولة مدنية قائمة على العدل والمواطنة ولا تنتقص من هوية المجتمع,2
ﻭﺍﻗﻮلك ﺍﻳﻪ ﻃﺮﻳﻖ ﺍﻟﻜﺮﻩ ﺍﺧﺮﺗﻪ ﺍﻳـﻪ ﻭﻫﻲ ﻗﻠﻮﺑﻨﺎ ﻣﺎﺗﺖ ﻟﻴﻪ ﻟﻔﻴﻦ ﻫﻨﺮﻭﺡ ﻣﺎ ﺑﻴﻨﺎ ﺷـﻴﻄﺎﻥ ﺍﻣﻠﻨﺎ ﻳﺎﻭﻃﻦ ﺧﻠﺼﺎﻥ ﻣﺤﺪﺵ ﻓﻴﻨﺎ ﻣﺶ ﺧﺴﺮﺍﻥ ﻭﻻ ﻣﺠ…,0
ولماذا تجزم ان حبك لي شيء مفيد؟,2
انا مش حزب دستور لكن لو انضميت للحزب مش حيكون عشان البرادعي لكن عشان محمد يسري سلامة,2
أنها معركتنا جميعا لا ننتظر أحد لكن نشجع الجميع !,2
اعمل تويتة على تغيير بامبرز البت ييجي الرد زي الريتويت اللي فاتتفعلا بياكلوا بيبي ع الصبح,0
أحد ضحايا عنف الإخوان المسلمين المؤيد للفريق السيسي #السادة_المحترمون,1
معرفش ليه ممكن تيجي على بالي ف وقت زي ده,2
لا أكيد قفل النهارده عشان القلقبتوع الفرشات الصيني شغالين أربعة وعشرين ساعة ولو جاله كرامب هيلاقي اللي يعالجه برضه,2
"أهالي إمبابة مسلمين وأقباط يحيطون بالكنيسة ويهتفون ""مسلم مسيحي يد واحدة"" والجيش يطارد مطلقي النيران # #",2
عندكم (نت) سرعة هدف لويس ليال ، #الاهلي #الاتحاد,2
كلام كتير شوية عن موضوع النائب العام:,2
القاتل المقيم بتاريخ 10 أكتوبر الماضى أصدرت محكمة جنايات القاهرة حكمها ببراءة كل المتهمين بقتل الشهداء وإصابة,2
3 لا أدعم لا علنا ولا سرا أيا من المرشحين وكبرلماني سيراقب الرئيس القادم أفضل الاحتفاظ باختياري لنفسي، السر الانتخابي,1
ورغم ان حمدين كان نائب في البرلمان لكن كلام وكلام #السادة_المحترمون,2
شباب الحملة ناشط في كل محافظة من أجل مصر المستقبل بارك الله فيكم معاً سنغير,3
للمرة الاولى فى 40 عاما يأتى يوم 6 أكتوبر والجيش ليس حبيب الشعب الاغلبية بين كاره وغاضب وخائف ومندهش أو لديه ثأر,0
بيقولك #صباحى نفى تصريحاته عن محاكمة #السيسى و قال عنه إنه بطل شعبى -عندة اننفصام فى شخصية الحزين ده والله !,1
# بالصور أنصار مرسي يحرقون كنيسة ومدرعة للجيش بالسويس,3
#قطر ترفض تسليم 28 شخصا من قيادات #الإخوان المسلمين ما أجملها من تُهمة وما أعظمه من موقف #شكرا…,3
أعتذر عن عدم ظهوري الليلة وسأصدر بياناً غداً,2
اشتري و #تملك شقتك الان في #بورصه #تركيا #ريتويت #ريتويت__للمزيد #ريتويت_للجادين_فقط,2
#اعتراف ما كنحملش ديك البياسة ديال 2 دراهم كتغلطني ديما,2
__ شكرًا جزيلا,2
#يحيي_قدري:مخطط #الإخوان ب #سيناء يؤكد أنهم خطر على #الدولة قال #حزب_الحركة_الوطنية المصرية إن التقرير الذي,0
استغفر الله العظيم استغفر الله العظيم استغفر الله العظيم { اللهم ارزق امي الجنة فانها جعلت حياتي جنة } #غرد_بالخير #دعاء,2
بفكر #الرجاء البيضاوي يفوز على #المغرب الفاسي 365 شو بتتوقع؟ #365,2
قصه قصيرة : عرف ربه فأحبه فعاش سعيداً,3
لما تتفرج على بتاع حفلة فى #سحل_حشيش #السخنة #الجونة انا سافرت بلاد الفرنجة ماشفتش,2
(التيار يدين العنف وحرق المقرات) #التيار_الشعبي,2
لما كريستيانو و ديماريا ضيعوا الجولين #ذا_شامبيووونز,2
الليلة أعاصم سليمان وكيل الجهازالمركزي للمحاسبات سابقاً،ورئيس المجلس المصري لشفافية ومكافحة الفساد مع #يوسف_الحسيني في #الس…,2
إيهاب عبدالله رئيس نادي #دمنهور:أرسلنا فاكس وتواصلنا مع العلاقات العامة بوزارة الشباب والرياضة لزيارة النادي ولم يرد أحد #الملعب #,2
_ موجوده للى يدور,2
هدفين الـ3 الدوريات الكبرى #رونالدو 30 هدف #ريال_مدريد #سواريز 30 هدف #ليفربول #شيرو_ايموبيلي 22 هدف #تورينو,2
لو عايزين إنتاجية الشعب المصري تزيد بشكل ملحوظ خلي الإخوان يدعوا للعصيان المدني أتوقع أغلب الناس هتشتغل شيفتين,1
الشعب #المصري اجمل حاجه فيه ان في وسط #الهموم بيقدر يخلق #الضحكه,3
هناك الكثير من المصريين الذين يهاجرون وهناك أيضاً الكثير ممن يعودون إلى أرض مصر ولابد من أن نعطيهم حقوقهم كاملة,2
#خلق_جميل عندما يفضح احد الاصدقاء اسرارك ولا تقوم انت بالمثل,3
ال بتاعك ايه ؟ مش هقولك خلاص هكتبه 10 مرات غلط و ابوظلك الموبايل #مصريين,2
#عاجل | #الدقهلية | #المنصورة : ماس كهربائى وراء حريق نادى الحوار والدفاع المدنى يسيطر على الحريق ولا يوجد,2
_70007 الحمارة امك #فطيم_النعاشة وانت ولدها و اذا فكرت تصير ولد حلال اطلب من #فيفي_عبده_الام_المثالية تتبناك هههههههه …,0
د أبو الفتوح: الحكومة الإسرائيلية تطيل أمد الصراع مع الفلسطينيين لأنه لا يمكنهم الاستمرار و التماسك بدون هذا,0
مصر مدرسة القمع الحديثة ولهذا ينتشر الضباط حاليا فى المدارس,0
في #عيد_العمال نستذكر ان هناك من ساهم وساعد ووشى وتشمّت وأظهر حقده وكرهه وتسبب بفصل قرابة ٥٠٠٠ موظف ! هنيئا لكم مزبلة التاري…,0
"#لازم نتعلم علم ال "" "" هيريح نص الناس الى على #تويتر",2
خفوا ع الراجل يا جماعة ده كده بقى خلاص سامي هينام,1
عن #الفرح #اللمة #الخروج #ضحك_السنين #الغني #التصوير #اللف_بالعربيه #الشارع #للصبح #الخبرة #عمر_المسخرة #الانبساط يوم فشيخ,3
الكائنات الفضائيه كانوا مفكرين واحد قلع شرابه بس أنا قلتلهم ان ده احتفال #شم_النسيم #منظم_رحلات_المريخ,1
#مصرى #اسمر #بغمازات #زملكاوى #بحبك :* =,2
5 من لا يوافق الرئاسة على هذه الرؤية ويعارضها مكانه الوحيد في السجون وغياهبها!,0
الأسواني يروي عن شاهد عيان: رأيتهما وسط الاشتباكات ولاحظت لهجتهما غير المصرية وحينما سألتهم عن بلدهم أخبروني أنهم,2
عرض الاسبوع 44 ألف متابع #أذكار_المساء #بصراحه_مليت_من #خد_موقف_من #علمتني_الحياة #الحياة_تحتاج_إلى_شيئين [927665],2
ردك ممتاز ولديك استعداد طيب للكتابة تحياتي,2
يجب ان يشكل المجلس المنتخب حكومة تقوم بتشكيلها الاغلبية او حكومة ائتلافية يستطيع مجلس الشعب أن يسائلهاوإلا سوف يتكرر الامر مرات ومرات,2
#هادي_خشبة يدافع عن #أبو_تريكة,2
#بالفيديو نبيل العربي يبكي على الهواء بسبب #حسني_مبارك #مصر,2
عبر20عاما من عملى الاعلامى هاجمت الاعلام القذر وتعرضت لحرب شرسة الكل تأكد مما قلته من 20عاما,0
مطلوب 8 أكياس دم فصيلة + في بتك الدم #بورسعيد بـ إسم : سهير احمد حسن ، لـ التواصل : 01289954776 #شير #ريتويت #كتر_شيرك #شير_فى_الخير,2
كله ينزل بكره مكان ما نزل يوم 30-6متخلوش اللي بيحصل يخوفكم--نزولنا بكره هو اللي هيخلص الموضوع,2
#عاجل موجة غبار تقترب من #حائل وأخرى تقترب من #القصيم وتزحف نحو #الرياض و #الشرقية #السعودية,2
الحق عبد الحليم قنديل علي يمين #المشير وبيضحك اه يا مرارتك يا مجيدة بالقوي,2
يا أيها المغيبون,0
لل كان بيسأل عن استهداف الاقباط ادي عينة,2
والله من شين النفس فيني اليوم #اعتراف,0
#غرد_بطولك #امك_في_كلمتين #الانستقرام #جملة_اذا_قلتها_لاتصدقني #القنفذة #خميس_مشيط #حفرا…,2
#باسم_طلع_حرامي ===== #عاشق_مصر,1
ليس كلام #العربية ولا #الجزيرة إنما هو كلام الشارع #المصري تحليل لما يجري في #مصر بلسان بائع بسيط,2
#صباح_الخير #بعد_منتصف_الليل #غرد_بذكر_الله #صور_كنك_بنت #لو_كنت_المتحكم_بالتويتر خمس الاف بـ 200 ريال16,2
رتويت تلقائي لجميع تغريداتك من حسابات حقيقيه للتواصل واتس اب 0558196947 #رتويت #فايروس_كرونا #سيف_عبدالله #ميسي #برشلونة_فيار…,2
مفيش حاجة اسمها دولة وطنية في حاجة اسمها الجماعة التنظيم طز في مصر #السادة_المحترمون …,0
#شوقي : ولد الهدى فالكائنات ضياء وفم الزمان تبسم وثناء/ اللهم صلي وسلم على سيدنا محمد وعلى اله وصحبه وسلم #بكفي_حصار #اضبطوا_شركاء_المخلوع,1
البرلمان خطوة في طريق تسليم السلطة وعلى النواب أن يكملوا مسيرة الثورة ويحققوا مطالب الشعب عيش حرية عدالة اجتماعية,2
321 لم يحدث فى التاريخ أن مسيحى حتى قذف طوبة على جامع لأنة يرأة بيت للصلاة,2
من ذكريات صفحتنا || 4 يناير 2011 فاكرين هذا الدعاء من أحب الأدعيه الى قلبي,2
ازمات مصر الحقيقية لن تحل بالمتاجرة بالدين ولا بالحديث عن تطبيق الحدود والسياحة الشرعية، بل ببرامج تشريعية وتنفيذية محددة,1
كابوس مكيف الهواءمقال اليوم عن أوهام الدولة التي تقزم مواطنيها لكي يصبحوا أهدافا طيعة في يديها,2
العالم بيتجه للتقليل المنتظم والمستمر من اعتماده على الفحم ومصر عايزة تزيد منه! #أوقفوا_الفحم,0
ماتدافعش عن الكذب وتقولي أنا مش إخوان مرضك ده ليه علاج على فكرة إنك تبطل تعيش في قطيع الجماعة وتشغل مخك شوية,0
القائمة الموحدة تهدف إلى الحد من فرص بقايا الحزب الوطني المنحل في الحصول على نسبة كبيرة من مقاعد البرلمان # #,2
مصر الشعب الواحد والوطن الواحد لن يؤثر فيه حادث الوراق الإرهابى ، خالص العزاء لأسر الضحايا وسلاما على روح إبنتى مريم التى إغتالتها يد الغدر,1
الرياض #القصيم #واحد_فاضي #الهلال #السعودية #النصر #النصر_الهلال #البدائع #الزلفي #حفرالباطن #مكة #جدة [2635558],0
النائب العام الخصوصي بتاع مرسي لغى قرار الافراج عن شباب الاسكندرية المعتقلين !! ده جي يعيد محاكمات الثوار باين,0
مولانا التيس,0
الأدمن: اتفرج على #امريكا_بالعربي حلقة 24,2
اليوم السابع| السفير حسام القاويش، المتحدث باسم #مجلس_الوزراء، للإعلامية #جيهان_منصور في برنامج #صباح_التحرير:,2
3 شكرا للتعديل,0
#عادل مديد القحطاني اللهم اجعلها في ميزان حسناته,2
""": نتهم عصام العريان وحزب الحرية والعدالة بإحداث فتنة وقتل وإصابة مصريين """,0
"""#السيسى"" للرياضيين: ""الحوار"" السبيل الوحيد لحل أزمة #الألتراس لمزيد من التفاصيل",2
ﻛﻦ مرنا فلكي تصنع حضارة وتتعامل مع حضارات وجنسيات أخرى يجب أن تجمع بين القوة والشجاعة وعلى الناحية الأخرى بعض,2
04 _ # تدعون للدين وتنشرون الأكاذيب، لم أكن أبدا عضوا بالوطني انتم تتاجرون بالدين,0
و أنت كمان نهارك سعيد يا إكسلانس :),2
#النائب_العام يأمر بالتحقيق مع #ياسر_برهامي في قضية إزدراء المسيحيه #شخراتون,2
نفسي أفهم سر العلاقة بين الملحدين أمثالك وبين قدسية الكنائس ،أليس للمساجد قدسية أيضاً,2
وبعدين الاعلان الدستوري بيقول ان من حق الرئيس يعين المسئولين بعتباره مسئول,2
للشموخ عنوان #السادات,3
#بايرن_ميونخ #ريال_مدريد #ذا_شامبيووونز,2
الفلولي مصطفى بكري ينسى اسم ولي أمرهفيكتب (أيوب) بدل (منصور) اللهم لا تزد الانقلابيين إلا ضلالا! …,0
د أبو الفتوح في العاشرة مساء : لن نقبل مستبدا يحكم مصر,2
طلاب الجامعات قالوها اليوم عاليا لا دراسة ولا تدريس الا بعودة الرئيس صدامات واعتقالات وغدا ايقاف الدراسة او فوضي بالجامعات,3
ومين قال لك انها كانت نزيهة ده كان كمين وش,0
"بوابة الشروق| بالصور أفضل 27 لقطة مضحكة في حفل توزيع #الأوسكار # """,2
أهرامات #الجيزة #مصر,2
2011 الإسلام أم مصر ؟ يزداد إحترامى لك مؤخراً كلما تكلمت مع إنى سأرشح البرادعى,3
أهدم نفسك عشان تبني مستقبلك !! #التعليم_في_مصر,0
شاهد الان أولى حلقات برنامج #عمر_صانع_حضارة على قناة النهار الفضائية,2
نيويورك تايمز: الانقلاب دراكولا يبطش بالصحافة,0
#خليك_مصدق #خليك_مصدق ان الحكومة تبع الاخوان وفيها 11وزير مؤتمر و15محافظ مؤتمر #خليك_مصدق ان هادي من الاخوان,1
#شكلك_مش_غريب #الاهلي_الافريقي,2
د عبد المنعم أبو الفتوح الان يجلس في احد محلات الكشري بالحي العاشر - مدينة نصر ويتناقش مع الاهالى ويؤكد لهم أن,2
_ أكيد فيها,2
مصر ماعندهاش منظومة تأمين صحي ولازم المواطن يكون غني علشان يقدر يتعالج #السادة_المحترمون …,2
ملاحقة باسم يوسف وزملائه من الإعلاميين بتهم لا تعرفها الا الأنظمة الفاشية هو استمرار لممارسات قبيحة و بائسة لإجهاض الثورة التغيير حتمي,0
عبدالناصر الخائن الاكبر #الاخوان_المسلمون,0
السعودية دفعت عشرة مليارات للسلطات العسكرية للإفراج عن مبارك #مصر,2
المجرمين كانو يطلقون الأعيرة والخرطوش على الناس ومن أعلى الأسطح فى رابعة وهم بشرفات منازلهم لا نحتاج اى تبري…,2
أما المتأسلمين الجهال #أدعياء_السلفية #الجامية لا أخلاق ولا مبادئ يتشمتون ويضحكون على جثث #مجزرة_رابعة_العدوية …,0
أما في التشريع بجانب الدستور فأهدافي قانون للاستقلال السلطة القضائية وتعديل نظام الضريبة باتجاه ضريبة تصاعدية وحد أقصى للأجور,2
في ضوء الفوضى والتشرذم حان وقت تصحيح المسار: دستور جديد يضيء الطريق ويحدد الثوابت، انتخابات برلمانية عندما يستوي الملعب، ثم انتخابات رئاسية,1
يفضح كذب قناة الجزيرة ويكشف تمثيل الاخوان دور الموتى,0
أعجبني فيديو على #صاحبة_السعادة | #إبراهيم_عيسى: الواقع,3
#البنزين بيغلى و #الشعب هيوسع احا يا حكومه,0
#فيفي_عبده_الام_المثالية تقول حككككم,0
"""97_: ""__: #غرد_بطولك؟ 179-180 يالله اتحفوني😂؟"" ١٦٠ - ١٦١ *تتفشل*"" 147:)",2
رجل أكرمه الله بمصاهرة أكرم خلقه مرتين زهد في أمواله وتجارته طمعاً في مرضاة الله كانت الملائكة تستحي منه #عثمان_بن_عفان رضي الله عنه,3
2011 الله ينور عليك يا دكتور هو ده التفكير اللى عايزينه مش كم مسجد وكم كنيسه,3
#عاجل | باعتراف المتحدث العسكري الجيش يعتقل ٢٠ من أبناء #سيناء اليوم بالاضافة إلى تفجير منزلين وحرق ٣٢ عشة ومصادرة ١٥ سي…,2
نجاح عملية إنتاج رئة بشرية داخل مختبر علمي #شاهد التفاصيل من هنا:,2
ما ذنب الفيروسات ؟؟,2
هناك عدد من الخطوات التي يتم دراستها للرد على التجاوزات التركية …,2
أصحاب رسول الله صلى الله عليه وسلم عدول ولا ينتقص منهم أحد إلا …,2
سيدي الفاضل اعلم جيدا ان #دحلان_عميل و #ضاحي_خلفان إنما هم كلاب ضالة أطلقها أسيادهم,0
شبل ضحا نقيبا ل #المهندسين ب #المنوفية,2
# #تحيا_مصر #إنزل_26و27مايو_وإنتخب_السيسى #تحيا_مصر #مصر_تنتخب_السيسى #سأنتخب_السيسي #تحيا_مصر,3
عجز الموازنة في الربع الأول حسب تقارير وزارة المالية الرسمية يفوق 50 مليار جنيه الرقم صحيح وموثق,2
أوراق الانقلاب 1 الوقت ويأس الثوار 2 دعم الخليج 3 اسرائيل 4 القتل 5 الاعتقال 6 كذب الاعلام 7 فقهاء الشيطان,0
"""مبلم"" من أصل عربي يعني ""متورم الشفتين"" وبعدين بقت تستخدم بمعنى ""مبوّز"" أو ""سرحان ومكشر"" #أصل_كلمة_مصرية #لغ…",2
جولة ميدانية لمنشية ناصر,2
النائب فى الدائرة مهمته يخدم الدائرة من خلال برامج تنموية حقيقية على مستوي الدائرة بصفة خاصة و الوطن بصفة عامة,2
يوسف الحسيني بالفيديو يفضح كذب قناة #الجزيرة ويكشف تمثيل #الاخوان دور الميت,2
اعمل ايه ف ال أنا حبيته واللى القلب اختاره #عمرو_دياب,0
___5 #سحب_السفراء_من_قطر #قطر_ترضخ_للضغوط_الخليجية وهل زلزلت الخيل الخمس بقيادة الأدهم مخططات الحمق #الاخواني !,2
قلت للرئيس تم فرض رؤساء تحرير جدد على الصحف القومية بواسطة مسابقة غامضة أجراهامجلس الشوري النتيجة منع المقالات التى تهاجم الاخوان من النشر,2
سبب تسمية سيارة كابريس بهذا الاسم هو أن مدير المبيعات في شركة شفرولية كان يحب ارتياد مطعم في نيويورك اسمه كابريس ! #غرد_بمعلومة,2
""": النِعمة تحتاج للشكر،، وَالبَلاء يحتاج للصبر،، وَالذنَب يَحتاجُ للإستغفار،، (فمْن شكرَ و صَبر وَ اسْتغفَر نَال #السعادة) 50""",3
"المصري اليوم | السجن المشدد 5 سنوات وغرامة 100 ألف جنيه لعضو بـ""الإخوان"" في #الأقصر",2
هؤلاء في #سجن_جو يدفعون ضريبة الثورة في كل نفس منذ مارس 2011 ولازالو، واجبنا أن ننصرهم حتى ننتصر #اعتقال #البحرين,2
الشيخ طلحة توفيق (سورة #الملك) 1412هـ - #شغلات_تعدل_مزاجك #مزامير #ما_يعد…,2
اساند من رفض الوقوف للسلام الجمهوري لانه بدعة،بس بالمرة بقى موبيلاتكم وعربياتكم و الدش اللي بتتفرج عليه,1
3 ماعنديش مانع انا بتكلم عن الفجر في الخصومة,1
تحركات مابراهيم محلب في افريقيا #في_حاجة_صح,2
#الشروق | #المعصرة فى أحضان الكتب يكتبها #بلال_فضل ويرسمها #عمرو_سليم,2
:))))) سيبك مته ده أهبل !,0
"قصة رائعة من سيرة عمر بن عبدالعزيز أمير المؤمنين #عمر_بن_عبدالعزيز """"",2
حقيقة بكاء حمدين صباحي !!,2
يعني لما أقول إن مبارك المخلوع سحب سفيرنا من إسرائيل مرتين قبل كده يوصل اللغط أن النعاج والخرفان يقولوا أني بشكر فيه؟ فعلاً بكل طلاقة #ماء,0
الوطن | تقنين أوضاع جماعة الإخوان | عمرو حمزاوي:,2
2050 هاهاهاها بجد انت فعلا مصدق الكلام الخايب ده؟ انا كنت موجود ولم أرى في حياتي هذا التجمع ومان في عدد من المحافظات,2
د علاء الأسواني: ما سر لهوجة المجلس العسكري السابق ؟! أقرأ المقال كاملاً على هذا الرابظ : …,2
اوعى تقول عسكرى غلبان هوا و سيده فضوا ميدان #الداخلية_بلطجية,0
#حمزة_نمرة انساان :),3
"انك تدافع عن اي بنت لو لاقيت حد بيدايقها ف الشارع , الرجوله دي #خلق_جميل",3
ربنا لا تؤاخذنا إن نسينا أو أخطأنا ربنا ولا تحمل علينا إصرا كما حملته على الذين من قبلنا ♡ #دعاء #دعائي #غرد_بذكر_الله #أدعية #يارب,2
إنتحال أشخاص صفة قضاة وتصويت جماعى بالجيزة,2
باﻷحضان يا غالية #الجونة,3
الوطن | من غريب الألفاظ مفقوسة! | عمرو حمزاوي:,2
بالنسبة للهجمات المتواصلة على الأمن والجيش في سيناء هل هناك أي تصريح يدين هذه العمليات على لسان أي من قيادات الإخوان؟,2
أحداث اشتباكات #عين_شمس النهارده أبتدت متأخر أوي!,2
المصريون يحتفلون فى ذكري #تحرير_سيناء بالتزامن مع مقتل ثلاث اشخاص ب #القاهرة #كلمة_تقدير_لجيشنا_الوطني_الأصيل_ف_عيده,2
"يا مرعبهم يا مدمرهم :) #محمد_صلاح , #العب_يا_صلاح",3
الاعلان الاولاني يا جهبذ,2
شاهد - آخر كلام - نادر السيد: الثورة في الميدان #23 #,2
782 _ _ _ و انتي طيبة يا حنان و كل الناس بخير :),0
___ ههههههههههه اصلا ما في احد معبرك #ارحل عدو النجاح,2
وكان صلى الله عليه سلم عريض الصدر، مُمتَلِىءٌ لحماً ليس بالسمين ولا بالنَّحيل سواء البطن والظهر وكان أشعر أعالي الصدر #نشر_سيرته #,2
#إيران: أول اختبار لـ #روحاني بعد رفع سعر #البنزين,0
"""#الهولوكوست"" أبشع جريمة عرفتها البشرية في العصر الحديث",0
اذا تضمن الاعلان الدستوري شرط موافقة الجيش علي القوانين الخاصة به وكذلك علي اعلان الحرب وتفويضه في صفقات السلاح سيكون الجيش دولة فوق الدولة,2
"ندوة"""" البرلمان المصري الاول بعد الثورة "" الجامعة الامريكية بالقاهرة 19 يناير2012",2
للراغبين فى التطوع للحملة من المحافظات برجاء الإتصال ب أأحمد سالم - منسق المحافظات على 0165541351,2
حدث هذا من قبل مع عدد من المتهمين في قضية موقعة الجمل، حيث رفضت الجلوس معهم، و ها هو يحدث الآن مرة أخري,2
لا خلافات مع #معوض وأصبروا على #جدو,2
سأكون معكم الآن على صفحات المنتدى لنناقش سويا ما جاء في الحلقة 12 من برنامج #قصة_الأندلس، شاركونا تعليقاتكم عن الحلقة,2
في اول جولة الإعادة دعا الأسواني لجبهة تدعم مرسي بشروط الثورة فلما رفض الاخوان شروط الثورة دعا الى المقاطعة ومواقفه كلها منشورة وهو فخور بها,3
الانقلاب ساقط لا محالة وبعدها ستعلو قيمة مصر والمصريين الى عنان السماء فى كل بلاد الدنيا بعد سنوات الذل والهوان لناصر ومبارك وسيسي,1
متخفيش انا مش نسيكي #عمرو_دياب,2
حكاية ثورة كاملة بكل معانيها #باسم_محسن,2
صوت الغرباء #دعم #فلو #ريتويت,2
خطوات الفحص الذاتي للثدي، #سرطان_الثدي #المرأة,2
أبو محمد أتوفى النهارده قبل ما يشوف حكم بيتنفذ على اللى قتلوا ابنه #مذبحة_بورسعيد,2
القوى الثورية تدعو لمسيرات إسقاط الإعلان الدستوري الثلاثاء,2
اللواء محمود خليفة محافظ الوادي الجديد الحالي ضيف #يوسف_الحسيني الان في #السادة_المحترمون,2
"#صدر_حديثا لدى #دار_المحدث (التَّيسيرُ بين المشروعِ والممنوع) ""الإشراف"" #معرض_الكتاب",2
"كتاب الظلام :) """,2
2050 بقوللك إيه محمد محمود، مجلس الوزراء، العباسية، الاتحادية وغيرهم وغيرهم انتم لستم أبرياء وخاصمتم الإنسانية والحق من اجل السلطة,0
صورة تجمع بين سيدي الفريق اول الشيخ محمد بن زايد المشير عبدالفتاح السيسي وكلاهما حامين الوطن #أهلا_بجيش_الكنانة …,2
القوات المسلحة انحازت للشعب في حسم يوم 30 يونيو #السادة_المحترمون,2
البطالة: • تعهدات من القطاع الخاص بإنشاء مراكز تدريب وتأهيل للعمالة و للحرفيين، خاصة في المناطق الصناعية بمدينة بدر,2
لقاء باسم يوسف علي قناة العربية مع راند ابو العزم - كامل 15/4/2013,2
جريدة البشاير | حمزواي يصلي العيد في أبو بكر الصديق |:,2
أنا الآن بين أهالي ضحايا قطار أسيوط في محافظتنا الحبيبة، وقد التقيت المحافظ قبل قليل وأتوجه الآن لتقديم واجب,2
د عبدالمنعم سعيد: إسرائيل تطالب العالم بالاعتراف بفاشيتها وعنصريتها قانون قسم الولاء ليهودية إسرائيل فاشية,0
قد يتخلي عنك كل شئ عنك و يبقي الله معك فكن مع الله يبقي كل شيء معك,2
#الماده_الاولى مشاركة لا مغالبة ** **,2
بيقولك سكاى نيوز اخوان انما السيسى هيضرب الاسطول الامريكى بالسيف الاوميجا #انقلاب_مصر #مرسي_رئيسي #_,1
هو إحنا حا نعمل جلسات مجلس شعب ليه؟ ما الإخوان أهم بيخلصوا كل حاجة من مكاتبهم ولا حوجة للزحمة والمصاريف,0
#أوباما يدين انتهاك #حقوق #المسلمين بـ #ميانمار #أمريكا #أراكان #خبر,2
الرسالة رقم 23 من الجزء الاول لكتاب رسائل سجين سياسى الى حبيبته,2
‏ الأسواني:ماذا فعلوا الأخوان رداًعلى سحل فتاة وتعريتها وقتل العشرات من قبل العسكر الذين كانوا متحالفين معهم آنذاك؟>,0
عدم وجود مصدر محايد للمعلومة بقى شيء مقرف جداً بصراحة,0
الوطن | ما يسبق ويلى الانتخابات | عمرو حمزاوي:,2
شاهد - آخر كلام: ثورة مصر سيناريوهات الخوف #,2
فكرك هوايا دا صغير ياللي انت ناوي تدوبني #دينا_الوديدي,0
الخرطوش مع مين !!! بتسأل بجد !!,2
قبل ما نسميه الشتا إللي فات من الكواليس - عمرو واكد فيلم واكد:,2
ممحمد محمود أحمد - رئيس الهيئة المركزية للمشروعات بهيئة سكك حديد مصر #السادة_المحترمون …,2
#الحب_هو كلمه ولكل شخص معناها الخأص به ~,2
تدوينة رائعة من خالد بهي الدين ترد على أكاذيب نظام مبارك جماعة الإخوان الكذابين لن تسقط بترويج الأكاذيب عنها,1
شرط الفاعلية الثاني هو بناء الثقة بين الأحزاب والكتل المختلفة وحرصها جميعا على تجاوز صراعات ما قبل الانتخابات واستقطابات المشهد الانتخابي,2
"حان الان وقت صلاه الفجر لــ #نيويورك #امريكا 4:33 ,",2
#يوسف_الحسيني تعاقب على مصر الولاة من أجناس و حضارات مختلفة طيلة تاريخها المديد كان منهم الصالح و بينهم الطالح الا ان مصر كا…,2
نريــد #السعاده ونحـــن لـم نفتحــهـ,2
8 :) كان حي الطبقة المتوسطة العليا في #مصر و ذهب اليه الكتاب و المثقفين المصريين بحثا عن مزيج نادر يتفق مع طبيعته,3
# كل عام وأنتم جميعا بخير وسعادة,2
#يوسف_الحسيني ازاي دلجا اللي فيها 120 الف مواطن مفيهاش مستشفي فين الدوله???,2
"أن تعاتب شخصاً وأنت لا تعرف ما يمر به من ظروف !""",2
طيب اذونات الخزانة اللي الحكومة بتبيعها، مش دي ربا؟ طب الدين الداخلي، و المشروعات الممولة من البنك اللي عليها فايدة ولسه,0
على غير عادته بالجلسات السابقة علامات الارتباك تظهر على علاء مبارك داخل ا #مصر #ميدان_التحرير,2
"#التحرير | تطبيق يكشف السرطان عن طريق النفخ كشفت صحيفة ""ديلي ميل"" البريطانية عن",2
"لكل من لم يتمكن من مشاهدة مباراة #المصري , #المنيا شاهد ملخص الشوط الأول :",2
بتسمع صوت موتور بتفكّرو هلكوبتر بتسمع صوت موّلدة كهربا بتفكّر هلكويتر ياربي دخيلك شو هالحالة #سوريا,0
"إقالة لبيب السباعى من الطب الشرعى وتعيين د إحسان كميل جورجي بدلاً منه"" الى مزبلة التاريخ وشكرا",0
اذا صدق خبر تأجير الانقلاب الاهرامات لشركة صينية ستكتمل كل اكاذيب وشائعات اعلام العار ضد مرسي الى حقائق وفضائح نفذها الانقلاب,0
أحد أعضاء مجلس سيد قراره عن حزب التجمع مات إمبارح هممم,2
إجلاء أكثر من ألفي شخص تحسباً لإعصار الفليبين,2
"#حلوان #انشـــــــر الساعــة 8 إن شاء الله أمام مسجد المراغـــــي ,, #انزل #احشد #شارك #مكملين #حاميها_حراميها",2
9سبتمبر عيد الفلاح الذى ظلمته السلطة واهملته المعارضة نحتاج لاصلاح زراعى جديد و نقابة مستقلة للفلاحين لا تغيير بدون الجماهير وفى قلبها الفلاحين,0
مش عاوزين  اللى  بيحصل  ينسينا  ان  كان فيه  حاجه اسمها جبهة  الضمير,2
الصبح لما بيجى عليا ببقى حاسس بانتصاار الليل يعدى عليا وانا واقف ف انكسار ومابينهم عزيمة وقرارات بتضيع ع اخر النهار #وسط_البلد #كراريب,1
السؤال لماذا يكره بعض المسلمين فى مصر الاسلام؟ تربية سيئة او علمانية وقحة او جهل وفسق ومجون,2
مصر اليوم حرة بارك الله في شعب مصر,3
الدستور القادم لابد أن ينص على الدولة المدنية، دولة المساواة والمواطنة وهي مضاد الدولة العسكرية والدولة الدينية التي لم تعرفها مصر تاريخياً,2
#الحرية_للمعتقلين #الحرية_للبنات #الحرية_لمصر #شير,2
81 متدين بطبعه #المصري,2
اعتذر عن الألفاظ الفاحشة في التويتةالسابقة لكنها نموذج لمئات الرسائل التى أتلقاها من الاخوان هذه أخلاقهم ومن عجب انهم يتحدثون باسم الدين,2
ونسميها جمعة الجي سترينج,2
قدمنا مئة حلقة في موسم واحد،ثم جاءتحلقات تونس كتجربة تسجيلية لمدة عشرة ايام،حاولنا في الموسم الاول التنويع فشلنا اوقات و نجحنا اوقات اخرى ٣,2
"القوات المسلحة أو الشرطة ستدرب أمن الجامعات مهنيًا ومهمتي توفير الدعم من ""المالية …",2
محمد على بشر جلس قبل ايام مع ممثل للقوات المسلحة وهيكل للخروج من الازمة واليوم منعوه من السفر لعله استوعب الدرس,2
هو بس سؤال رفيع للإخوان: بالنسبة لرجال الأعمال اللي كان رئيسكم بيكلمهم بكل حنية ودلال مش دول برضه الفلول اللي صدعتونا إنهم بيتآمروا عليه؟,0
"أن تكون علمانيا لا يعني أن تشتم #حسن_البنا وأن تحكم على كتب #سيد_قطب بانها ثرثرة وأن عبارة ""إني اتطبّب بالجوع ""للشيخ #ا…",1
1 رئاسة منتخبة لم تعصم دماء المصريات والمصريين وقبلت حدوث انتهاكات لحقوق الإنسان دون محاسبة,1
هذه هى المناظره تماما كما أتصورها بين #حمدين و #المشير #السيسى ! #الكبير_كبير_متعملش_مناظرات_يا_مشير #سأنتخب_السيسي …,1
#حذر تصبحووون ع خييييير ️,2
ادعو الي سبيل ربك بالحكمة و الموعظة الحسنة,2
المصرى اليوم صحيفة سيسي والانقلاب تعلن عن بدء تأسيس قاعدة عسكرية روسية فى مصر وشركة اسرائيلية تؤمن قنال السويس الطمى يا منى زغردى يا لميس,2
شاهدوا #أجمل #فساتين #الفنانة #غادة_عبدالرازق عبر موقع #مجلة #ليالينا,2
الا يستطيع خيرت الشاطر ان يتصل بحازم ابو اسماعيل ليطلب منه ان يكف ارهابه عن المصريين ام ان الشاطر موافق على ارهاب ابواسماعيل الاجابة واضحة,0
خالد علي: رفع أسعار #الكهرباء و #الغاز و #البنزين ''إجرام سياسي'' بحق #الفقراء,0
الرئيس #محمد_نجيب يصف الضباط الأحرار بالخونة ويندم على انه اطلق عليهم اسم احرار بعد اكتشاف خيانتهم #انتخبوا_العرص,0
اذا كانت السفاره #المصري في #السويد غير قادرة على حفظ كرامة المصريين وتنفيذ قوانين الوطن على اراضيها اسوه بسفاره مصر في #ايطاليا اقفلو وروحو,2
#هذة_مصر عز و فخر لهذه الامة,3
إعلان الدم الدستورى بمجرد أن انتهت قوات الجيش والشرطة من مذبحة الحرس الجمهورى,0
شرط الفاعلية الرابع هو تحقيق نجاحات حقيقية وسريعة تطمئن المصريات والمصريين إلى أن المجلس قادر على العمل بفاعلية,2
الماتش ده لو زاد 3 ايام لا الاهلي حيجيب جون، وممكن نلبس التالت عادي #الاهلي_الافريقي,2
فوثق اللهم رابطتها #ورد_الرابطة #نبض_اﻷمة,2
رسالة اصدقاء #الشهيد_عبدالله_نوارة من معهد الخلفاء الراشدين #دمياط الجديدة #أنا_مش_رقم #الحرية_للطلاب …,2
الأمريكان والبحث في ملفات الحكومة #غرد_بمعلومة,2
من لاس كروسيس جنوب امريكا وشمال المكسيكاللهم انصر سوريا وجميع المسلمين #سوريا_فى_القلب,2
ومازالت الحفله مستمره بعنوان #باسم_طلع_حرامى,0
تغيير اوباما لموقفه لدعم الانقلاب يكشف نجاحا لاسرائيل فى رعاية الانقلاب اليهود بيحركونا ويساعدونا فين ايام شتيمة: انت يهودى,0
هذا العام قررنا أن يكون برنامج رمضان مختلفاً عن كل عام فبدلاً من أن نحكي قصة شخصية أو سيرة أفراد، قررنا أن نقدم,2
28 اجدع الجدعان #جيكا #جيكا ياولد الحريه بتتولد #محمد_محمود 2,3
تحرير محضر لتصويت قاضي لجنة بأشمون بدلا من أحد الناخبين,2
أنا واثق أن كلنا عايزين نفتح عينينا و نلاقى النهارده 30 يونية,2
من عيوب وسائل التواصل الاجتماعي أنها أصبحت أداة لرد الفعل وليس الفعل، ننشغل بردود الأفعال اليومية أكثر ما ننشغل بالتخطيط والتفكير للمستقبل,0
"متابعات : المصري اليوممختارنوح: لقد نفذ رصيد الإخوانالمصري اليوموأضاف""نوح""، في مداخل #الاخوان #يكفي",2
قاللك هيعملوا موقع بدل يوتيوب وهيسموه يوتيوس وهيبقى عليه رقابة من الخرفان,0
بسمة أمل: قصة حب أفشلتها كذبة - هام للمقبلين علي الزواج قصة حب جميلة وحقيقية بين شاب وشابة ولكن حدثت غلطة واحدة؟,2
محاولات الترقيع المستمرة لدستور سلطوى تسير فى الإتجاه المعاكس للديمقراطية دستور مؤقت ثم البدأ فى صياغة دستور ديمقراطى هو مدخلنا للديمقراطية,0
لا شك ان فهمى هويدى أخطأ ومن الاخطاء ما يصل الى مرتبة الكوارث لكنه يمتلك ارثا طيبا يسمح لنا بعتابه دون عقابه,0
الرياض #القصيم #واحد_فاضي #الهلال #السعودية #النصر #النصر_الهلال #البدائع #الزلفي #حفرالباطن #مكة #جدة [2637208],2
شاهد - آخر كلام: م عبدالحكيم جمال عبدالناصر - التعديلات الدستورية,2
#الساعة_السابعة:#الخارجية:خلافات عائلية وراء اختطاف فتاة مصرية ب #ليبيا #,2
هاتوا 4 فولورز كده لحد ما اعمل الشاي #ريتويت #نانا3 #هيلب #انشر #وزع #احشد #خليكوا_حلوين #يقعدلكوا_في_عيالكوا,2
الطريق الى جماعة الاخوان المسلمين الارهابية #الاخوان_جماعة_ارهابية,0
أبوالفتوح: التمويل الأجنبى مرفوض ومسئولية (العسكرى) التصدى له - بوابة الشروق,2
#كتاب عن #كامب_ديفيد لازم نقرأه #عشان_نفهم #تويت_كأنك_ناشط_ايام_حرب_اكتوبر,2
#زواج_المتعة حلال,2
وقالت مصادر لـفيتـو إن الإعلامي #يوسف__الحسيني، قد خرج عن السياق في لقاء اليوم وناقش الرئيس في #مصر #السعودية #لبنان,2
شاهد - آخر كلام: القبض على رجل الأعمال الهارب حسين سالم في إسبانيا وهل تستطيع مصر استرداده؟ #,2
صراحه بعد هذه الصوره ما ألوم الواتس لما قَـفَـل علينا ،، #الواتساب_معلق #الواتس_اب_معلق #الواتساب_توقف,2
#الداخلية_بلطجية #تعذيب المهندسة داليا رضوان تم الاعتداء عليها بالضرب الخميس الماضي في أحد الكمائن بالعجمي وتم,0
منحاز لرأيي ورأيي يتغير حسب المعطيات و الاحداث و يمكن تغييره او اقتنعت,2
رئيس يطبق الشريعة دون أن يكون مسلما ولايسير في مواكب مصفحة ولا يكذب على الناس بحركات إستعراضية ويفتح قصره للفقراء,3
"""2016: رونالدو خامس لاعب يسجل 100 هدف في البرنابيو #ريال_مدريد """,2
قوات الأمن تعتقل عدد من طلاب الإخوان المتورطين في أعمال التخريب بجامعة الأزهر,2
#ذات_مومنت لما أشوف صوري وانا صغير واللبس اللي كانو بيلبسوني,2
علامة رابعة فى مواجهة اوباما فى العاصمة الماليزية كوالالمبور #يوسف #الفريق_الاعلامي,2
أخيراً شمس بدران فتح بقه بعد 40 سنة و أول مافتح بقه اتكلم عن الحياة الجنسية لعبدالناصر,2
الصلاة في #الأقصى تعادل ١٠٠٠ صلاة هذا ثواب الصلاة فقط لكن ثواب الوصول والجهاد ومقارعة اليهود لا يماثلها ثواب وأجر,3
"#الوفد ""البلتاجي"" و""شرارة"" يشاركان جورجيا عيدها الوطني: يحتفل الدكتور جابر البلتاجي أستاذ الغناء #الوفد",2
هي قطر عملت إيه تاني؟,2
بنساعد أي حد عاوز الخير للغير خيرنا هيعرضلك كل الخير إللي ممكن تعمله و يوصلك بكل المبادرات و الجمعيات #مب,3
اجمع ٣ اعلانات دستوريه واحصل علي طائر النهضه مجانا ٠٠ هذا العرض ساري حتي ١٥ديسمبر,0
عاجل: طارق المومني نقيباً للصحفيين #الأردن نقابة_الصحفيين,2
#نجيب_ساويرس يتحكم ف النادي الاهلي! احمد سعيد رئيس حزب #ساويرس اصبح نائب رئيس #الاهلي بدل من محمد عبد الوهاب صاحب التاريخ ا…,2
إستخدام المساجد في العمل السياسي ونشر العنف # #,0
* سعودي يستهبل على ذيب شوفوا وش صار له ~☺ !! ياشيييين الهيااااااااط بسسس ☻ #فيديو,2
رتويت خلي اللي ف أكتوبر ينزل #25_يناير #مصر,2
المخدرات بين الطلاب #تعاطي #إدمان #مخدرات #التوعية #الوقاية #الطلاب #المدارس #السعودية …,2
عرض الاسبوع 40 ألف متابع #شوارعنا #فن_تتقنه_النساء #ذلك_الشخص #شي_ودك_تجربه #بوح #درر #عجبني #حلو #مكه [209375],2
محدش بينجرح اوى غير لما يتفشخ اوى يا عبيد #باسم_طلع_حرامى عشان كدة عاملين #يلا_نحفل_علي_احمد_ادم ههههههههههه هو #احمد_ادم بيوجع اوى كدة *_*,1
مصر دوله اوضتين وصاله اوضه للمشير واوضه للمرشد والشعب ينام ف الصاله #المادة_لاولى,0
ألظلم يأتي من أشخاص و جماعة و ليس من البلد و بالتالى بحب بلدى بحب بلدى,1
التاريخ حافل برؤساء استقالوا وانتهت حياتهم السياسية تماما بسبب واقعة فساد واحدة وفي مصر يدفعون بمرشح ضده 35 واقعة فساد لم يحقق فيها احد,1
"يوم"" باسم"" عليكم جميعا !",2
بسمة أمل _ لا تنظر للعيوب فقط وارسم صورة ايجابية لمن حولك,2
أحمد الله العلى القدير على ما شاء وقدر، واشكره سبحانه شكراً جزيلاً على تقديره نجاتى,3
أين المجلس الاستشاري الآن؟ ألم يدرك أعضائه بعد خطأ الانضمام إليه؟ أين الحكومة وصلاحياتها الواسعة؟ أخطاء تتراكم ودولة نريد حمايتها في أزمة,2
"حضر في المؤتمر : د عبد المنعم أبو الفتوح , أ/ حمدين صباحي , الشيخ حازم أبو إسماعيل , د محمد سليم العوا كما حضر",2
سيذكر التاريخ أن الرئيس #محمد_مرسي قاد ودعم #رواد_المساجد وأن #العرص قاد ودعم #رواد_الديسكو و #الخنازير_خائنين,1
"كثير من الناس يجهل أن لا راد لحكم الله وأنه يفعل ما يريد ولا يفعل ما يُريد غيرُه ""والله غالب على امره ولكن اكثر الناس لا يعلمون"" #يوسف",2
الهدف من استدعاء محامين من بلاد اخرى في القضايا السياسية هو الدعم السياسي والمعنوي وليس القانوني للمتهم المقصود إظهار مبارك كبطل تحرير,1
الان خلال التحضيرات ل #الحفل #مصر #القاهرة #سلمى_رشيد 😘,2
الكاتب الصحفي حلمي النمنم ضيف #يوسف_الحسيني الان في #السادة_المحترمون,2
استغفر الله العظيم و اتوب اليه #استغفار #استغفرالله #اخر _الليل #الوتر,2
"التراكوة ""أكلونا"" في كل حاجة، من أيام حسن أرابيسك اللي زخرف الأستانة لحد مهند اللي لحس مخ البنات",2
#اللهم آكفني شر الآعين وآحفظني من حسآدها ،آعوذ نفسي وآهلي وآحبآبي بكلمآت الّله التآمات من شر مَا خلق,2
هل هناك أي تصريح على لسان الإخوان قالوا فيه أي إنتقاد للجماعات اللي بتثير العنف في سيناء؟ لو فيه حد يبعتهولي أرجوكم,2
لميس الحديدي : لم يتم القبض علي وربنا ينتقم من مروجي الاشاعات اتقوا الله,2
السلفي سعيد عبد العظيم قال أن مرسي آية من آيات الله ونسي أن الله تعالى أرسل إلى مصر أيام سيدنا موسى آيات منها الجراد والقمل والضفادع والدم,0
حلقات المفقودة لتونس ابتداء من غد,2
الاحتفال بـ هذي الطريقه بأذن الله ستكون حاضره غداً امام جماهير ميونخ… مفضله #ريال_مدريد #الكالما ️,2
أول اختبار لـ #روحاني بعد رفع سعر #البنزين,2
الوطن | الدستور الدولة والمجتمع (5) | عمرو حمزاوي:,2
طالعت اللجنة التحضيرية في #حزب_مصر القوية ما تردد في الصحف عن تحالفات قيل أن الحزب ينوى عقدها مع أحزاب وتيارات وطنية أخرى,2
علاء الأسواني : من يقبل بانتخابات مجلس الشعب يساعد الإخوان على تغطية جرائمهم >>,0
الديمقراطية هي السبيل الوحيد للانتقال من النظام الحالي الذي يقمع الحريات الي نظام يحمي حرية الشعب ويصون كرامته قد حان وقت التغيير,1
ضبط مشرف دعاية طبية بحوزته 2385 قرصا مخدرا وبخاخات ومناديل جنسية بمركز #سوهاج :: #,2
|٢| المتحدث العسكري يعترف بقيام الجيش بمداهمة وإغلاق مسجد النصر في مدينة #رفح بحجة وجود أنفاق تحت المسجد !! #سيناء …,2
بعد الفاصل دعلاء الأسواني ضيف برنامج العاشرة مساءً مع الاعلامي الاستاذ وائل الابراشي على قناة دريم,2
تم بحمد الله القبض علي عصام العريان شوف بالصورة,3
اليوم السابع | كلاب بوليسية لتأمين #امتحانات #عين_شمس و #الجامعة: منع دخول المفصولين,0
#الكويت #السعوديه #البحرين #قطر #ا?مارات #عمان #العراق #مصر #تونس #الجزائر #المغرب #ا?ردن #السودان #لبنان 569,2
توتوسبور ربطت #ميلان بلافيتزي في حال رحيل بالوتيلي و ادعت ان ثمنة 15 مليون و ان باريس قد يقدم خصما للميلان صباح الأشاعا…,2
ليت الليالي تجيب الي على بالي واشوف زوله بعد ما طول الغيبه ان كان ماعاد له جيه بري حالي يمكن على عز هذا العمر اهذريبه #عادل,1
ومين بيفتيلك في الفن؟,2
#فيفي_عبده_الام_المثالية اصلاً الأمومة محتاجة ليونة !,2
"البيان الصحفي ليوم الاحد 4 ديسمبر 2011 فوز عمرو حمزاوى على مقعد الفئات بدائرة مصر الجديدة بنسبة -% 53,75",2
انا سنجل من سنه تقريبا ومش لاقى لقلبى حبيبا #انا_سنجل #قدرى_السيد,2
فلتذهبوا الى الجحيم #الحرس_الجامعي,0
شاهد حوار د عبد المنعم أبو الفتوح مع عبد الرحمن يوسف - الجزء الأول,2
موعد صلاة المغرب-#بوسطن(وأقيموا الصلاة وآتوا الزكاة وأطيعوا الرسول لعلكم ترحمون),2
محافظ الأسكندرية فى جولة تفقدية لمنطقة ميامي لحل أزمة انقطاع المياه …,2
"الفرق بين إعمال "" النص"" وإعمال "" المقتضى"" عصام-سلطان/137923242939959",2
سُبْحَانَ الله وَالْحَمْدُ لله وَلَا إِلَهَ إِلَّا الله وَاللَّهُ أَكْبَرْ #اذكار #غرد_بذكر_الله #ذكر_الله #تسبيح,2
"روسيا القرار المقترح في الامم المتحدة ""غير مقبول"" #السادة_المحترمون",2
ليه بتجرحنى وتطلب منى اكون مجامله وافضل ساكته كده واتحمل سوء معام #شيرين,2
حماية المتظاهرين السلميين واجب الدولة الصمت على فض إعتصام سلمي بالقوة جريمة,2
د علاء الأسواني : كيف كان يعيش المصريون تحت حكم مبارك ؟! أقرأ المقال كاملاً على هذا الرابط:,2
الحكاية كلها مسألة مبدأ كما قال عبد الرحمن الأبنودي وعمر خيرت وعلي الحجار,2
محمد السيف ليفربول بيمحطونك عدل اليوم #تحرش,1
"بوابة الشروق| #صباحي ينفى صحة تسريبات ""محاكمة #السيسى"" وحملة #المشير: تصرفات ""غير مسئولة"" #مصر #",2
"دعمرو حمزاوي برنامج "" أخر كلام "" 11 إبريل 2012",2
"""الثورة وحدهاهي المؤهلة لاستقطاب الموت,#الثورة وحدهاهي التي توجه الموت,وتستخدمه لتشق سبلا للحياة"" غسان كنفاني #مقاومة …",2
اسطورة اغلبية الشعب معاه، نصف الشعب طنش الانتخابات، و نصف اللي شارك لم ينتخب مرسي، و نصف اللي انتخبه عاصر لمونة و بيتظاهر ضده,1
وناس وانت بعيد عنهم بتنسى معاهم الاحزان #صلاح_جاهين,2
دعبد المنعم أبو الفتوح فى عيون العالم,2
جاوب يا #حمدين علي ال ده أ- #السيسي مجرم و سأحاكمه ب-#السيسي قائد عظيم و لن احاكمه ج-#حمدين عبيط و عمره ما,1
اتفضل المنظر,2
هدف #المصري في مرمى المنيا لايهاب المصري في الدقيقة 61 من #المباراة,2
#الشروق | #المعصرة | قلمين يكتبها #بلال_فضل ويرسمها #عمرو_سليم,2
شاهد - القلل القناوي دينا الوديدي في أخر كلام #,2
"الجزء الاول من الحلقة الاولى ""عودة الابن الضال""",2
#صباح_الخير #بعد_منتصف_الليل #غرد_بذكر_الله #صور_كنك_بنت #لو_كنت_المتحكم_بالتويتر #رتويت خمس الاف بـ 200 ريال 23,2
الشيخ حازم ابو اسماعيل يرد على فتوى برهامي الأخيرة !! فك الله اسرك يا بطل منك نتعلم منهج الدين الحق …,3
#يوسف_الحسيني عام و نصف مضى كان الواقع الثورى بمنتهى الجلاء تدفع به سيدات مصر المحروسة #السادة_المحترمون …,2
الوطن | روح المقاومة | عمرو حمزاوي:,2
بيان حزب مصر القوية عن مجزرة رابعة 27-07-2013,2
تحية لرئيس جمهورية فنزويلا الذي انحاز بقرار إعادة سفير بلاده للقاهرة لثورة مصر وارادة شعبها وأكد على متانة وعمق العلاقات بين الشعبين,3
د\ابو الفتوح #,2
إستبشروا خير,3
عقد أولى جلسات لجنة حماية المسار الديمقراطي لمتابعة تطبيق الحكومة لخارطة الطريق …,2
_ وأنا بقول لك أمريكا مش عشان إنجلترا عملت كده يبقى نعمل إحنا نرجع الملك بقى عشان بريطانيا عندها ملكة؟ وما نكتبش دستور؟,2
د أبو الفتوح في العاشرة مساء : منصب رئيس الجمهورية منصب خدمي و أسعى لخدمة المصريين جميعا بالترشح لهذا المنصب,2
ازاي؟ على تويتر؟ لقينا حزب عدل وقلنا يع؟ لما يبقى ليك جبهة قوية ماشي غير كده تتفاوض,1
سي بي سي: جنايات #القاهرة تستمع لمرافعة الدفاع عن المتهم أحمد رمزى مدير الأمن المركزي الأسبق بقضية قتل المتظاهرين بثورة #يناير #,2
كذب الاهرام نفس صورة الاسلحة المضبوطة في عمان,2
وزير النقل: افتتاح مترو مصر الجديدة أول مايو المقبل #مصر #ميدان_التحرير,2
أكد لي مصدر قانوني مسئول أن اقتراح انسحاب مرسي من الإعادة ومن ثم فتح الباب لمنافسة بين صباحي وشفيق يجوز قانونا قبل إعلان النتائج النهائية,2
7 ماشوفتكش نازل بسلاح الي و بتخلص و انت مالك انت اتنين بيتحاروا مع بعض اطلع انت منها,2
# أبو الفتوح البرلمان القادم إذا نزلنا جميعا للإنتخاب 90 % زي تونس أو 80%فأعتقد ان البرلمان القادم سيك,2
اها انا ضد حظر #6_ابريل بس اللى بيقولوا فين التويل يسال #ماهر و #عادل لكن الشباب العاديين فعلا جعانين وقاعدين على,2
(خديجة خيرت الشاطر ) وكعادتي ألتقي بأبي الحبيب #خيرت_الشاطر مرة كل بضع شهور أذهب و الهم والأسي يعتصر قلبي لأعود,2
اعمال شغب من قبل جماهير #ليفربول امس بعد المباراة مع جمهور #تشيلسي,2
المقصود هو أن هذه مشكلات موجودة بالقطاع الصحي ولابد من علاجها,2
#مرتضى_منصور و #السيسي 3 #فلول و #عسكر 3 :) :,0
عرض الاسبوع 40 ألف متابع #شوارعنا #فن_تتقنه_النساء #ذلك_الشخص #شي_ودك_تجربه #بوح #درر #عجبني #حلو #مكه …,2
#ابراهيم_محلب التاجر لما يفلس يدور في دفاتره القديمه، ودفاتر مصر مليئه بالفساد المالي مع رجال أعمال مصرو، هم لصوص ولكن مدللين وظرفاء,0
السابق هو نص رسالة تلقيتها بشأن حملة اعلامية لتشويهى,2
شاهدوا الآن درس يلقيه دعمرو خالد أثناء استراحة صلاة التهجد، ثم دعاء الوتر وصلاة الفجر، تابعوه على الرابط التالي,2
7 ابتكارات لـ”جوجل” ستغير من حياة البشر,2
مصر ثالث أعلى الدول ديوناً في العالم - ربنا ينتقم من العصابة واحد واحد ويورينا فيهم يوم!,0
مصر لن تخضع بأي حال من الأحوال لأي ضغط امريكي طول ما الفريق السيسي عايش !!!!,2
"قبل نزولك في مسيرة #ضدالإنقلاب جدد نيتك لله وحاول تصلي ركعتين بنية التوبة "" سيد الشهداء حمزة ، ورجل قام إلى إمام جائر فأمره …",2
"#عطوان:هل يشرب #عباس ""حليب السباع"" ويتحدى #نتنياهو و #أميركا قلل الكاتب الفلسطيني، عبد الباري عطوان، رئيس تحرير",2
3 الحتة بتاعة تستبيح خداعي دي دايما باشوف فيها صورة واحدة بشراب شبيكة وسيجارة بمبسم وميك آب تقيل وغمازة عيرة وإنت فاهم بقى,1
_ ما تتعبش نفسك كل واحد بيدور على اللي هو عايزه بس،حتتشتم من الناحيتين,2
لم نعد نسمع منهم، والقليل نطالعه عنهم. يقبعون خلف الأسوار وخلف الأبواب المغلقة,2
"""انما بعثت لاتمم مكارم الاخلاق"" دي كانت مهمة الرسول الشيخ وجدي غنيم عدى عليه الحديث ده؟",2
#حط_صورتك_وانت_صغير كلش مو انا الحين 😂😂😂,2
منذ غرس بذرتها الشهيد #حسن_البنا ليسقيها بدمه صاحب الظلال ليتم الفتك ببطل أول صندوق إنتخابي ديموقراطي وشعبية #الاخوان_…,3
وزعلانين اذا رفعنا سعر التذاكر .. غصب عنك تدفع وانت ساكت عشان تشوف الاتحاد وجمهوره,0
نجيب ساويرس ينقب عن #الذهب المصري ويعد باستثمارات كبيرة #نجيب_ساويرس #مصر #استثمارات #اقتصاد,2
هذا ما عندي والله أعلم وبعد كلام زوجة الشهيد طارق الأقطش ليس هناك كلام لمن أراد الحل الدائم والجذريسلام عليكم,1
#محلب يتعهد #بانتخابات_رئاسية يشهد العالم بنزاهتها وحيادية #الحكومة || لمزيد من التفاصيل على الرابط …,2
هل ألمانيا اشترطت على مرسي مايقعدش عندها أكتر من يوم عشان طاقة شبكة مقاومة الكوارث ماتستحملش أكتر من كده؟,0
#الكويت #السعوديه #البحرين #قطر #ا?مارات #عمان #العراق #مصر #تونس #الجزائر #المغرب #ا?ردن #السودان #لبنان 376,2
بالضبط نفس الكلام ينطبق عشان كده بنقول التهم دي استخدامها = قصر لحرية التعبير لينا كلنا!,2
"دراسه عن التاريخ السرى لجماعه الاخوان المسلمين تحت عنوان""الاغتيال منهج حياه""من دراسه الكاتب #يوسف_الحسينى اكتر من رائع…",0
خمس الاف متابع بـ 200 ريال #سلمان_العودة #تغريدة #اقتباس #طارق #السويدان #طارق_السويدان #أعجبني #العريفي # 172,2
علامة رابعة على بروفيل اثنين فقط من اكثر 15 شخصية مؤثرة على تويتر فى مصر محتاجين جهد اكبر,2
"الوطن | نحو ""أجورا"" مصرية | عمرو حمزاوي",2
"صباح الخير على كل قراء ""بوابة الشروق"" الصورة لـ""معبد هابو"" بـ #الأقصر #غرد_بصورة",2
#لمى_الروقي #تغطية_ابو_امير_لسقوط_لمى تبككيي الله يرحممك يالمئ,2
# #الكويت كما تظهر من #البحر من #تصوير ي الشخصي الآن #تدوين,2
باحييكي من كل قلبي على الكتاب الرائع المهم الجميل والغني بتفاصيله الحزينة والموجعة والمدهشةلو كان عصير الكتب موجود كنت احتفلت بيه,0
محمد فوزي شاعر المنصوره الحريه للجدعان #الحريه_لطلاب_صيدله_المنصوره,2
من اتهموا الاخوان بالفاشية الإسلامية استقدموا علماء الدين لإقناع الجنود بقتل إخوانهم المصريين من المتظاهرين,1
"بالفيديو #توفيق_عكاشة : هيفاء ""ولية ناشفة محشية طوب"" وهترشح للبرلمان بسببها",0
"الاعتداء على التظاهرات السلمية مسؤلية من بيده السلطة ،و لا يمكن ان يقال انه ""خطأ غير مقصود"" التعامل الآمنى هو استمرار ""لمصر القديمة "" !",0
"#العربي_الجديد | ميديا | ارتفاع عدد مستخدمي ""#واتس_آب"" و700 مليون رسالة يومية …",2
#عاجل #اخبار_المحور : #زحام مرورى بعد #انقلاب_سيارة نقل بـ #محور #صلاح_سالم,2
الليلة الساعة الحادية عشر دعلاء الأسواني مع الاعلامية ليلان على قناة اون تي في وقراءة في مشهد الثورة ضد الاخوان المزمع عقدها غداً الأدمن,2
شاهد - آخر كلام: عام على الثورة د حسام عيسى - د علاء الأسواني #25,2
خلق إسلامي جميل نحتاجه بشدة في هذه الأيام لبلادنا هو خلق الرفق أي (اللطف واللين في القول والفعل)، الذي نحتاجه في,3
#ﻛﺎﻓﻴﻪ_ﺗﻮﻳﺘﺮ_ﻓﻲ_ﻣﺼﺮ حضرتك مفيش فكة تاخد بالباقي ريتويتس,0
"شبكه اخبار #المحله | مجهولون يضرمون النيران فى محول كهرباء أمام قرية ""الراهبين"" بسمنود أضرم مجهولون النيران،",2
أسعد الله ظهيرتكم يا أحبه السحابه القويه مساء الأمس وصل سيلها الى قرية أبيار الماشي جنوب #المدينة_المنورة صباح اليوم …,2
نحن نعيش لحظة سيسيبنس,2
عايزة ألملم قلبي وأحضن نفسي وأمشي بعيد #شيرين,2
و هما يقولوا خليهم يتسلوا,2
"صباحى ينفى صحة تسريبات محاكمة السيسى وحملة #المشير: تصرفات غير مسئولة ,الشروق #مصر",2
#فودافون رايحة بينا علي مصنع الكراسي ودة قمة الاستهبال العلمي,0
الشعب لن ينكسر 93 يوما منذ الانقلاب العسكرى رصاص وخرطوش وغاز وضرب وسجن كل ذلك لم يقلل الحشود سننتصر,2
مبدئيا سواءا كنت مواليا لمرسي أو معارضا له، الرئيس الذي ينتظر يوما كاملا حتى يعلن مسئوليته عن دم المصريين ويوقف نزيفه لايستحق منصب الرئيس,2
توكل 29 و30 يونيو قبل أن يكلفها التنظيم الدولي بتغيير الخطاب لتشكيل ثنائي إنقاذ مع تتح لإهانة الثورة …,2
ابتداء من الجمعة المقبلة البرنامج سيذاع الساعة التاسعة و النصف مساء,2
"""مؤتمر جماهيري للدكتور عبد المنعم أبو الفتوح في المطرية - القاهرة"" , 24 8:00 11:00",2
يوميات شيزوفرنيا,2
أيمن نور في التسعينات كان سكرتير بحزب #الوفد,2
#انت_مهما_كبرت صغير #عمرو دياب ستايل,2
#مكملين | #تغطية_خاصة |إستمرار التظاهرات في معظم محافظات مصر وفي #بني_سويف ضمن أسبوع #حاميها_حراميها,2
"#فكرة_جميلة وش رايكم؟ """,2
أنا غير منضم إلى أي تشكيل,2
الأعداد في مسيرة مدينة نصر جبااااااااارة تذكرني ب ٢٨ يناير,3
انتظروا ثورة الجياع قريبا جدا #مصر_الليلة,0
اذا اثبت احدهما او كلاهما اننى احمل توكيلاً عن مجدى راسخ او حضرت معه فى محكمة او نيابة او قسم شرطة او حتى اعطيته استشارة شفهية 4,2
لن أُصدق كتب التاريخ بعد اليوم وقد رأيت الحاضر يُزيف بلا حياء فكيف بتاريخ كتبه مُنتصر ؟ #مجزرة_رابعة,0
لحظة القبض على فريد إسماعيل عضو الإخوان بالشرقية #السادة_المحترمون,2
تابعوني علي قناة الحياة 1 الساعة 9,2
سنتولى تحميل الحلقة على تويتر و صفحتنا على الفيس بوك للتواصل الاعلامي برجاء استخدام البريد الالكتروني الموجود على هذا الحساب أدمن,2
#اخر تطورات دمشق وريفها #مليحة استمرت قوات الجيش العربي السوري بعملياتها ضد المجموعات المسلحة والتي تحاول امداد,2
مفرش صيفي 9قطع للتواصل 0555252656 #ريتويت #صحة #فساتين #عطور #اعلان #تصاميم #ملابس #بخور #غرد_بطولك,2
شِاهد - آخر كلام: عين على أحداث مصر اليوم 07/04/2011 #,2
حمزاوى:البرلمان سيحاسب العسكريين المتورطين بقتل الشهداء,2
#مرسي_رئيسي #انتخبوا_العرص,1
#يوسف_الحسيني حزب النور كل اللى بيشغل باله الكوارع وعفشة الإنسان #السادة_المحترمون …,2
"لن يستعصى أمركم علينا ""إنذار أخير"" ""ابقو اغمزوهم بص…",2
ابتســـم ودع كل من حولك يبتسم لاجلك ابتســـم فإن في الابتســـامة راحة وصحة ابتســـم ودع الحياة تشرق لك,2
ما ان اذكر المرشد او شفيق او مبارك بنقد حتى تنفتح صفائح القمامة وتنهمر شتائم مقذعة هل يوجد تشابه في طريقة التفكير بين الاخوان والفلول,0
#اول_مره_ادخل_تويتر مكنتش متخيل ان انا هلاقى ناس عندها انفصام فالشخصيه بألف وش و الف رأى ناس تاجرت بالدين عشان ريتوي…,0
العالم سيشهد تجربة انتخابية بمصر لا مثيل لها وتربطنا مصالح مشتركة بإثيوبيا …,3
الأسواني: كيف يتعامل نظام مرسي وأنصاره من الأسلاميين مع الأعلام المعارض لهم ؟! >> المقال كاملاً>> …,2
#آخر_كلام #المشير عبد الفتاح #السيسي #رمز_النجمة ☆ و بالمناسبة دي أحب أشكر الإدارة الروسية على صفقة الطائرات,2
#صدي_الدقهلية|#جامعة_المنصورة| عودة المسيرة مرة أخري لميدان #رابعة أمام كلية هندسة,2
الإخوان يتحدوا الدولة ويعلنون النزول في مظاهرات الجمعة القادمة #السادة_المحترمون …,2
العواطف لا تنتصر,2
فيديو مقتل اثنين برصاص الشرطة والجيش في مسيرة حركة أحرار من ميدان سفنكس 30 8 2013,2
إصرار الشعب التونسي على الوصول إلى الكيلومتر الأخير ثورة أخرى في حد ذاته وأهم درس من بين دروس كثيرة # #,3
طبعا لو كانت نفس المجلة قالت كلمتين حلوين عن مرسي كان زمان الإخوان مشيرينها في كل حتة وتكبييردلوقتي هيقولك مجلة صهيونية عفنة,1
كلمتين من الأخر #أمير_عيد (),2
"مستشار قانوني ومحامي 0538755527 ""خبراء في الأنظمة والمحاماة"" #محاماة #مستشار #قانون #زواج #قضايا #محامي #الرياض #قضية #رقم #ريتويت ٨",2
# #نافذة_مصر | #الجيزة : فى اسبوع ثورى جديد خرج أحرار البراجيل فى مسيرتهم الاسب #2011,2
إذا حدث تزوير في الانتخابات القادمة فهذا دعوة من المجلس العسكري لكي يثور الناس عليه هذه المرة عليه ولا أظن المجلس العسكري سيقبل بالتزوير,2
_ وبالمقالة دعوة للإسلاميين للعودة للجماعة الوطنية ولبقية القوى للحوار معهم من أجل حمايتنا من خطر استئثار العسكري بكل شيء,2
أهم لاعب في صناعة الديكتاتور هو من يواجه تجار الباطل والظلم بالصمت والرضا,0
"أذكركم بمقالة ""الاخوان المسلمون المعتدلون"" التي صدرت في فورين أفايرز-لسان حال الدولة العميقة في أمريكا-في فبراير 201",2
إذا كان بيسمع الشيخ بيقوله ربنا خلق لنا الغرب الكافر عشان يخترع ويكتشف وإحنا ناخد على الجاهز لازم يصدق إشاعة زي دي طبعا,2
انا حاسس ان التناكه شويه تانى هتوصل بالناس هنا وتقولك راعى فرق الفولورز اللى بينى وبينك لو سمحت !!,0
احناا الصوت ساعة لما تحبو الدنيا سكوت #كاريوكى,3
"شرح مواد الدستور مع دعمرو حمزاوي المادة 32,33",2
لم تر مصر على مدار 7000 عام تظاهرات مليونية مثلما شهدت فى 30 اغسطس 2013 اربعون مليون على الاقل فى كل القرى والمدن ارحل ياسيسي,2
#شعر #النصر #الهلال #متصدر_لا_تكلمني #الامارات #عمان #سوريا #غرد_بالخير #رتويت #دعاء [2888166],2
بيع متابعين جودة عالية #بيع_متابعين #انستقرام #الكويت #السعودية #قطر #البحرين #مصر #درر #بوح #حكم [286615],2
#الأم_المثالية … تُخفي دمعتها عن أطفالها حتى لا يدخل الحزن إلى قلوبهم تظهر ابتسامتها لصغارها وإن كان قلبها يعتصر الألم!! قلبها كبير,3
511_ #اكتب_رساله_لشخص_دون_ذكر_اسمه #شواطئ_الحنين لگ صديقتي ( (,2
عرض الاسبوع 36 ألف متابع #وش_أكثر_شي_يسهرك #صيام_الإثنين #خد_موقف_من #صلاة_الوتر #فى_تويتر_تلاقى #الدمام [908799],2
و انت طيب يا شاعر يا رائع,3
انا مسلم احكم دولة علمانية) هل نستطيع فهم وتقبل مثل هذا المفهوم,2
"#متصدر_لاتكلمني, #النصر_الشباب, #الهلال, #اكشن_يا_دوري شجع ناديك بدون تعصب مع برنامج الايفون الرائع 599",2
انا مصرى و #ضد_الفحم #أوقفوا_الفحم #فحم_لية لمصلحة مين يتم استخدام الفحم طبعا لمصلحة اصحاب #مصانع_الاسمنت,0
مركز شباب منشية البكري,2
صلاة المغرب #بوسطن قال تعالى(واستعينوا بالصبر والصلاة وإنها لكبيرة إلا على الخاشعين),2
ازاي البرادعي يقول ان الهولوكوست مأساة انسانية و ان بوذا ممكن يكون نبي و ان السلفيين متطرفين و يطالب بعودة اليهودايه؟ده عصام العريان؟,0
جانب من تجمع مسيرة #شبرا و #المطرية اليوم ضد الإنقلاب العسكري #مصر,2
فين و مين ؟؟؟؟؟؟؟,2
ادعوا الى إتفاق القوى الإسلامية والليبرالية واليسارية على تداول السلطة في إطار الالتزام بمبادئ الشريعة الإسلامية كمصدر أساسي للتشريع,1
ما كل هذا الفشل؟,2
الندوة الأسبوعية للدكتور علاء الأسواني يقيمها غداً الخميس 18 يوليوالساعة التاسعة والنصف مساء في مركز شبابيك بالمقطم والدعوة عامة الادمن,2
محتاج #اطمن مش عارف :/ #,2
لا تستح من اعطاء القليل فإن الحرمان أقل منه,2
لست ضد قانون التظاهر ولكني ضد تجريم التجمع السلمي #السادة_المحترمون,1
#ارسنال #انتقالات,2
الى مينا وجورج وانطون غيروا اسماءكم على بروفيلكم قبل ما تشتمونى عشان المسألة متبقاش دين وعنصرية وفتنة قلة ادب وغباء كمان,0
لا حدود لانحطاط أولئك الذين يروّجون أن أهل غزة يريدون احتلال سيناء أي نوع من الأحذية في جماجمكم وجماجم من يصدّقكم؟,0
أحكي لكم قصة حدثت بين شاب و أحد الفتيات كان بينهم حب كبير ولكن حدثت غلطة واحدة؟ فهل ستستمر هذه القصة ويتم,2
وزير التموين: الطماطم بـ3.5جنيه والخيار بـ225قرشا بالمجمعات الاستهلاكية,2
حبيبتي لست أعرف كيف يمكن مقاومة دوامة الرمال الناعمة اذا وجد الانسان نفسه داخلها فجأة,2
عناصر من الاخوان المسلمين يشعلون الحرائق في القاهرة #السادة_المحترمون,2
١ كل قادة الانقلاب والحكومة والداخلية والاعلام الذين اتهموا الاخوان باستخدام الدين هم أكثر الناس استخداما له،,0
2008 المنصورة مدرسة احمد زويل لجنة 9 القاضى بيسود بطاقات بايدة ولما اتصور عمل مشكلة وجارى عمل محضر لة,0
والدة الشهيد محمد مبروك تطلب من وزير الداخلية تسليم من قتلوا ابنها لها لكى تقتلهم …,2
المتحدث باسم الإخوان: ساويرس والعلمانيون عادوا للظلام لان الشعب لفظهم,2
أسطورة مولانا عماد عفت #درب_شكمبة,2
من #الذاكرة #حلم_وبكبر حملة #حماية والتي اطلقتها #صناع_الحياة في الوطن العربي من خلال الداعية د #عمرو_خالد,2
من أقوال علماء المالكية في #الشيعة #الروافض #الجزائر #المغرب #تونس #السودان #ليبيا #إيران #العراق #لبنان…,2
#صباحى مشكلتك مش مع #السيسى دى مع #الشعب لأن #السيسى لو مكنش #اترشح كان #شفيق هيترشح ولو مكنش #شفيق هيبقى #موافى وسقوطك مضمون فى كل #الأحوال,1
احد ضحايا الاخوان اصابوه برصاصة في قدمه ثم عذبوه ببشاعة داخل الجامع هو احمد ثابت عضو 6 ابريل وهو يعالج الان في مستشفى البترول بالإسكندرية,0
لا تنتصر لنفسك و لكن انتصر للحق و تعلم من الإمام الشافعى حين قال : ما ناظرت أحداً قط إلا تمنيت أن يجرى الله الحق على لسانه,3
#إنتحاري #العراق #تفجير,2
شاهد - سفير الحضارة المصرية - الرحالة المصري أحمد حجاجوفيتش في السادة المحترمون # #,2
7 الأغلبية حذرت الإجابة الصحيحة النحس يلاحق النية السيئة,2
#مطر صبآح أجواءنا الحلوههٰ,2
"كويز #المساحة فاكس , النوم اهم #اه_والله",2
ميدو علم ع مرتضى منصور جامد النهاردة # #الزمالك #زمالك #تايم_لاين_زملكاوى # #,2
الوطن | فى الهند أم العجائب (2) | عمرو حمزاوي:,2
والمصحف مرتضي منصور بيتلكك لميدو #زمالك,0
طب لما يغلوا #البنزين و #الكهرباء و #الغاز حيستعملوا #الفحم برضه فى توليد #الطاقه !؟ #لا_لغلاء_المعسل,0
"""2016: اوين : كريستيانو هو افضل لاعب في تاريخ ريال مدريد #ريال_مدريد """,2
مجموعة من كتب تتناول بالتفصيل موضوع #حرب_اللاعنف,2
#واحد_فاضي #الهلال #السعودية #النصر #النصر_الهلال #غرد_بصوره #الرياض #زيادة_المتابعين #رتويت #هاشتاق_خاص [259080],2
الصحة المصرية نتابع القادمين من السعودية ولامخاوف من كورونا #مصر #القاهرة #أخبار_دولية,2
"للعلم: مهرجان القاهرة هو المهرجان العربي الوحيد اللي متضنف درجة ""أ"" (درجة أولى يعني) واللي بيحصل ده هيضر التصنيف ده أكيد",2
اللى حصل مع محمود شعبان فى التحرير أفترا عليه لأنه ضعيف هي دى اخلاق الثوره مش اخ…,0
يا عسكرى واقف بالفرس على جتتى لا انت البطل ولا انت فتوة حتتى يوم ما تقول هاخد البلد هقولك خدها بس على جثتى ع…,0
لاشهاده لفاسق,0
"""محلب"" يصل إلي القاهرة بعد جولة أفريقية استمرت 3 أيام #مصر #ميدان_التحرير",2
"#حمدي_قنديل: طلبت العمل في"" #ماسبيرو"" بدون أجر ولم أتلق ردا | #الدستور الأصلي",2
بدون دستور ستستمرالامور في التدهور المخرج مازال اعطاء الرئيس المنتخب في الاعلان الدستوري صلاحية تشكيل لجنة توافقية لوضع دستور لكل المصريين,1
لأن أقول سبحان الله والحمد لله ولا إله إلا الله والله أكبر أحبّ إليّ مما طلعت عليه الشمس #اذكر_الله #غرد_بذكر_…,3
هناك مكان في قاع الجحيم لمن اخترع تويتر,0
#فى_عالم_موازى ارواح اصحاب ااـ اللى بنذاكر اناتومى عليها بيدعو علينا !!,2
اى والله :) #اسلوب_حياة,3
""" حبيبان نحن الى ان ينام القمر ! "" #جوهرة #محمود درويش """,3
القبض على محمد بديع المرشد العام للإخوان #السادة_المحترمون,2
مع انى مليش صوت انتخابى بس بردة سندعم قائدنا#سأنتخب_السيسي #تحيا_مصر,2
إلى #قطر العروبة و #النهضة لـو كنت على باطل ما سافرت اليكِ القلوب وما رجونا لك النصر ومن تكن العلياء همة نفسه فكل ال…,2
: نترقب المناظرة اليوم بين ابو الفتوح و عمرو موسى ،،نتمنى التوفيق لعمرو موسى ننصح الاثنين بالصدق والوضوح والاجابات المحددة ليربح الأصلح !,2
# الاهلي_التحاد واااااااو #محمد أمان يسجل أجمل أهداف الموسم 3 لصالح الأهلي 1 الاتحاد,2
دعمرو حمزاوي مجلس الشعب 10 ابريل 2012,2
موقف حزب المصريين الأحرار من مبدأ الدستور أولا والمواد الفوق دستورية,2
دي سياسة مش روضةاطفال,1
# : شمروخ فى الايد يغنى والنار رمز احتفال وان جيت فى يوم تلومنى مش عالبال # : وتعيش الاولتراس بتحارب على مر السنين #الكورة_للجماهير,0
"#ولاد_البلد محمد الحلواني: مدينة بورفؤاد: أوشكنا على الانتهاء من طريق ""احمد عبد الله""",2
"#السادة_المحترمون الحلقة 113 الثلاثاء 6 أغسطس 2013""محمد عصمت السادات،محمود عبدالمغني"" #مصر …",2
وقتك الذي تلهو فيه غيرك يبني مجده فيه,2
#مظهر_شاهين و #إلهام_شاهين برنامج العلم والإيمان !!! وهي دي مصر اللي هما عاوزينها!! ممثلة بتقدم مشاهد خليعة يستضيفها رجل دين يكرمها,0
و​ﺑﻌﺾ #ﺍﻟﺒﻨﺎﺕ يكتبون أﻧﺎ ﻣﺰﺍﺟﻴہ ﻭﻣﻐﺮﻭﺭﻩ ﻭﻋﻨﻴﺪﻩ ﻭﻣﺎ أحب إﻻ‌ نفسي ‹☺› ! انزين ﻟﻴﺶ ﻣﺎ ﺗﺨﺘﺼﺮﻳﻬﺎ ﺑﺠﻤﻠہ : أﻧﺎ ﻣﺮﻳﻀہ نفسيآ ﺍﺩﻋﻮﻟﻲ ‹☺›,1
شكل الامهات بعد توقف الواتساب هههههههههههههههههههههههههههههههههه ! #توقف_الواتساب,2
"انا لست روميو""?يرونا""اقف مشدوها عاجزا و انت تطلين علي من شرفة،انا أحبك و لن اذهب،انا أحبك و سأمد يدي اتلمسك لنبقى فلقد خلقنا لأحبك #مصر",3
السيسي أكثرالمسؤلين المصريين في عهدمبارك والمجلس العسكري زيارةلإسرائيل ول يوم يقدم لهم القرابين حتي يرضواعنه فهو كنزهم الإ…,1
3لا شاي بالياسمين، بل مطالبة بإسقاط الدستور ورفض لأخونة الدولة ولأداء الحكومة الكارثي ودعوة لانتخابات رئاسية مبكرة إن استمر تجاهل غضب الشعب,0
_ لا ده بيقوللك وسوري كمان وأعلى حاجة أن بيقوللك عبد البيادة وفي نفس الجملة بيهين الجيش,0
"القرآن الكريم مُعَّلق في بيوتنا ولكن لم نشعر أننا هجرناه كما شعرنا أن #الواتساب_معلق ! آخر حالة ظهور للمصحف عند البعض""ر…",1
بعد أن كان 6 اكتوبر 1973 هو يوم انتصار الجيش للشعب ينتظر الجميع 6 اكتوبر 2013 ليكون يوم استعادة الشعب للجيش,2
الثورة مكملة #ثورة_25_يناير #باسم_رئيسا_لمصر #انتخبوا_العرص,0
الانقلاب حرق برادعى وصباحى ابو الفتوح وحزب النور الضحية القادمة من عيار ثقيل,0
#ذا_شامبيووونز طلع رونالدو و #نزل_صلاح يا عمنا,2
ممكن امك تكون بتحب الفسيخ بس عيالها وجوزها اللي هو ابوك يعني مش بيحبوه وتكون نفسها فيه بس ماتكلوش عشانهم هي ديه #الأم_المثالية,3
ضرورة المزج بين تعظيم الحريات الفردية وتحقيق الصالح العام تضع المجتمعات الليبرالية دوما في مواجهة تحديات ترتبط بثنائية السماح والمنع,2
دعلاء الأسوانى ضيف الاعلامي عماد أديب الليلة الثلاثاء في تمام الحادية عشر مساءً على قناة التفاصيل >> …,2
#انتخبوا_العرص مئات المسلمين يغادرون بانغي بمواكبة قوة دولية #مصر,2
طفله عمرها 5 سنوات تشذو بلغة الإشارة لوالديها الأصماء في حفل المدرسة لكي يستمتعو هم بالعرض كذلك! #صورة￼ …,2
"في حفل ""المصريون"" أنا حاسس إني عيل صغنن متذنب في حصة أخلاق عشان حاجة ماعملهاش",1
#جبهة ثوار سوريا_ القطاع الجنوبي 27_4_2014 جبهة ثوار سوريا من على قمة تل أحمر شرقي المحرر,2
الأدمن: #باسم_يوسف في ندوة يتحدث عن كيفية تطوير فكرتك إلي برنامج ناجح,2
لا تحزن اذا ضاقت بك الحياة ربما اشتاق الله لسماع دعائك :') #عمرو_خالد,2
:)) #باسم_يوسف #البرنامج,3
صفوت حجازي يهاجم شيوخ السلفيين اللي قاعدين في بيوتهم آمال فين مقولة لحوم العلماء مسمومة اللي قرفونا بيها,0
ضياء رشوان نقيب الصحفيين ضيف #يوسف_الحسيني الآن في #السادة_المحترمون على #,2
كنت اكره القراءه و حولني الى مهوسه بها حولت البيت الي #معرض_الكتاب ممتنه لك جدا استاذي,3
"‏ عن الفاشية الدينية , الأسواني: الكنيسة الكاثوليكية التى قدمت للعالم قيما عظيمة هي ذاتها التى شنت الحروب الصليبية و",1
5 سيبك منه دى حلاوة روح :))) هانت,2
#عادي_جدا لما يكون فينا اللي مكفينا :'( ويجي حد يكمل علينا :/ :-(,2
السفير التركي طلع ديني أقوله الساعة كام يقولي الجو حلو، أقوله أخبار الجو إيه يقولي بحب البدنجان، أقوله بدنجان يقولي عسل والله,2
أن تفقد مالك فقد فقدت غالياً في حياتك و أن تفقد شرفك و أمانتك فقد فقدت أغلىما في حياتك لكن إذا فقدت الأمل فقد فقدت كل شيء في حياتك#سوريا,2
ان كنت لا تشجعني عندما افشل في التسجيل، فلا تشجعني بعد التسجيل #ميسي #برشلونة,2
انا رفضت وقف فيلم السبكي ورافضه لالغاء مشهد رفع مبارك العلم في سينا انتوا فاكرنها خطوبة وبتقطعوا الصور ده ايه القرف ده #مرار_طافح,0
كلام وكلام #السادة_المحترمون,2
"شاهدوا المقدمة الدعائية لفيلم ""الشتا اللي فات"" لابراهيم البطوط بطولة عمرو واكد احسن ممثل في مهرجان دبي",2
"مؤتمر"" المفكرين"" في أبو ظبي :العالم يعيش ثورة العلم والتكنولوچيا والتواصل الإنساني ونحن نعيش حقبة الجهل والكذب وغياب القيم حزين عليك يا مصر",1
"• اللاعبين بعــد هـدف الاعجـوبة "" #ميسي "" ، في مرمى ""فيـاريال""",2
شاهد - آخر كلام: طور جديد تدخله ثورة مصر #22 # #,2
ستظل ذكرى استشهاد البطل عبد المنعم رياض تخليدا لملحمة مضيئة من أنصع صفحات التاريخ المصرى ورمزا لبطولات معركة الاستنزاف تحية له فى ذكراه,3
الذين اتهموا الثورة بانها مكنت الاخوان من مصر هؤلاء ننتظر منهم الان اعتذارا الثورة حررت إرادة الشعب فاختبر الاخوان وتخلص منهم الى الأبد,1
الله يفتح عليك ويقدرنى اكون عند حسن ظنك ووصفك,2
امريكا تدفع لمصر مساعدات عسكرية بالمليارات ليقتل الانقلاب شعبه ولا عزاء للديمقراطية وحقوق الانسان,0
#جميلة #هي #الحياة #بوجود #الشخص #الذي #يسألك #عن #لحظة #إستيقاظك #وعن #حياتك #اليومية #و #حتى #عن…,2
"2020 طالما ""طوعا"" فصحتين، وتبئى وافر #الحياة وافر #الحرية وضحكاتك حاضرة! ""المجد ل #المغردين"" ول #سوسن ويبعتله الهنا ريتا",2
حجز تي شيرت #أولتراس_أهلاوي في #كفرالزيات #07 كفر_الزيات الأهلي #أهلي #كفايه_هاشتاجات :),2
' كله كاتب فــ الـ #ثانوية_عامة -_- #ثانوية_عامة بقيت موضه -_- -,0
عاوزين نشكر مرتضى متصور لانة هيخلينا نستمتع بجمعة من غير ما نشوف فيها #باسم_طلع_حرامى وهيطلع ميتين ابونا عشان عمل الجميل دة فينا,2
مصر وتونس والسنغال في مجموعة الموت بتصفيات كأس افريقيا #رويترز,2
#شراميط #قحبة #لحس #موجب #زواج #السودان #صنعاء #الكويت #أسوان,2
الوطن | فى الهند أم العجائب (1) | عمرو حمزاوي:,2
فيديو: حلقة د عبد المنعم أبو الفتوح فى أنت وضميرك,2
ما هو حجم المأساة التى ستحرك الشعور بالمسؤولية والإحساس الانسانى لدى من هم في السلطة ليظهر أحدهم ويخاطب الشعب بشجاعة ومصداقية ؟,1
إنكار سالم عبد الجليل صاحب فتوى قتل الجيش للمتظاهرين علي قناة الجزيرة لأقواله لن يبرئه عند الله ولا عند الناس,0
صدى #المحله الاخباريه مياه شرب نظيفة وشبكة صرف صحى صالحة للإستخدام الأدمى هما أبسط مقومات الحياة الأدمية التى,2
'شباب الإخوان معانا' #باسم_طلع_حرامي #البرادعي_طلع_جاسوس …,0
الندوة الأسبوعية للدكتور علاء الأسواني الخميس القادم - بمركز شبابيك بالمقطم,2
على المدى المتوسط والطويل لابد من التعامل مع أزمة الفراغ الديموجرافي (البشري) في سيناء وأزمة غياب التنمية وتحدي ربط سيناء ببقية الوطن,2
! غرد_بطولك #امك_في_كلمتين #تعطل_الانستقرام #جملة_اذا_قلتها_لاتصدقني #منع_تقديم_الشيشة_…,2
"فيديو : الجزء الثاني من حوار المرشح الرئاسي #حمدين_صباحي مع ""الوطن """,2
""" تونى بلير يؤيد ما قامت به القوات المسلحة في مصر """,2
كنت أفضل أن يأتى مجلس رئاسي مدنى من جهات قضائية ولكن تم الاستفتاء ولن نعود مرة اخرى للنقطة صفر ويجب أن تتم الانتخابات وتسلم السلطة,1
زي الي عملناه في #دمنهور في دفعتنا الفقر Ȝ -Ȝ,2
كنت واثق ان احداث #رابعة والدماء التي سالت سوف تكون لها اثارلكني لم اتخيل ابدا انها تصبح وقود يلهب مشاعر الملايين وتحي…,1
شاهد بالفيديو #وزير_الداخلية يعترف: أغلب الطلاب يرفضون عودة #الحرس_الجامعي,2
أعداد اليوم بمثابة الضربة القاضية لأي خالتي شرعية,1
--: جمال الطبيعة و #النيل في #أسوان #نوبة,2
لقد قدم قضاة مصر وقواتها المسلحة أرفع المثل في البذل والتفاني من أجل انجاح العملية الانتخابية وتأمين ارادة الشعب ولن تنسي مصر لهم ذلك,3
134 شهيد و3400معتقل قتل وتعذيب واعلان دستوري يجعل إرادة مرسي فوق القانون لكن اردوغان لم يعترض الا عندما خلع الشعب مرسي الاخوان ملة واحدة,0
#قطر #الدوحة # #حمد #تميم #الرياض #دبي #الامارات # #ابوظبي خمس الاف متابع بـ 200 ريال 830,2
#بيع_متابعين #زيادة_المتابعين #تابعني_اتابعك #السعودية #الهلال #النصر #الاتحاد #الأهلي #الأتفاق #الشباب [90731],2
#توفيق_عكاشة بيقول على هيفا ولية ناشفة امال حياة الدرديري بتاعتك دي ايه ؟؟ يافلاح ميت الغرقا ياحماررر,0
"مصدر أمني: القبض على 4 متهمين جدد في ""أحداث أسوان"" - #أصوات_مصرية #مصر #أسوان #نوبة",2
#صباح_الخير #بعد_منتصف_الليل #غرد_بذكر_الله #صور_كنك_بنت #لو_كنت_المتحكم_بالتويتر #رتويت افضل الاسعار 8,2
للتوضيح يبدو أن هناك من يستخدم صورتي ويكتب باسمي لم أكتب عن ابتسامة المرأة وفعلا ليس هذا الوقت المناسب,2
أن تقنع بما كتبه الله لك من جنس وخلقة وبدن وصحة وأهل ورزق وعمل ومنزل ومصير وصحبة ومرض وحزن وأن تطيعه وتحمده وتشكره على نعمته هذا هو الاسلام,2
د أحمد البرعي وزير التضامن الاجتماعي ضيف #يوسف_الحسيني في #السادة_المحترمون,2
من رزق الشكر لم يحرم الزيادة لقوله تعالي (لئن شكرتم لأزيدنكم) أرجوك احمد الله الآن,2
حمزاوي: التأسيسية مفتقدة للشرعية الأخلاقية والسياسية (برنامج جملة مفيدة:,2
""": أخي أنت حرٌّ وراء السدود أخي أنت حرٌّ بتلك القيود #مرسي #محاكمة_مرسي """,2
الجراد هذا اليوم في قرية ابوعجرم غرب #دومة #الجندل قبل قدوم الغبار,2
نسعى لتطوير الجهاز الإداري بالدولة لمكافحة الفساد,2
_ سيبك انت انت شخصية جميلة,3
لا ودلوقتي اكتشفوا إن هيكل ناصري وإنه سلطوي وبيشرب سيجارطب ولما مرسي كان هيطير من السعادة بيه ومد لقاؤه معاه ساعة كان فاكره بيشرب كليوباترا,1
يوسف الحسيني ينعي شهيد الشرطة المقدم أحمد محمود جلال مروان #يوسف_الحسيني #السادة_ال…,2
اشاعةمن اشاعات الفيس بوك,0
"بلاغ لـ""#النائب_العام"": ""#برهامي"" يدعو للفحشاء والفجور و الزنى #بوابة_القاهرة #مصر",2
المواطن دعييييييف #الماده_الاولى,1
"سعيد بمجهود صديقي شادي شريف و فريق جمهورية تي في , ومبروك على البرامج الجديدة لابراهيم الجارحي و حسن حامد",3
لمن يريد ان يسمع و يعرف من كان يقول نحن و انتم لمن يشكك في دين الاشخاص لمجرد الاختلاف معهم,2
حظر 6 إبريل و الحكم بإحالة أوراق بديع للمرشد خبطتين في لية #حمدين,2
#غرد_بصورة 3 الحلف الامريكي الشيعي ضد الاسلام #السفير_السعودي_يقبل_رأس_رافسنجاني #سوريا #اسيوط #قندهار #ديالى,2
حاصل جمع المليارات الموعود بيها في كل خبر اقتصادي بجريدة الحرية والعدالة خلال 6 شهور غالبا أكتر من عائدات النفط في كل دول الخليج في 5 سنين!,2
اشهر مواقع التسوق على الانترنت كسب من شهرة رابعة ويبيع فانلات وكاب واعلام باشارة رابعة الامارات والسعودية والانقلاب هيقفلوا النت,2
وأنا بصراحة لا أحب الناقص ولا اللي بيناقص,2
الله يجازيك ياشاغلني معاك وشاغلني بيك #محمد_محسن,2
، وصلت بك البجاحة والفجاجة والاجرام اتهامك للشرفاء بانهم هم القاتلون وانت وانت البرىء اسكت ايها القاتل 3,2
قصدك اللى مش عليه,2
ملف المفاوضات : هو أمر غير مجد لأن الحرية ينالها الأسرى بالمقاومة #سامر_العيساوي,2
بعد قليل:الدكتور عبد المنعم أبو الفتوح في المؤتمر الجماهيري الحاشد بمدينة بنها,2
بما إن #الربيع_العربي يصب في صالح أمريكا ، ويدمر المسلمين ، فهو اختراع أمريكي #سياسة #الثورة,2
#فتاة_تغتصب_شباب_كانوا_في_طريقهم_لمنزلهم يمكن بويه ‹☺›,2
خمس الاف #الامارات #الهلال #النصر #السعودية #الكويت #قطر #الرياض #مكة #رتويت # #دبي #الشارقة # #غرد_بصورة 140,2
من أهم وأكثر المقالات حيادية عن مواد الدستور الملغمة، لا تخن ربك وبلدك وأهلك ونفسك، وإعرف صوتك هيودينا كلمنا فين,1
#عالم_بدون_مجاملات ؟ يع ، خسف ، خايس ، شكلك غلط ، طاع ويهك,2
#إشتون | إسرائيل تخطط ﻹستنزاف الجيش المصري وتقويض قوته عبر جره إلى حرب بالوكالة ضد #غزة، والجماعات المسلحة في #سيناء! …,2
انشقاق عبدالله بن عباس عن علي واخذهم من بيت المال حتى قال عليه علي انه يأكل ويشرب من حرام,2
لو صح خبر مبادرة قيادات الجيش بالاعتذار لمرسي واعادة هيكلة الجيش ومحاكمة الانقلابيين والقتلة سيكون ذلك أفضل حل للازمة وانقاذ لمصر من الخراب,1
يلا يا شباب عايزين نجمع ال 30 الف توقيعياريت كل اللي جمع توقيعات ورقية يدخلها على الموقع ده,2
عرض الاسبوع 36 ألف متابع #وش_أكثر_شي_يسهرك #صيام_الإثنين #خد_موقف_من #صلاة_الوتر #فى_تويتر_تلاقى #الدمام [91766],2
#على_طريق_الله ( #روح_العبادة ) #النظافة رئة #الحياه #مصطفى_حسني,2
أنزل وشارك,2
#رويترز زعماء مجموعة السبع يتفقون على فرض عقوبات جديدة على روسيا بسبب أزمة أوكرانيا # #,2
#الحب_هو؟!! أن تـري أتفه الأشيآء هـي ألاهــم ! لمجـرد أنهـآ تتعلـق بـمـن تـحـب,2
مرفق بالمحتوى لينك للفيديو,3
العقد الذى بين المجلس و الشعب انهار لانه لم يحترم,2
د#إيهاب_الكومي يستضيف الآن إيهاب عبدالله رئيس نادي #دمنهور و عبدالمنعم عطية عضو مجلس إدارة النادي #الملعب #,2
"✌ ★ 4 ✈ # ★ # "" #تابعني "" # #اتابعك #مصر #السعوديه #منير #عن 0112",2
"من قال استغفر الله الذي لا إله إلا هو الحي القيوم و أتوب إليه ثلاثاً غفرت ذنوبه و إن كان فاراً من الزحف"" #الوتر سورة #الملك ت…",2
_ ده مش مؤتمر شعبي ده جولة ميدانيه,1
مصر تقرر مراجعة علاقاتها مع الدول التي تستضيف اجتماعات تنظيم الإخوان …,2
و لعل أسوء ما في هذا اليوم غيابك يا #باسم :-( = =,3
_ يارب لا الدولة بتتراخى وأدواتها الأمنية ضعيفة والناس خائفة من الشارع لكن نسبة المشاركة العالية هتبعدنا عن العنف الانتخابي,2
المناخ.. معاناة تتواصل رغم المحاولات,0
رصد| يحدث الآن طلاب ضد الانقلاب يتظاهرون في جامعة #المنيا بعد صدور #2011,2
ما اجمل ليل القاهرة الساحرة مع موسيقى رائعة و كتاب شيق #مصر #لبنان #الإمارات,3
احساس رخم اوى لما تكون عايز تفرح حد معين و مش عارف ازاى! #اه_والله,0
ناخد من الرسول عليه الصلاة والسلام قدوة لما كانوا بيشتموه كان هو كمان بيشتمهم تفتكروا؟ كان زماننا بوذيين,1
#مصطفي_محمود *اللي عليه الدايرة* قبل ما يفارقني ويستشهد بدقائق و في اول صف #الفض #مذبحه_رابعه #لن_ننسى …,2
امتا يجى اليوم الى اشوف فيه #هاشتاج باسمى ^_^,2
"في انتظار حيثيات الحكم لنعرف ""العقل المدبر"" لمذبحة بورسعيد حتي نفهم حقيقة ما يدور في مصر: نرجو أن لا يكون اللهو الخفي الذي يطاردنا منذ عامين",2
الدول المتقدمة تبنى مستشفيات ومدارس ومصانع واندية ومصر تبنى سجونا بكره تشوفو مصر,1
من يحكم مصر يجب أن يكون متصالح مع الدين مسلما ومسيحيا فهذا طبيعة المجتمع المصري الذي يقدس دينه د عبد المنعم أبو الفتوح في مؤتمر بأسوان,2
# لا صحة لما ورد عن قيام الحزب باتخاذ قرارات حيال الهيكل التنظيمي الدالخلي بخلاف ما أعلن عنه بشأن تعيين المجلس ا,2
وَالعُمر يَا أمّي ضَنين ، لكنّني مَا زِلتُ أحلمُ مِثلما يَوماً رأيتُكِ تَحلُمين ! - #فاروق جويّده,2
#رصد| مجهولون يشعلون النيران في سيارتين بـ #المحلة_الكبرى أشعل مجهولون - صباح اليوم الأحد - النيران في سيارتين …,2
الضبطية القضائية فى الجامعة مشينة لسمعة جامعات مصر ومهينة لطلابها ونقيصة فى وجه المجتمع الجامعة علم وحرية وحركة أجيال,1
الاسواني: من المسئول عن وصول الاخوان الى الحكم أليسوا هؤلاء الثوريون الذين دعموا مرسي ضد الفريق شفيق ؟ >المقال> …,2
الإخوان اختاروا رضا الأمريكان خلاص، بانت من زمان وده اللي هيعمق خلافهم مع السلفيين ومش بعيد تلاقيهم بيعايروا السلفيين بعلاقة بعضهم بالأمن,0
"شبكة #السنة_النبوية تطلق خدمة بث #الأحاديث_الصحيحة عبر ""#واتس_آب""",2
استشهاد مجند وإصابة آخر وضابط بالقوات المسلحة فى اشتباكات بين مسلحين وقوات الجيش بكمين الجورة بالشيخ زويد,2
#شنطة_رمضان #_ #محمد_رمضان إنشر,2
عزيزي الإخواني: اللي بيعصبك مش وصفي لرئيسك مرسي بإنه فاشلاللي بيعصبك إنك متأكد إنه فاشل بس لازم تشتم اللي بيقول عليه فاشل لتخفي فشلك وفشله,0
الرياض #القصيم #واحد_فاضي #الهلال #السعودية #النصر #النصر_الهلال #البدائع #الزلفي #حفرالباطن #مكة #جدة [2649581],2
#حمدين مفشوخ مقالات عشان قال انه هيحاكم #السيسى حد يخش قفص الاسود ويقول هلعب معاهم شويه انت اللى جبته لنفسك :),2
هل تريد واشنطن و تل أبيب للثورة المصرية أن تكتمل؟ آخر كلام، 11م بتوقيت القاهرة على أون تي في,2
وظني بك يارب ظناً جميلاً  #جمعة_مباركة,3
كنتي صرتي قرايبتو للي كان ناوي يصير رئيس جمهورية #ياخسارة بيعطوكن كوبونات سكّر ببلاش ها!!,2
#أشاهد_الآن #في_أسبوع__الموسم_1_الحلقة_535 على شاهدنت مقابلة معالي الرئيس #التلفزيون_السعودي_50_عام,2
الوطن | عدالة انتقالية وليست انتقامية | عمرو حمزاوي:,2
-انت اخوان ياض -اخوان مين يا عم انا مسيحى :) #باسم,2
الأمين العام لجماعة الإخوان المسلمين د محمود حسين بين د عمرو حمزاوي و أ عبد الغفار شكر في آخر كلام 11م,2
بحسب الجزيرة ميدان التحرير يتسع ل 500 ألف مصري أو 2 مليون إسلامي,0
عمرو عبد الهادى : المواطنين الشرفاء بتوع #الداخليه زي المحامين الشرفاء بتوع #سامح_عاشور و زي اﻻعلاميين الشرفاء بتوع #نجيب_ساويرس,1
الوطن | الدستور الهندسة غير الديمقراطية للسلطات العامة ونظام الحكم (18) | عمرو حمزاوي:,2
نريد معرفة سبب عدم تنفيذ احكام القضاء الخاصة بجامعة النيل #السادة_المحترمون,2
اكبر فوائد الانقلاب مصر الاخير عالميا فى مستوى المعيشة وفى التعليم الاساسي وبكرة تشوفو مصر,0
ندوة الدكتور عبد المنعم ابو الفتوح,2
_ 25 # تدعون للدين وتنشرون الأكاذيب، لم أكن أبدا عضوا بالوطني انتم تتاجرون بالدين,0
عشان ما تتصدموش بس التأسيسية حتتحل يوم الثلاثاء و العسكرهو اللي حيشكل الجمعيةنقطة الصفر مرة اخرى,2
معرض الكتاب عبارة عن شباب كاشخين مسوين مثقفين وبنات كاشخات مسويات فيها مثقفات بينما الأول يبي الثاني والثاني يبي توقيع الكاتب #…,1
عزائي لأهالي شهدائنا في مدن القناة الباسلة بورسعيد والسويس والاسماعيلية : نحن معكم ولن نسمح بعزلتكم,2
هامش للديمقراطية عن تعرجات السير الذاتية، الشروق المصرية,2
سنقاتل على اللقب حتى النهاية أكد مدافع فريق #تشيلسي و #المنتخب_البرازيلي ديفيد لويز على …,2
يوسف_الحسيني يفضح كذب قناة الجزيرة ويكشف تمثيل الاخوان دور الموتي تحت اشراف قناة الجزيرة,0
#الامريكان اكتشفو إمكانية وجود مياه على المريخ ^_^ #المصريين اكتشفو ان ب 2 جنيه فول كل جنيه لوحده اكتر من ب 2,1
إلى كل مناصري الإخوان:لا يستحق مرسي أن تبكوا عليه لحظة واحدة لا تفرطوا في نقطة دم واحدة من أجل هذا الكذاباتقوا الله في بلدكم وأنفسكم,0
حد فاكر 30 يناير 2011? كلنا #ايد_احده وطلبنا #حاجة_واحده يسقط يسقط #حسني_مبارك لو انت او انتي فاكر ان مبارك,2
7 متحف ساويرس للفن الحديث,2
#أمامه | #عباس: الشهور القادمة ستشهد صعوبات سياسية ومالية على #السلطة,2
"ياسر عبدالرحمن المال والبنون: ملعوبة في حفلة !!! يالهوي بجد"" عازف الناي شبه احمد ابو بركة :)",2
"بالمناسبة , صدفة بحتة ان يتم التفجير المزعوم بعد دقائق من وصول وفد امريكي من الكونجرس لبحث الاوضاع في #مصر …",1
عمر الغامدي : 18 بطوله مع #الهلال و 3 بطولات مع #الشباب 21 بطولة #اسطورة ♡,2
"#عاجل : توقف مترو الأنفاق من محطة #سراي_القبة حتى #المرج بسبب #مقتل ""مندوب شرطة"" على يد ""مجهولين"" بالقرب من محطة #المطرية",2
"#الوطن | متحدث ""#الحرية_والعدالة"" بالجيزة للنيابة: ""انتمائى لـ #الإخوان مصلحة وأكل عيش ولما وقعوا خلعت"":",2
هما فاكرين إن البلوك زعلده أنا كنت باحب أخدم بسلكن طالما لازمهم حرق دم ومالهيالله هاروح أفطر سيمون فيميهسلام يامعفنيين,0
مصر تقع في مجموعه ناريه ناريه #مصر #تونس #السنغال #موزمبيق او #جنوب السودان #حسن_شحاته كان بيرتعش وهو بيسحب القرعه #_,3
"#الموجز بالفيديو #خالد_علي :حكومة ""#محلب"" ترتكب إجرام في حق الفقراء",2
السنين الحلوه بتعدى قوام و آنتآ آسمك فى آلتآريخ بالنور مكتوب #أبو_تريكة,3
#باسم_عودة واحلى االبسمات,2
أحلى شي عندي تعب نفسي #لحس #كاش #جاد_كاش #جاد #فحل #سري #خال #خرق #طيزي,2
الى من يعتبر الاخوان سلميين شاهد الان ضحايا اعتداءات الاخوان الوحشية على الابرياء في بين السرايات مع الاستاذ وائل الابراشي اخوان مجرمون,0
هلْ يزولُ الظُّلـــمُ طــوعًــا *** أو حنــانًــا للضِّعــــافِ؟! أينَـكـمْ فـرســانَ قــــومي *** كـي تـهبُّـوا باصطفـافِ #غزة_تحت_القصف,1
"صحيفة الفجر/ بيان رسمى""#وايت_نايتس"" تهاجم ""#مرتضى"" : جعلت #الزمالك عزبة لفساد - عبر تطبيق نبض",0
حكومة #الببلاوي رفعت أسعار المياه سرًا منذ يناير الماضي | أخبار الموجز,2
شكرا على مشاعرك الطيبة,3
دا مش طلب دا امر #رجعوا_الجماهير,2
فن خسارة المعركة اقرأ المقال كاملا على موقع #الشروق,2
كلمتين كدا يا وﻻد اﻻحبه #تمرد الشغل فيها كان نصيف و بأمانهلكن بعد #30_6 بقت معرصهف ما حدش م #اﻻخوان يشكك ف التوقيعات #نقطه,0
#حلب:: #الشيخ_نجار: قوات #الأسد تقصف المدينة الصناعية ببرميلين متفجرين #أنقذوا_حلب #_ #,2
أبطآإأآإآل #مضامير قريباً بأذن الله في برنإآأمج #كفو  #ستة_على_ستة #برنامج_كفو,2
الاخوان حولوني للجنايات عشان كتبت تويتة بعد المقطم باقول فيها لما انتوا مش قد العنف بترغوا كتير ليه واتهموني بضرب 125 بناء …,0
_ #حازمون باذن الله أن نسير على دربه حتما #سنحيا_كراما,2
#أنصار_المعزول تعدى بالضرب والتعذيب على الصحفى بجريدة #فيتو محمد ممتاز,0
عاطف الجوهرى - #إفتكروهم #المجد_للشهداء,2
شاهد - آخر كلام: تطورات الأحداث في مصر وليبيا 01/03/2011,2
المثير في الموضوع إن مرسي متصور وهو بيقول جرينوف,2
#يا_خراشي,2
لا اعترف بسفير يدين مواطنه قبل ان يجرى تحقيق محايد وعادل لا تعرفه السعودية هذا سفير مبارك وليس سفير مصر أبدا,0
مصر بعد ٣ يوليو ٢٠١٣ السياسة بين افتتاحية الريحاني واقتباس دانتي المزعوم، الشروق المصرية,2
يا عمر سيبك من كل دة فى حملة منظمة لتشوية ثورة 25 يناير ورموزها أقرأ مقالة مصطفى النجار فى اليوم7النهاردة وشوف …,0
اللهم قوي إيمانكتكبييير,2
أثبتت تجارب علمية أن مضموناً كالذي يقدمه رامز جلال يفسد الأطفال و ينخفض بمستوى ذكائهم و لهذا تمنعه دول متحضرة,0
#سوريا - 27 4 2014 سرايا الحق بالاشتراك مع حركة حزم لواء الإيمان بالله دك معاقل الشبيحة بصواري -,2
#قطر: الاختلاف بوجهات النظر الخليجية انتهى #سحب_السفراء_من_قطر #سحب_سفراء_السعودية_والبحرين_والإمارات_من_قطر,2
الانقلاب افسد زيت التموين والوزير أبو زيت أفسد الرياضة,0
سرقة 3 سيارات شرطة وإحراقها ووضعها على مزلقان السكة الحديد بني سويف,2
عقود الفُل و اللهو في الحديقة وشجرة الجوافة و زهر الليمونهل تذكرين؟! عيناك تبزغان من قلب الصمت نجمتان و حياة #كلام_لها_وحدها #كلام_في_الحب,2
أَسْتَغْفِر اللَّهَ الْعَظِيم الَّذِي لَا إِلَهَ إِلَّا هُوَ الْحَيَّ الْقَيُّومَ وَأَتُوب إِلَيْهِ #استغفار #اذكار #دعاء #أدع…,2
"استفدت كتيير اوي من حلقة انهردة معلومات اول مرة اسمعها بارك الله فيك ^^ #مصطفى_حسني على طريق الله "" روح العبادة """,3
اللهم إني أسلمت وجهي إليك فاصلح لي نفسي، وأنر لي يومي #مصطفى_حسني,2
اظن ان من افسد شيئا فعليه اصلاحه يجب اعلان الجماعه الاسلاميه والاخوان منظمات ارهابية واصلاح ما افسدو…,0
احمد فؤاد نجم ماذا دهاك يا نجم؟,2
هل السرب الذي تطيرخارجه #قطر هوسرب صلاح الدين وابن الخطاب وعلي؟وهل ل #دحلان و #خلفان والأم المثالية-أجنحة؟هل ينبت للزواحف ريش ياقوم؟#احسان,1
عاجل | بعد دقائق، الدكتور عبد المنعم أبو الفتوح ضيف في برنامج آخر كلام مع الإعلامي يسري فودة يتحدث عن اعتصام ميدان,2
رصد | قرية الخياطة بمحافظة #دمياط تحتفل في الواحدة صباحا بخروج اثنين من #2011,2
دسعدالدين الهلالي أستاذ الفقه المقارن بجامعة الأزهر ضيف #يوسف_الحسيني الآن في #السادة_المحترمون,2
بعد فضيحة التعاقد مع شركة اسرائيلية لحماية قناة السويس مصطفى بكرى يؤلف كتابا عن دور الاخوان فى المهزلة,0
الادمن: اتفرج على #امريكا_بالعربي حلقة 14 كيف نشأ موقع,2
لما أشدت بدور شباب الإخوان في الميدان وأعلنت أني سأنتخب مرسي كنت كاتب حر وطني منصف بمجرد ماأعترض على رئيسهم وقادتهم يبقى فيا العبرإخ وان,1
#عاجل | #أوباما : الولايات المتحدة توسع اليوم الاثنين عقوباتها ضد #روسيا #أمريكا,2
الفضالي تاني يظهرفي الصورة مع الوفد الالماني! #موقعة_الجمل #25,2
مجازر سوريا مستمرةأين الأمم المتحدة من حماية الأبرياء؟ أين العروبة والقيم التي لا نتوقف عن التشدق بها؟ الأنظمة في كل مكان تتعري أمام شعوبها,0
#شعر #النصر #الهلال #متصدر_لا_تكلمني #الامارات #عمان #سوريا #غرد_بالخير #رتويت #دعاء [2968729],2
بعد التأكد من تعاقد الانقلاب مع شركة اسرائيلية لتحسين صورته فى اميركا واعادة الدعم الانقلاب يجوع شعبه ويدعم اسرائيل,2
لقيت قطة واقفة بره الشباك النهارده ففتحته قامت داخلة وقعدتلي ع الكنبة دلوقتي مش عايزة تمشي ولا كأنها في بيت أبوها يمكن سمعت عن فيلم القط؟,2
"#اخر ساعه ف يوم الجمعه -أدعو ل راز - بالتوفيق """,2
كنت لما اعك ف الميد اذاكر للعملى علشان اعوض دلوقتى مذاكرة اكتر عك اكتر الاتنين سوا #بيطرى #اسكندرية,2
أذا أقنعت شابا بالكذب بانه يجاهد في سبيل الله ثم أعطيته مسدسا وجعلته يطلق النار على ضابط شرطة فقام بقتله ستكون انت من قتلت الشاب مع الضابط,0
لقاء رائع اجتمعت فيه مع الشيخ #عادل #الكلباني ،وأشكره على كرم ضيافته و الفوائد العلمية التي قدمها لي,3
#حقيقة #ذكرى #جسر_عبور # - 1515,2
لا تجبر الإنسان ولا تخيره يكفيه ما فيه من عقل بيحيره اللي النهارده بيطلبه ويشتهيه هو اللي بكره ح يشتهي يغيره عجبي !! #صلاح_جاهين,1
{ اللهم ارزق امي الجنة فانها جعلت حياتي جنة } #غرد_بالخير #دعاء,2
إنسانة من اليمن اسمها توكل تدق طبول الحرب وتطلق صيحات القتال تضامنا مع منصة رابعة ما رأيها في قتل جنودنا يوميا في سيناء على يد أصدقائها,2
عايز اقولك بحبك من زمان جدا #محمد_محسن,3
#بيع_متابعين #زيادة_المتابعين #تابعني_اتابعك #السعودية #الهلال #النصر #الاتحاد #الأهلي #الأتفاق #الشباب [90985],2
إلى المصريين الأحرار إلى شعب مصر العظيم حانت ساعة الاتحاد و الاعتماد على النفس لا بد أن نقف وقفة رجل واحد ضد الإرهاب و داعميه بالخارج,3
بمناسبة ان #الامتحانات قربت ~ #لو_ده_جنان_اتجنن !!~ _ #اتجنن ولما تلاقي فى الامتحان سؤال مش عارف اجابته اكتب (#انا_سعيد_إنك_سألتنى_السؤال_ده,2
- #ميدو أمنيتي أن يبقيك القدر هذه المره معي إلى الأبد فوالله لا أستطيع تحمل خذلانك لي مرتين ~,2
احفظ أسامى اللى ماتوا صم دى أسامى شهداء #محمد_محمود اللى ناس كتير ماتعرفش أسماءهم,2
علبتين لبنالحلقة الثانية من مشاهد من مسرح حكم الفرد وتعليق سريع على الأحداث في نهاية المقال,2
"شاهد كلمة د عمرو خالد لأعضاء صفحة الفيسبوك بمناسبة وصول الصفحة ل 4,000,000 عضو لتصبح من أكبر الصفحات العربية من",2
"دعمرو حمزاوي اليوم الساعة 830 مساءً علي قناة برنامج "" مصر تنتخب """,2
#السيسي ليس لديه مشكلة مع #الإسلام الذي ينتج فتاوى ترك الزوجة تغتصب دفعا للفتنة أما الإسلام الذي يدفع الناس,2
"#عاجل :: تأجيل #محاكمة_مرسي و14 آخرين في قضية ""أحداث #الاتحادية"" إلى جلسة 3 مايو المقبل (مصادر قضائية)",2
الزقازيق الآن حرب شوارع وعلمت ذلك من خلال اتصال بأحد أقاربي هناك ورائحة الغاز تملأ الشوارع,0
الوطن | انتبهوا وواجهوا تعقب الصحفيين | عمرو حمزاوي:,2
ف #مصر #شخصية_مريبة متعرفش #بيشتغل لحساب مين بالظبط اسمو #نجيب_ساويرس بيعمل #قناة #لجاسوس اسمه #يسرى_فودة ليستضيف #عميل_برخصة اسمه #جمال_عيد,0
#البوابة_نيوز: توريد 5281 طنا من محصول #القمح بقنا:,2
بكرة أحلي بإذن الله:),2
السلام عليكم ورحمة الله وبركاته,2
"_ ابو الفتوح بيعبر عن رايه وما يمليه عليه ضميره وما يراه في صالخ نجاح الثورة,",2
الإمارات اليوم: محلّلون: التصحيح ضرورة لبناء مراكز مالية جديدة - #الإمارات #بالعربي,3
الحل في قوانين بغرامات و قرارات إدارية تنشر تكذيب بمساحات كبيرة تتدرج حسب تكرار و حجم الخطأ، المنع و المصادرة غباء ##############################################,2
طلائع القاعدة كيف وصلت إلى قلب مصر,2
أطالب وزارة الخارجية المصرية بالتدخل فورا لحماية المواطن المصري أحمد الجيزاوي انتهي زمن إهانة أي مصري بالخارج كرامة المصري فوق كل اعتبار,1
مرة واحد مراته عقدها اللي بتحبه اتقطع فسهر طول الليل يلم في حباته عشان متزعلش (: #سيدنا_النبي #السيدة_عائشة #الحب,3
برطمان حنية مليان زيادة وماشي بيدلدق #الأسد,3
"""تي إي داتا"" تقطع خدمة الإنترنت عن العملاء وتهدد بفصل الخدمة نهائيا #الانترنت #ثورة_الانترنت #حقناحمايةالانترنت #قطع_الانترنت_مصر #إجمع",2
د علاء الأسواني يكتب مقاله الأسبوعي بعنوان : أخبار متنوعة عن صباح مؤكد >>>,2
نفسي فيه و تفوو عليه ! #فيفي_عبده =)),0
"الدكتور عبد المنعم أبو الفتوح على الحياة2:برنامجي الإنتخابي لمصر وليس لفصيل بعينه,لأني مرشح لكل المصريين",2
بيع متابعين #السعودية #الكويت #برشلونة #النصر #الهلال #الإتحاد #الإمارات #الرياض #الدمام #بوح #عمان #دبي #جدة 051,0
دعلاء الأسواني: حين نتحدث عن الفن نواجه فرق كبير بين الانسان البدائي والانسان المتحضرويتضح في,2
_ مبارك سحبه مرتين بالفعل راجع معلوماتك,0
شبكة العملاق | رصد|جنح مستأنف #دمنهور تؤيد براءة 12 من رافضي الانقلاب أيدت #25 #11 #,2
بعض الناس ينطبق عليهم القول لو أمطرت السماء حرية هناك عبيد سترفع الشمسية !!,0
#رصد| العاملون بإسعاف #دمنهور يهدّدون بالإضراب الشامل هدّد عدد من العاملين بإسعاف دمنهور، اليوم,0
(إن مشكلتك ليست سنواتك التي ضاعت ، ولكن مشكلتك هي سنواتك القادمة التي ستضيع حتماً إذا واجهت الدنيا بنفس العقلية ! ) #مصطفى_محمود,2
# لوحة #في داخلي شرفة لا يمر بها أحد التحية #محمود درويش 😃,2
طالب المجلس العسكرى على وجه السرعة بتوضيح الحقائق و أولها أسباب و ملابسات إستخدام العنف و إتخاذ الإجراءات الضرورية لإنهائه,2
حمزاوي: لابد من إقالة وزير الداخلية ومدير أمن بورسعيد ومحافظها,2
صفوت حجازي: و سوف تصبح العريش عاصمة للولايات العربية المتحدةبس نتلايم عليها الاول,0
"بلغت سرعة هدف #كريستيانو_رونالدو الثاني أمام أوساسونا 101 كم / ساعة وهدفه رقم 101 في البرنابيو #هلا_مدريد""",2
جابر نصار رئيس جامعة القاهرة انقلابي عايش فى بلد تانية غير مصر يقول: الوزير مايقدرش يطرده لأنه منتخب هو مرسي,0
متفق مع جوانب بمقال أحمد خالد توفيق وأعتقد أن التحفز ضد الحاكم دون فبركة أو كذب هو أمر مهم في بلد تعشق صناعة الفرعون,1
تابعوني علي قناة مصر 25 الساعة11 برنامج الوان الطيف,2
2 اعتبارا من الغد سأمتنع مؤقتا عن كتابة مقالتي اليومية بجريدة الوطن التي أحترمها إلى أن أحصل من إدارة التحرير على إجابة عن سؤال مشروع,2
قطاع التشييد البريطاني يواصل نموّه - #بالعربي,2
""": #ذات_مومنت لما تكتشف أن عمرك شوية ويولي زي رقم كندرتك تحس نفسك إن أنت وكندرتك أنداد!""",2
ازاى ملكش دعوة بلبس البنت البنت اللى بتلبس لبس ديق هى اللى بتتحرش بالراجل,0
الدكتور بيطلع على الحساب من فترة لاخرى :),2
#شيء_سمعت_عنه_بس_ما_شفته #متى_تفقد_المرأه_برستيجها #نظام_الهوامير #علمتني_الحياة خمس الاف متابع حقيقي 51,2
ربي بلغنا رمضان من غير أن نرى دمعة حبيب ولا فراق غالي ولا استمرار مرض لقريب،اللهم بلغنا رمضان لا فاقدين ولا مفقودين~ #اللهم _امين,2
#الميدان:القضاء الانقلابي يحظر 6 ابريل ويتحفظ على مقراتها,2
_ #صلاة_الفجر وبطل شغل كبس عليا النوم فجأ هيا قوم الله يجزاك خير انت وهو مانبغى حركات ايام #المدارس في #الصباح هههههههههه,2
#صباح_الخير #مصر #غادة_عبدالرازق #الوطن_العربي  #السيدة_الأولى,2
"بعد قراءة مادة 219 الصوفيين يعملوا إيه كده؟ ليه نقفلها ع ""السنة والجماعة""؟ ولا دي تمهيد للحرب مع الشيعة؟ دستور مريب ليس للمصريين",0
هل ممكن نرمي مسئولية الماتش ده على حساب مشروع النهضة؟,2
الرؤية والخبرة والكفاءة و المصداقية سلع نادرة في الإدارة الحالية للبلاد ماذا حدث لمصر الثورة ؟,2
"إقامة 280 بازارا سياحيا خلف ""الأهرامات"" بتكلفة 75 مليون جنيه #مصر #اخبار",2
"#نبض_الاخوان ا #بني_سويف 25-4 انتفضت قرية شريف باشا بمركز بنى سويف تضامنا مع أحرار #الميمون خرج أهالى قرية ""شريف",2
"""245: ""0155: لمثل هذة يذوب القلب من كمد،،ان كان في القلب اسلام وايمان#سوريا_اقترب_النصر #سوريا """"",2
#في_عالم_موازي لو حبيت حد هيحبك و مش هيوجع قلبك,2
#اللى_رافضين_السيسى_رئيس_بيعملوا_فولوا_لبعض #جميــلة_و_صاحب_تويتر_وابورمان_وعيڈو_وبڈوی_وايمي_ولعوها #الكل_للكل #يلاااااا_تفااااعل_يجدعان,1
270 #السعودية # #دبي #الرياض #الكويت #قطر #الدوحة #عمان #الشارقة #الخليج #الامارات #الإمارات #غرد_بصورة #رتويت # …,2
ربي إني استودعتك حياتي فلا تجعل مرها يسقيني و لا حلوها يلهيني,1
شكرًا تويتر !,3
عمرره96 وجاي متعني ليحضر ويفرحكم ويقول الشقيق من محبته لكم وتجون تتقطقون ياشيخ استح على عمرك انت وياه ' جعل عمرهه طويلل #…,1
_ اتفضل,2
الان مي وهبة عضو المكتب السياسي لتمرد ومحمدعبدالعزيز عضو لجنةالخمسين ضيفا #يوسف_الحسيني في #السادة_المحترمون …,2
واحد من مجاهدين بيت المقدس وهو بيجاهد قصدي بيراقب اكادمية الشرطة #حركة_كايدينهم,0
لا ينكر أحد ضرورة إجراء إصلاحات شاملة بالقضاء سواء فى كيفية التعيين فى البداية وحتى كيفية المحاسبة داخل القضاءلهذا تقدم,1
#كلمه_بتتقال_في_البيت_كل_يوم جب معك خبز وانت جاي,2
فلتقل خيرا أو لتصمت #خلق_جميل,3
مستقبلنا مرهون بأن نخرج أنفسنا من الظلمات الي النور حزب الدستور: قيم إنسانية عدالة اجتماعية عقل علم معا سنغير,1
ميغركيش العدد والله انا اكتر انا اللي مش #اخوان وانا اللي مش #عسكر #المكالمه,1
نعم انه #خالد_بن_الوليد رضي الله عنه يا من يفتخر ب #هتلر,3
أعظم شباب هما اللي بيحرسوا الداخلية دلوقتي، ضد الداخلية و قراراتها و لسة بيحرسوها برضه، عاش # #,3
درس العربي في الأرياف بيدعيلكوا #محمد_محسن ومستر ممدوح بييدعيلكوا برده :) :),3
عن الحرية إن الحرية هي أن تحيا عبدًا لله بكلية لا حسب قوانين طغاة و تشريعات وثنية,2
العقيد حسن ناصر مدير حماية منشآت الانبار يحتفظ بمئات البطاقات الانتخابيه …,2
صوره معبره جدا جدا جدا #السيسي_رئيسي_2014,0
راشد او مطلق ولد خالها أو ولد عمها بعدين تنتقل للإحتراف الخارجي ☺️ هههههههههههههه…,2
صمت بعض الصحفيين والإعلاميين في صحف الأحزاب ووسائل الإعلام الخاصة عن خطورة تفعيل قانون الطوارئ وتقييد الحريات بل وترحيبها به,1
قلتلك ايه على الناس اللي بتشتم؟,2
بعدما تجاوزت الصفحة حاجز الـ 50 الف ما الذي تود ان تراه عليها ؟؟,2
شاهد - آخر كلام: الانقسام حول لائحة انتخابات اتحادات الطلاب #,2
كان عنده حلم صلاح الدين الأيوبى :عندما كان صلاح الدين الأيوبى صغيراً و يلعب مع الصبيه فى الشارع ،شاهده أبوه فأخذه,2
#اللهم اسعدني في أبسط تفاصيل حَياتي و اكتب لي الخير حيث كان,2
#يوسف_الحسيني يخرج عن السياسة ويتحدث على الهواء مع ألبرت شفيق عن زميله في العمل …,2
#نفسي,2
"وعلي الفور قمت بتنفيذ طلبه , وتوجهت إلي الجريدة , وشرحت الأمر لزميلي الأستاذ مجدي الجلاد رئيس التحرير في ذلك الوقت 14",2
يامصر صبرا إن بعد العسر يسرا يامصر صبرا إنما الثورات تترا فاصمدي يامصر وللباغين خسرا #بداية_النهاية,2
محاولات لتجهيز #جدو لموقعة #الدفاع,2
أرشح صاحب هذا الحساب كأفضل مغرد لإفادتي في مجال ( لعبة 14) #تدوين,3
عملت بها لمدة خمسة سنوات وكنت خلالها في اجازة خاصة من عملي في جامعة القاهرة، من 2005 الى يناير 2011,2
) كله بحسابه ويوم الميزان موعدنا,2
كِتَابٌ أَنزَلْنَاهُ إِلَيْكَ مُبَارَكٌ لِّيَدَّبَّرُوا آيَاتِهِ} تعرف على أخطاء القراءة الشائعة في,2
العناوين مسؤولية الجريدة كما يبين في الفارق بين الورقي والإلكتروني أرجو قراءة الحوار كاملا,2
شاهد - سفير تركيا في القاهرة حسين عوني بوطصالي في حوار شامل مع يسري فوده في آخر كلام,2
نعلق اعتصامنا عند نقابة الصحفيين الآن لوجودنا بالميدان لحقن الدماء ونتحرك لتحقيق إجماع وطنى حول بنود مبادرة الأمس وتبكير انتخابات الرئاسة,2
المجلس الأعلى للقضاء هو رأس السلطة القضائية وليس وزير العدل أو رئيس الحمهورية,2
الوطن | عن ذوى الاحتياجات الخاصة | عمرو حمزاوي:,2
#جمعة_مباركة :) #حزب_الدستور,2
الآن السفير عزت سعد سفير مصر السابق في موسكو ضيف #السادة_المحترمون مع #يوسف_الحسينيعلي # …,2
#الأم_المثالية … تُخفي دمعتها عن أطفالها حتى لا يدخل الحزن إلى قلوبهم تظهر ابتسامتها لصغارها وإن كان قلبها يعتصر الألم…,2
اسألوا #البرادعي عما فعله في #العراق #البرادعى_طلع_جاسوس #باسم_طلع_حرامي #تخابر,0
#الوفد - #عسكر:الأمن مستقر بـ #جنوب سيناءوتأمين كامل للقناة,2
#هناك_مكان_اسفل_الجحيم للعيال اللي بيعملو #هاشتاج عشان يجيبو فولورز ويتصلو بصحابهم يتويت للهشتاج عيال سرس فوووووو عليهم,2
1 جايز ما نزلتش الدقي؟ بقوللك إيه ممكن إضافة؟,2
د أبو الفتوح : الوزراء الحاليين اياديهم مرتعشة ولا يستطعون اخذ اي قرار د أبو الفتوح خلال لقائه مع ممثلين عن,2
تثوير القرآن مقالي اليوم,2
الكتاب الأسباني عن خوسيه موخيكا اللي كتبت عنه في الشروق موجود لو في دار نشر عايزة تصوره عشان تراسل الناشر وتاخد الحقوق وتترجمه أهلا وسهلا,2
مؤتمر لرئاسة الجمهورية لعرض نتائج مباحثات الرئيس مع ممثلي الأحزاب السياسية #يوسف_الحسيني #السادة_الم…,2
اتمني لكل المدن التي تنتخب اﻵن ان تختار الرجل المناسب #ليبيا بنغازي #القبة #المرج,2
"اللهم حرر المسجد #الأقصى من اليهود المجرمين ،، اللهم ارزقنا صلاة فيه قبل الممات ،، #فلسطين #القدس #غزة""",2
"""لو كان خيرًا لأبقاه الله"" جملة تستحق التأمل #مصطفى_حسني",2
_ الورق و القانون هو اللي حل مجاس الشعب، الورق اقوى مما تتخيلي,2
خايف من بكره المجنون علموني وعيشوني في تاريخ بعيد في فعل كان ولوحدي سابوني ورموني للمستقبل والأيام واختاروا طريقي وربطوا ايدي #كايروكي,2
"تابعوا على صفحة ""الفيديوهات"" آخر الدروس والأناشيد والبرامج الدينية وآخر فعاليات صناع الحياة",2
حق الصوت عصام-سلطان/137923242939959,2
#فيفي_عبده_الام_المثالية اصلا صارت كلمة مثاليه الحين سبه عجبكم كذا طيب امشي يابن المثاليه ههههههههههههههههه زمن حسبي لله على رجاله,0
#رونالدو يسعى للانفراد برقم قياسي جديد في دوري الأبطال #إمارات_سبورت,2
تعي المؤسسة العسكرية جيدا مغبة الحكم و التعاطي السياسي خاصة بعد سنة ونصف دامية و لن تكرر التجربةليس ذنبهم ان الشعب يناديهم بعد معاناة #مصر,2
أنا كتبت النهارده في المعصرة أشهد لك بالفضل إنت والشباب اللي معاك في نزولي يوم خمسة وعشرينشكرا ياخالد ياجميل,3
المومني نقيبا للصحفيين #وقفة_الاخبارية | #نقابة_الصحفيين | #المومني انتخبت الهيئة العامة لنقابة الصحفيين في,2
النظام القطري عميل للغرب وينفذ الاحندة الامريكية #السادة_المحترمون,2
لا تشاركوا في حملات: تعالوا نشتم رسولنا,2
من تاحالا فکر می‌کردم استخرها به خاطر نظافت تمیز و زلال میشن، نگو به خاطر فراموش نکردن دریچه‌های اطرافشون بوده! #مترو …,2
انصار الشرعية يدينون هذه التفجيرات #مصر_الليلة,0
أعلنا اليوم تأسيس حزب الدستور الجديد في جو مليء بالحماس والتفاؤل وفقنا الله لما فيه خير الوطن,0
احلم بيوم امشي فيه في شوارع بلادي شتاءً واثقا بأن الجميع ينعمون بنيران مدفئة وعشاء،فأدخن سيجارتي تحت زخات المطر مبتسما في طريقي للأوبرا #مصر,2
الساعة 11 مساءً ، #السادة_المحترمون مع #يوسف_الحسيني على # و # انتظرونا …,2
المطرب الوقح بيشتمنا ويغنى: لما امريكا تؤمر يردوا يقولوا امين واحنا بنقولو لما وقح يغنى لامثاله يقولو: امين,0
"#بيقولك_أعرف_بلدك الجلف الكبير 2 , مين يقول كمان",2
#جواز_الصالونات :3,2
كلمة الفريق أول عبدالفتاح السيسي أثناء استقبال جثامين شهداء سيناء #السادة_المحترمون …,2
"ندوة توقيع رواية ""نادي السيارات "" بأتيليه الأسكندرية السبت 20 أبريل السابعة مساءً >> التفاصيل >> الأدمن",2
#حازم_عبد_العظيم العرص يكشف لماذا تحول من صفوف #الثوار لصفوف #الانقلاب,0
تطاولك على شيخ الأزهر تجاوز كل الحدود #السادة_المحترمون …,0
مَـأّأّبِـيِّ أَّّسـمَـعٌ رجِـأوِيِّ**يِّ أهِـلَـيِّ أّجِـرحٌ وِﻻتّـدِأّوِيِّ-#الاهلي_الاتحاد -#الاهلى,2
افزایش‌‌‌۱۰درصدی #بلیت #مترو 10% …,2
تنور !,0
_ بالعربي إسمه الشتا اللي فات وبالإنجليزي,2
( فألقيه في اليم ولا تخافي ولا تحزني إنا رادوه إليك وجاعلوه من المرسلين ) هذه الآية تبعث الأمل ،، #ل…,3
إلى هذا #الوطن_انتمي #فلسطين,2
شارك في الاستفتاء على صفحة كلنا خالد سعيد,2
#عمرو_سلامة : لما أعمل فيلم أخد موافقة مين؟,2
مرسى الذى فى خاطرى و فى دمى أحبه من كل روحى و دمى!!,3
لا يمكن طمأنه المجلس الآن و المواد ال9 و ال10 فى الوثيقة كانت لصناعة دولة فوق الدولة,2
#عاجل #الرياض #مكة #خواطر #غرد_بصورة #غرد_بصوره #دبي #غرد_بذكر_الله [31538932],2
#حلمي_الوحيد اني اشتغل في # مع #يوسف_الحسيني و #احمد_يونس :) ^_^,2
#شخصيات_لن_تعوض ‏,1
إحنا #الزمالك إحنا ايييه ايييه جايين علشان نضحك ايييه ايييه نضحك عليكووووا #الزمالك_الافريقي,2
من زمان و انا حيران,2
"""سي بي سي إكسترا"":بدء المؤتمر الصحفي لتحالف التيار المدني للإعلان عن تأييده لـ #المشير #السيسي في #الانتخابات_الرئاسية #",2
أنا ضد التمويل الاجنبي تماماً الغريب ان ينتسب البعض الى الاسلام ويستغلون فقر الناس ويشترون اصواتهم ثم يتبارون في البذاءة اى اسلام هذا,1
"#استفتاء : إذا تتوقع فوز ليفربول اليوم ضد تشلسي "" ريتويت "" #ليفربول_تشيلسي",2
_ مش قالولك متهنيشويلك ويلك على كل شكرا,2
ولا يفتح الباب للفوضى والفراغ إن نحن أحسنا إدارة عمليات وضع الدستور وانتخاب الرئيس,1
#يارب اغفر لنا الذنوب التى لا نعلمها واعنا على ترك الذنوب التى نفعلها انك انت المعين,2
تعرف على تواضع #النبي صلى الله عليه وسلم #كلام_جميييل #تدوين,3
#باسم_محسن مات مقتول والسيسي هو المسئول,2
~بمناسبة ان #الامتحانات قربت #لو_ده_جنان_اتجنن !! _ #اتجنن ولما تلاقي فى الامتحان سؤال مش عارف اجابته اكتب,2
دعلاء الأسواني يكتب: الى متى نخترع العجلة ؟! ننشره لكم الليلة في تمام التاسعة مساءً على الصفحة الرسمية وينشر صباح غدفي جريدة #المصري_اليوم,2
قال رسول الله صلى الله عليه وسلم : ( إِنَّ مِنْ عِبَادِ اللَّهِ لَأُنَاسًا مَا هُمْ بِأَنْبِيَاءَ وَلَا,1
حمزاوى: تجاوزات المرحلة الأولى لا ترقى للطعن فى نزاهة الانتخابات,2
من أجمل الكتب التي يمكن أن تقرأها لجمال البنا كتابه الإسلام وحرية الفكر وكتاب كلا ثم كلا عن دعاة التقليدتعرف على فكره واختلف معهرحمه الله,2
عارفك مش تايهة ولا عارفة فين الطريق والمكان والحقيقة لكن فيه حاجة جريئة وبريئة وينفع تدوم في القلوب الرقيقة #دينا_الوديدي,2
اتفرجوا على الإخوان عايزين إيه من الدستور مهزلة !,0
رئيسكم كان هيطير من السعادة إنه متصور مع هيكل دلوقتي هيطلع هيكل بياخد أوامر من الخليج وأمريكا وإسرائيل وقوى الإستكبار إنهم الإخوان الفاشلون,0
صح :),3
مع باسم يوسف في البرنامج؟,2
وحيات عينيك ،،،، اخذ صوت اخذ وجه حسن وطرب اصييل #مصر #الجيزة #القاهرة #شادية #الاهرامات #اسيوط…,3
الجيش مصمم علي مزيد من القتل للمتظاهرين السلميين، شهيد جديد في بنى سويف، متى يعرفون ان الشعب لن يهدأ الا بسقوط الانقلاب، اهرب يا سيسي,2
#ثوار #المرج #عزبة_النخل #المطرية #عين_شمس ما نبقاش رجالة لو ماطلعناش ال 5 سيدات من #قسم #المرج الليلة #مرسي #الاخوان #انتخبوا_العرص ريتويتِ,2
شاهد - آخر كلام: معايير تشكيل تأسيسية كتابة الدستور #,2
صحيفة الجارديان البريطانية التى وصفها المسلمانى الانقلابي الخائن بالكذب توجت الأسبوع الماضي بجائزة فرونت لاين كلوب,1
_ التقرير الشهري للمشافي #السوريه التي تسلمت دعم من مكتب الدعم الدوائي(مدد) في شهر #مارس 2014 #قطر #السعوديه …,2
"""فايبر"" يرسل مقاطع الفيديو والصور غير مشفرة #فايبر #واتس_آب",2
"محسن شعلان (مبقوق سابقا): ""ثمن الخشخاش لايتجاوز 800ج و قيمتها في اسم فان جوخ"" دا إيه الذكاء الخارق ده؟",2
وهذا لمن يشكك بوجود صحوات ، وبأنها تُدعم لقتال المجاهدين من #الدولة_الإسلامية_في_العراق_والشام #هام,2
اختيار الدكتور عمرو خالد، ضمن أكثر 10 شخصيات تأثيرًا في العمل الاجتماعي في مصر لعام 2012,3
لن يأتى عام 2014 الا وديون مصر تسجل رقما عالميا لم تصل اليه اى دولة ولن ينفعنا مليارات الخليج الملوثة بدماء اولادنا,0
احصائيات التوحد في السعودية الأعلى في منطقة مكة المكرمة يليها الرياض,2
واستغفر الله على عمر مضى صدقت فيه مره وسائل الإعلام! #مطر,2
الجيل الحالي مثقف ومتفتح ويحسن فهم الناس #السادة_المحترمون,3
شهود عيان يرون تفاصيل اعتداءات الإخوان بملوي #السادة_المحترمون,2
اشكو لمن رفع السما بلا عمد الهي تعالي مقتدر في علاه #السيرة #دينا_الوديدي,2
ابراهيم عيسى سيحاكم بتهمة ازدراء الاسلام ؟ عيسى قدم فهما عميقا للدين لا يتوفر عند المرشد من يزدري الاسلام هو من يكذب ويزور ويظلم يا بديع,1
"احضن اللى بتحبه "" بكلامك "" ! - قوله كلمة حلوة #فجأة :"") 3",2
تكليف الدكتور مرسى لهشام قنديل لعمل التعديلات الوزارية اللازمة التى تناسب المرحلة,2
حوار الأخوان شاركوا من اوي 25 ولا 28 مش مهم، و حتى حوار بطلوا مشاركة امتى مش مهم، المهم عملوا ايه في البرلمان و الرئاسة و التأ,1
"غالياني :"" في المقابل سيدورف لم يصرح بأي شيء خاطئ لذلك القضيه مغلقه "" #ميلان",2
#الحقيقة_مباشر_مصر|#انقلاب_3يوليو السيسى المتخابر لخطف أول رئيس منتخب يستعين بحلفائه لدعمه بالسلاح للتصدى للإسلاميين,3
كل الدساتير الماضية سقطت لانها لم تكن وفق ارادة مجتمعية #السادة_المحترمون,0
#النصر #الهلال #الرياض #في_المرمى #الإتحاد #قطر #جدة #الدمام #عاجل,2
صلاح جاهين وفؤاد حداد في بروجرام واحد متع روحك ونضفها من خطابات اللجلجةتصبحوا على خير,2
بالصور كارثة عقارية جديدة بالاسكندرية عقار جديد يميل بدرجة 10 سم و يهدد العقارات المجاروة,0
"بالصور #بوتين يواصل إحياء ""التقاليد السوفيتية"" بمسيرة ضخمة في ""الميدان الأحمر"" …",2
سيطرة البلطجية المسلحين على الشوارع ليلا قتلوا ملتحيا أمس فى جسر السويس كارثة أمنية غير مسبوقة,0
اسألوا #البرادعي عما فعله في #العراق #البرادعى_طلع_جاسوس #باسم_طلع_حرامي …,0
اللهم لك الحمد حتى ترضى ولك الحمد اذا رضيت ولك الحمد بعد الرضا,3
#يوسف_الحسيني لحزب النورخليكم في الدعوة وابعدوا عن السياسة بتلوثكموبتلعبوها غلط كمان! #السادة_المحترمون …,2
"مختار الصحاح بيقول: ""رجل (بَقَاق) بالتخفيف كثير الكلام و (البقباق) الرجل كثر كلامه و (البقبقة) حكاية صوت يقال (بقبق) الكوز"" يعني ""بُق"" فصحى",2
شاهد - باب الخروج: رسالة علي المفعمة ببهجة غير متوقعة في آخر كلام #,2
بيان د/ عبد المنعم أبو الفتوح بخصوص تطور الأحداث امام السفارة,2
"11 ""اجتماع اللجنة الإعلامية 18-05-2011""",2
حمى الاعتقال فاقت الواقع والخيال,0
الدكتور الأسواني يهتم جداً بقراءة كل ما يصله من القراء سواء كان نقدا إيجابيا او سلبيا الا الشتائم فانا ازيل قذارتها اولا باول ميشيل الادمن,0
نسيان تناول الأدوية، خطورته وحلوله #الوقت #الصحة #الجسم #صحة #الدواء #الطبيب,2
#الدقهلية نظم العشرات من العاملون بمستشفى الطلبة بجامعة #المنصورة وقفة إحتجاجية داخل المستشفى للمطالبة بإقالة,2
أغنية سامع صوت الجماهير - مؤسسة فابريكا,2
المحنه اخرها فرحه #الاهلى,2
أسقط شعب #الأرجنتين ث?ث رؤساء منتخبين في سنتين بسبب إنق?بهم علي الشرعية,2
قال شو خبر عن مستثمر #أردني في #اليمن يواجه الموت المحتم في إحدى #السجون في #اليمن ،، ياباااا اذا,2
#من_المسئول عن هذا المفهوم المتوصل له,2
__ تبسمك في وجه أخيك #خلق_جميل,2
انضم للحملة لقاء المتطوعين الجدد فى الحملة: تعلن لجنة الموارد البشرية وإدارة المتطوعين بحملة أبو الفتوح لرئاسة,2
هذه حقيقة رؤية ياسر برهامي ومعظم التيار السلفي للدستور وعلاقتهم بالشعب,2
برنامج امريكا بالعربي - الحلقه 5 كاملة,0
إنتظروا د عمرو خالد على قناة العربية فى تمام الساعة العاشرة مساءاً و حديث عن إنطلاق منتدى أهل مصر,2
"حرائر #الاسكندرية يبدأون اضرابا جزئياالبيان رقم ""1"" #اكسر_كلابش #انتفاضه_السجون """,2
#اخطر_انواع_النساء الخارجيات الحروريات اللاتي تجردن من الخُلق والإنسانية والأنوثة,0
#جمال #خيال #حقيقه #جميل #درر #حكم #أعجبني #حكمه #بقلمي #شوق #بوح #شعر #قصيد خمس الاف بـ 200 ريال 28,2
#بيع_متابعين #زيادة_المتابعين #تابعني_اتابعك #السعودية #الهلال #النصر #الاتحاد #الأهلي #الأتفاق #الشباب [90930],2
على صعيد اخر اليابان كسبت اسبانيا النهاردة الجنسنج بيصنع المعجزات,2
واضح إن تمرد هتفشخ أنظمة سياسية كثير,2
مكتسبات ثورة #25_يناير راحت في الزبالة عودة لعصور الظلام وأمن الدولة #نظام_زائل,0
لو عايز تعمل فرق في مواجهة حوادث التحرش والإنتهاكات الجسدية في التحرير ساعد الناس المحترمة دي ولا تسمح للضباع بالمزايدات,1
ما وصل إلينا من فساد تم تحويله إلى النيابة العامة #السادة_المحترمون,2
على مائدة الافطار د/ عبد المنعم ابو الفتوح والمفكر القبطي ا/ جمال أسعد عبد الملاك يتشاركان الافطار اثناء زيارة,2
#صحة #صحه #صحة_القصيم #تمريض #صحة_الشرقيه #صحة_الرياض #صحي #تدريب #مستشفى #أطباء #اسنان #صيدله #دورات #وزارة_الصحة …,2
للتوضيح : في إطار الالتزام بالقرارات الجماعية لجبهة الإنقاذ، أعتذرت عن حضور جلسة الحوار الوطني المقررة اليوم وكنت قد تلقيت الدعوة بالأمس,2
لأن الشاطر هو الرئيس الرسمي لمصر وهو اللي حيخلص إسرائيل من حماس وعرب 48 بموافقتة التنازل عن قطعة من أرض سيناء …,2
بمناسبة رحيل أرمسترونج أنصح بقراءة رواية ساخرة لأستاذنا العبقري أحمد بهجت إسمها تحتمس 400 بشرطة,2
عزيزي #ابراهيم_محلب تغطية عجز الموازنه بزيادة الاسعار سياسة المسئول الفاشل قليل الحيله,0
اجرأ سيدة فى مصر تعليقا على مجزرة رابعة العدوية,3
تربايتي ما يحتاج 😂😂 #دومينوز_بيتزا #وير_اي_سبند_ات!! #الكاتم #الخ,2
#عدلى_منصور يتلقى إتصالات هاتفية من رؤساء أوغانيا و تنتانيا و طنجانيقا و مورانيا الجنوبية ، لبحث القضايا ذات الاهتمام المشترك أبو فيشــــه,2
واضح ان الناس اللي ساكنة في 6 اكتوبر بتروح مدارس وتشتغل في القاهرة والجيزة وده سبب كافي لزحمة رهيبة,0
' ' سما_المصري #,2
لم أكن يوما عضوا في الحزب الوطني,2
لا تستهينوا بتأثير اليوتيوب على المواطن العاديأما الذين اختاروا السمع والطاعة فقد رضوا معها بالنطاعة فلن يجدي معهم سوى شعار:عيشوا بعاركم,2
#اتجنن و اكتب في اي صفحه ( #اجابه_السؤال_في_الخلف ),2
لو حسيت في يوم من الايام ان في حد اتدخل في شغلك  #قدم_استقالتك,2
يامن تتحدث باسم الاسلام ثم تلقى على من يخالفك في الراى بصندوق قمامة من البذاءات كثيرون ممن تشتمهم اكثر اسلاما منك لانهم مهذبون,1
علاقة النائب بالناخبين لابد وأن تراجع سنويا في جمعية عمومية مثلما تفعل الشركات مع المساهمين العقد بيننا هو البرنامج والعقد شريعة المتعاقدين,0
حكم القضاء الاداري بمنع اعضاء الحزب الوطنى من الترشح حكم نهائي واجب النفاذ في كل انحاء مصر ننتظر من المجلس العسكري ان يسارع بتنفيذ الحكم,2
علاج السكري #اف_نتشورال #السعودية #العراق #اليمن #مصر #قطر #الكويت #عمان #سوريا #ليبيا 79,2
أنا لم أصوت في انتخابات الرئاسة 2012 ولكني كنت مع د #مرسي في الإعادة أمام #شفيق …,2
يحسب للرئيس مبارك انه حكم مصر وهى تتحدث عن نفسها وبعد ربع قرن من الحكم جعلها تتحدث مع نفسها #بلال_فضل,1
#ذات_مومنت لما تقفش نفسك بتكلم نفسك فى موضوع مش عارف تبطل تفكير فيه #جنان,2
المنع الثانى للغنوشى كان المنع الاول للأستاذ راشد الغنوشى فى عام 1986 ، حين فوجئ برجال الداخلية يلتقطونه من,2
شبكة الـ سي إن إن تكشف عن نوايا التصويت داخل الكونجرس الأمريكي #السادة_المحترمون …,2
الليلة #عبد_الرحيم_على يذيع تسريبات جديدة لــ #البرادعى على #القاهرة_والناس العاشرة مساء #البرادعى_خاين #باسم_حرامى #نشطا…,0
"#الوفد الاثنين أول مؤتمر لجبهة مؤيدى السيسي بدمياط: أعلنت ""جبهة مؤيدى السيسى"" إحدى لجان الحملة #الوفد",2
اعتقال الدكتور شادى حرب و غيره من النشطاء محاولات يائسة من قبل نظام قمعى يتهاوى اصرارنا على التغيير يزداد قوة كل يوم,2
"صورة الشهيدة ""رضا رمضان ""42 سنة التي استشهدت برصاص قوات أمن الانقلاب #الفيوم #انتخبوا_العرص",0
""": #تركيا كبير القضاة يتهم #أردوغان بـ ""فساد الضمير"" ويتعهد صون كرامة الأتراك وحرياتهم """,3
"كتلة حماس البرلمانية رح تعطي الثقة لحكومة ""تنسق امنيا"" مع اسرائيل !! #الحكومة",2
كلما خالطت الناس ستزداد يقيناً بأن الأخلاق مثل الأرزاق قسمة من الله سبحانه فيھا الغني وفيھا الفقير ! #كلمة_تستحق_التأ…,2
سبب الإنقلاب في #مصر والإطاحة بالرئيس #مرسي من وجهة نظر #إسرائيل الشعوب واعية #إنصاف_الإخوان,2
"اسكندرية تحذير هام جداً جداً وصلتنا رسالة تحذير بخصوص حالة ""ثبيت وسرقة""",0
أم أن الهدف هو توجيه منظومة الإعلام الرسمية من خلال قيادة إخوانية؟ أين الرغبة في الإصلاح وضمان استقلالية منظومة هي ملك للمجتمع وليس لحزب؟,2
احاااه على ده انفجار انا اتشقلبت من ع السرير #المعادى,2
#البوابة_نيوز: محافظ #دمياط يلتقي ممثلين عن هيئة #الأوقاف,2
تعليقي للبرنامج لا يعني انسحابي من الساحة أنا مصري و لا أحتاج إذناً من أحد للتعبير عن انتمائي,1
بمناسبة مرور عامين على قناة أون تي في لايف ألبرت شفيق #السادة_المحترمون,2
12 مليون مصرى لم يدفعوا فاتورة الكهرباء الانقلاب ساقط اصبروا وثابروا واحشدوا واهتفوا سلميتنا سلاحنا,0
بعيدا عن الهزار بقى وكده من كل قلبي باقولها لك ربنا يسعدك زي ما بتسعد الناسقلبي وربي راضيين عليك يا أمردسلام عليكم,3
حقيقة اشتباكات الحرس الجمهورى صفوت حجازى حرض على الاقتحام ضباط الجيش حاولوا إقناع مؤيدى مرسى السماح بدخول …,2
خليك كده: إحلم بقمع معارضيك كفرهم وخونهم واستعدي عليهم وانشغل بيهم عن خيبتك، اكتب دستور يعجبك وقوانين تحميك وسيب الغرغرينا تنهش في البلد,2
أما المواقع الإباحية على الانترنت، والتي هاج وماج المتشدقون بالدفاع عن الحرية، فتخضعها الكثير من المجتمعات الليبرالية لقيود مختلفة تصل للحظر,2
#المملكةالعربيةالسعودية #جدة #جده #الرياض #الدمام #الخبر #ينبع #الشرقية #مكة #المدينة_المنورة #راقت_لي [2138449],1
2050 الخرطوش انا شايفه بعيني في تقارير مصورة لن تقنع عيني أن ما رأيته كان فوتوشوب مهما عملت دي هي الحقيقة اقعد اعند فيها عشان كرسي,1
غداً الساعة 7 م مظاهرة في طلعت حرب للتضامن مع غزة,2
أهرامات #الجيزة #جامعة_القاهرة #القاهرة #مصر,2
أحداث #المسجد_الأقصى تشير إلى قرب اشتعال انتفاضة جديدة #,2
مش متخيل أن ف حد ممكن يدعي ع ابوه او امه مهما كانوا خنقيين او عصبيين بس لﻷسف في #بر_الوالدين ياوﻻد الجزمه,0
الانترنت والمحمول يعكف الآن فريق عمل قانونى محترف على أعلى مستوى ، على تجهيز وصياغة البلاغات والشكاوى,2
و لقد أثبت هاشتاج #موقف_نفسي_اعيشه_مع_جوزي و #موقف_نفسي_اعيشه_مع_مراتي أن الشعب المصرى معبى ف قلبه و ساكت,2
اليوم السابع | نائب رئيس #جامعة_المنصورة: الدواعى الأمنية سبب تقديم موعد #الامتحانات,3
#اعترافات_الطفولة كنت اروح للجمعية وانا كاشخه على سنقت عشره 🙈😂,2
اشمعنى انتا تتويت يجيلك 1000 فولو وانا اتويت يتعملى ان فولو - ربنا مايرضاش بظلم #جمعية_الاقل_من1000_فلورز,2
شوفوا الجماهير مؤثرة ازاى #الكورة_للجماهير #محمد,2
عصام-سلطان و الغوغائيون,2
#كائنات_فكاهيه مره جماعة - عارفة نفسها - اهتمت بالسياسة و أهملت #العلم_الشرعي 80 سنه و #فجأة فشلت فيها هيا كمان ، يااااادي …,2
#ليه كل من طول #شنبه مد بوزه #الشنبات #لوك ،،، مين اشنب واحد فيهم ؟,2
_ من لوعه الحرمان فيك #كفاية,2
ماكنتش على تويتر ساعتها :),2
مرّات السعاده تكون #ذكرى قديمه جات في بالك ؟!!,2
أمريكا تعتذر على غزو افغانستان والعراق وتتراجع عن ضرب سوريا #السادة_المحترمون …,2
"كعضو عامل في جمعية ""المؤذنين في مالطة"" أحب أقول:",2
قلمين عقب أسبوع من محمد محمود المجد لأبطال محمد محمودهتفضل مصر شايلة جميلهم دائما وأبدا,3
عيد ميلاد ابني الصغير كان بالأمس وأنا معه ومع ابني الكبير وأمهم السيدة العظيمة الى يوم الاثنين ثم أعود لمصر إن شاء الله,2
الأ‌مل هو تلك النافذه الصغيرة التي مهما صغر حجمها إلا‌ أنها تفتح آفاقا واسعة في الحياة,3
سيكتب التاريخ ان حركة 6ابريل ( بشقيها ) ضمت مجموعة من انبل واشجع شبان مصر كانوا طليعة الثورة ولازالوا يناضلون من اجل العدل والحرية,0
المستشار أشرف رزق المحامي العام لنيابة الأموال العامة العليا يطلب إنهاء انتدابه بالنيابة والعودة إلى منصة القضاء,2
يوسف الحسينى يتابع منذ ايام مايحدث للاقباط فى دلجا ويطالب المسؤولين بالتدخل واليوم سيطرت الشرطه والجيش …,3
2 أيوة هو ده اللي بقوله,2
#التحرير | بالصور امرأة تغطي جسدها بـ12 ألف نحلة الحدث الأكثر غرابة هو قيام امرأة بارتداء 12 ألف نحلة,2
محطة العبور (2) - هدف موسورو الثاني فالاتحاد _ اياب كأس الملك _ بعدسة #ميلانيستا #الاهلي #الاتحاد…,2
متعودتش اشوف ف الناس غير الجمال #حمزة_نمرة,3
المجلس العسكري يعيد إنتاج مصطلحات صفوت الشريف وأنس الفقي من جديد وكأن المطلوب تكميم الأفواه #,0
#الشبراوية_مع_الشرعية|#حاميها_حراميها الآن من مسيرة #شبرا_الخيمة أمام مسجد الدالي #العز_بن_عبدالسلام,2
"الباشا أبو 50% مش واخد باله أنه رمى كل أوراقه , بيهددنا انه هيضرب بكرة ذخيرة حية , على أساس ان قبل كده كانوا بيضربونا بق…",0
اقرا ؟ خطر مشاهدة الافلام الاباحية _تفتك الدماغ,0
#برشلونة #ريال_مدريد 646,2
#دعوه_للتفاؤل الحياة بتفاؤل و امل,3
__4 ده شفيق اللي متقدم فيه بلاغات الدنيا أخذ نصف الأصوات يعني نصف الناس قبلت العمى ولا قبلتوش أغلبية؟,0
شمس نيوز|| مصادر إسرائيلية: #عباس سينجح في تشكيل حكومة كفاءات وطنية,2
كام واحد هنا فهم إني قاصد أقول إننا حيوانات في زريبة مش إن ده لسان حال اللي بيقولوا إن حقوق الإنسان سلعة غربية؟ #مرار_طافح,0
أد أحمد عكاشة - أد جلال أمين يحللون ويفسرون ما حدث للمصريين وكيف انتفضوا في 25 يناير وما بعدها على الهواء مباشرة تابعونا,2
"""""مصدر أمني ب #بورسعيد: اشتعال خزان وقود سيارة الشرطة أدى إلى الانفجار ""| #الله_سارتر",2
#الجوف #طبرجل #القريات #سكاكا #دومة,2
مترو موسكو، أو قصر تحت الأرض كما يوصف أحيانًا بسبب فخامة تصميمه الكلاسيكي،، #عمارة #روسيا #تصميم #تصميم_داخلي #مترو …,0
من كتاب خواطر قرأنية للدكتور عمرو خالد سورة المائدة :- (يأَيُّهَا ٱلَّذِينَ ءامَنُواْ عَلَيْكُمْ أَنْفُسَكُمْ,2
كبلتى بالقيد فى ليلة عرسى #مريم_صالح \#دينا_الوديدي :),2
شاهد - آخر كلام: أروح لمين مصر والإضرابات #,2
عقول زباله تسئ لرجل كبر اجدادهم فعلا العرب تربيتهم صفر #بالعربي,0
سيتم اليوم الإعلان عن مزيد من العقوبات بحق #روسيا بسبب موقفها في #أوكرانيا #أمريكا,2
"وزير الزراعة #الأردنى السابق #يتفقد زراعة #القمح على ""#مصاطب"" بالشرقية | الزقــازيق",2
اللهم إني أعوذ بك من المزايدين والمزايدات الرجالة منهم والستات,0
"""""ركز هووون"""" """"تفاعل زفت"""" #مقرب=#لايك #كومنت=#تفجير خلال 12 ساعة",2
لا سكر ولا زيت ولا غيره ومن يكتب هذا يردد كلاما فارغا وبالمناسبة سادعو قريبا لجمع تبرعات لقسم الحروق بجامعة أسيوط وهو في حالة سيئة جدا,3
الواحد يمتحن الصبح تنزل الدراجات بليل #هندسه #عين_شمس سبحان الله,2
#عاجل إغلاق مترو #عين_شمس و #عزبة_النخل بسبب اشتباكات #الإخوان,2
#اسكندرية : اسكندرية تانى و اه م العشق يانى و الرمل الزعفرانى ع الشط الكهرمانى و السحر اللى احتويته و البحر اللى,2
مين هنا متابع مسلسل الزوجة الثانية؟ أحب أعرف رأيكم,2
مشاركه الوسط تأتي مقترنه بوضوح التوافق علي مطلبي ايقاف المحاكمه العسكريه للمدنيين وتعديل قانون الانتخابات والتاكيد علي مسار التظاهره السلمي,2
​أحياناً يكون الألم النفسي أصعب و أشد ألماً من الألم الجسدي ٣٤ #مذبحة_بورسعيد #المجد_للشهداء #إفتكروهم,1
#الكويت #السعوديه #البحرين #قطر #ا?مارات #عمان #العراق #مصر #تونس #الجزائر #المغرب #ا?ردن #السودان #لبنان 24,2
#أنصار_بيت_المقدس تعلن مسؤوليتها عن إغتيال ضابط الأمن الوطني #المصري_اليوم,2
#الشروق بث مباشر مؤتمر صحفي للجنة العليا للانتخابات الرئاسية: بث مباشر مؤتمر صحفي للجنة العليا للا #مصر,2
البرلمان اتحل ورجع واتحل وناس تزيييييط واقلبوا على مرسي وناس تزيييط ويقولك الاخوان مثبتين العسكري واحنا نتوتر ونشتم بعض وفي الاخر فسسسسس,2
#خرجوهم_يمتحنوا تحتل #جامعة_الزقازيق المركز الثالث بعد #جامعة_القاهرة و #جامعة_الازهر بـ90 طالب بعضهم مختطف لم يدرج في سجل…,2
#اعتراف انهرده كان يوم عالمى وكله بان على حقيقته,0
المفترض ان حضرتك تبلغي انت وزميلك الشرطة واعطائهم كافة المعلومات ولاتنسوا #باسم_يوسف_طلع_حرامي #اخوان_ابليس #الاخوان_جماعة_ارهابية,0
اهم تعاقدات الانديه ! #ارسنال اوزيل #تشيلسي ماتيتش، شورليه، ويليان #مانشستر_سيتي نيقريدو، يوفيتتش، فيرناندينو #ليفربول اسباس ، موزيس ساكو !!,2
هالايام تمر علي مواقف قديمة لكن مع أشخاص جدد #احساس_غريب,1
"رسمياً ""#الفيفا"" يوافق على إقامة الدورة الرباعية للدوري #المصري بالتزامن مع كأس العالم",2
حركة تمرد صاحبة انتصار 30 يونيو طالبت بالبرادعي رئيساً للوزراء ولما اعترض السلفيون تم استبعاده هل خرجنا من حكم الاخوان الى حكم السلفيين,1
#جبهة النصرة في نوى توزع اللحوم على المحتاجين فرحا بالإنتصارات التي تحققت #سوريا,2
حصل مكالمة مبدئية مع وزير التعليم متحدثا عن خطته القادمة لحين لقائه و جاري التنسيق مع البقية,2
طلاب #الأزهر يتوجهون الى بوابة المدينة الجامعية، و #الأمن يطلق الغاز لتفريقهم يتوجه الان طلاب #الأزهر الى بوابة,2
#جمال #خيال #حقيقه #جميل #درر #حكم #أعجبني #حكمه #بقلمي #شوق #بوح #شعر #قصيد #رتويت خمس الاف متابع بـ 200 ريال /3125,2
إذا لم يكن ميدان التحرير وكل الميادين في مصر التى أسقطت رأس النظام هي من يعبر عن مصر فمن إذا يعبر عنه ؟اللصوص الذين نهبوا البلد ؟,2
الناس ديه عايزة مننا ايه يا كابتن مدحت؟؟؟؟؟؟؟؟؟؟؟؟؟؟؟؟؟؟؟؟؟؟؟؟؟؟؟؟؟؟ #اعلام #القاهرة,2
صور من كواليس تصوير الحلقة 28 من الموسم الثاني للبرنامج حصريا علي صفحتنا علي +,2
مصنع الرجال وعرين الأبطال صدعوا بكلمة الحق وجاهدوا بالنفس والمال #تعظيم_سلام_للاخوان_المسلمين #حسن_البنا …,3
#عن احساسك وانت سامعهم بيغششوا بعض اجابات غير الى انت كاتبها !,2
#اللى_رافضين_السيسى_رئيس_بيعملوا_فولوا_لبعض و سيظل حكمهم مؤبد تقريبا !,0
لماذا نتمسك بانتخابات تحت اشراف دولي ؟! أقرأ المقال كاملا …,1
الذي لم يلاحظ حتى الان ان مطالب الثورة لم تتحقق اما انه لا يتابع ما يحدث وأما ان رائحة السلطة قد افقدته الرؤية وصفقاته قد أخرسته عن قول الحق,0
كل يوم يزداد ايماني ان ربي حبيبي معي يارب لك الحمد جميع الامور ميسره بكل حب,3
"#ليش #لماذا #شحقة #ليه #واي ؟؟؟""_84: ليش الأغاني الرومانسية ما تكون عن الأكل ؟""",2
… #يوسف_الحسيني يا دكتور عبد المنعم العقل حلو,2
كان الإمام البخارى يستيقظ من نومه فى الليلة الواحدة 20 مرة ليكتب فكرة أو يسجل خاطرة راودته فى منامه عيش لحلمك,2
انشيلوتي معاه فلاشه منزل عليها شفرات الفرق كلها #ليلة_الابطال,2
كلمة الدكتور أحمد الطيب شيخ الأزهر للشعب المصري ـ 17 أغسطس 2013,2
قبضت كام من ساويرس كله في ال #فسسسسسس,0
لمصر شعب يحميها رب أجعل هذا البلد آمنا مطمئنا,3
#رمضان قد أتيت فماذا تغيّر من آخرِ لقاء؟,2
