text,labels
ضبط شخص بدبلوم انتحل صفة طبيب بلد مافيش حد فيها بيشتغل بشهادته,1
مش معنى انك قولتلى رايك يبقى أنا هعمل بيه طب افرض انت حمار استحمر أنا كما زيك,1
اية المهلبية دي يصحبي,1
الحديث قياس فيه الفضة و فيه النحاس,1
ده فاكر نفسه باشا و بيه كمان,1
حامل في السادس وماكنتش ملاحظ ده قبل الجواز طب وبالنسبة لليلة الدخلة.,1
الدنيا عاملة زى اوضة وصالة كل ما امشى فى حته الاقى ايمن فى وشى,1
مهما دورت ولفيت عمرك ما هتلاقي حد يحس بيك غير كرشك,1
فلوس ايه يا امى اللى احوشها من شغلى ده أنا مافيش فلوس اروح الشغل بكره,1
وراء كل رجل عظيم امراه تقول له انت لست عظيما,1
نفسي افهم مين الي نزل الكائن ده كتالوج الحريم,1
سنة أغسطس بيكون فيها فجوة زمنية مجهولة الأيام بتبقى تصاعدي ليوم 15 وترجع تنازلي تاني ليوم 15,1
اللصوص مفيش اتعس منهم الناس قاعدة في البيوت ولو حبوا يتوبوا فالمساجد مقفولة,1
اللي تعرف ديته اقتله,1
مبروك كسبت جايزة اوبل في الذكاء,1
هيورينا ايام اسود من قرن الخروب,1
"فينجر طلب مني الخضوع لاختبار قبل ضمي للأرسنال، في البداية وافقت ثم أجبته كما يلي زلاتان لا يقوم بالاختبارات""  😂""",1
فيه ٣ في القاهرة حابسين نفسهم في بيوتهم حد يقولهم ينزلوا علشان نكمل لمتنا.,1
لي قرا قرا بكري,1
انا خايف أن بسبب الحظر أضطر اتفرج علي مسلسل نبيلة عبيد,1
يقولو بلي تكري فإيبيزا ولا فالسات تستقاملك كيف كيف كيما هدا لوتال,1
شهر سبتمبر عدى منها خمسة عشر يوم فى ثلاث ايام فقط ياريت كل الشهور تتعلم منه,1
الدنيا مترو والشمال كتروا,1
بوتفليقة قالكم رايحين تعيشو في جنة,1
الجنرال شنقريحة شرا المباراة باه يلهي الشباب عن الحراك واضحة,1
ميزانية الفيلم ده ماتعديش التسعه جنيه ونص ويقولك ان السينما عندنا قويه ومصروف عليها,1
تعالي كل مكرونا وانسي اللي حصل من ايفونا,1
تبدلني أنا 90 كيلو شحم ولحم بزوج كيلو بطاطا,1
انا لو انخطفت وطلبوا ٥٠٠٠ ابويا هيقول اقتلوه اوفر,1
ايه ياخد الريح من البلاط,1
ياريتنا افتكرنا ربع جنيه,1
حوحو يشكر روحو,1
تونس باريس تذكرة بثمنين اورو الجزائر باريس تذكرة بسبعمية و خمسين وزيد تركب في طيارة شغل سوناكوم,1
ده حيتحفل عليه,1
اللى يشوف الفنانين من غير مكياج يلطم,1
الباب الي يجيلك منه الريح شيله وركب قبنوري,1
2019: كسول ومش مستفيدين منه حاجة 2020: مواطن واعي ومسؤول,1
هم يزعلون لازم ( تقدر ظروفهم ) انت تزعل عيب انت جدار شفيك نسيت,1
في ناس بتاكل فاصوليا بالعيش الكيزر الله يرحم,1
روح العب مع الاسد اللي هناك دا,1
حتى المثل اتقلب دلوقتى ل امشى عدل يحتار عدوك و صديقك فيك,1
[ عندك سلـف ] : سؤال يثير الرعب في المجتمع ويؤدي الى قطع الأرحام والتفكك الاسري =)),1
من كتر فلوسك تسلف بنك,1
فلان مقطع حصر الجامع,1
داخل علمي رياضة وفاكر نفسه فيثاغورث,1
كل يوم يعددي يثبت ان اسرائيل دي بلد شوربة واخدة قوتها فالإعلام وبس,1
يا نهار ابيض ايه التور ده..محدش يلعب جنبه,1
الناس لسه بتتجوز بردو لا حول والا قوة الا بالله ماحدش بيتعظ,1
اي حاجة باصي لميسي,1
الاسعار نار .. الله ينور يا سيسي,1
الزمالك فريق فاشل وعشان مباره فازها شاف نفسه علينا,1
كلها مسلسلات الخطف ديه كفاية ضحك ع الناس,1
شاهد ابو صلاح يحمل عجوز ويعبر بها الشارع الله على اخلاقك يا فخر العرب,1
القوالب نامت والنصاص قامت عجيبه,1
فاكر نفسك نجيب محفوظ دا انت اخرك بتاع لبوس وبتشير علي البلوتوث 😒,1
فعلا قال علمنى الهيافة قاله تعالى فى الهايفة واتصدر,1
ذهب ليشتري حذاء فوجد الناس بدون رجلين ههههههههههههههههههههههههههههههههههههههههه,1
شامم ريحه مؤامره,1
هوا أحنا دخلنا النار,1
هل تعلم ان البنت القصيرة ربنا عوضها في لسانها,1
مرايه الحب عمياء,1
احنا غلابه بس ساعة الشر بنتغابى,1
عندما تفقد الاحا قدرتها على التعبير لابد ان ياتي الشخير طوابير,1
انت ايه يابني كانو بيرضعوك تلج وانت صغير,1
ماتش صعب ايه بس ده الفرقه كانت بتقابل نفسها,1
ياخبر النهارده بفلوس بكره يبقى ببلاش,1
أنت ترجع الغيط !,1
وجهها مثل الركبة و تقول تحرش 😂.,1
كده كده يا زمالك الدوري في الجزيره 	 عامل فيها بطل وهو بتاع بليله,1
العيش والملح بتاعكوا عملت غسيل معدة ورجعتوا,1
عضو مجلس شعب عامل زي المعلقة الخشب لا بتجيب ولا بيودي,1
هاي السنة فش احلى منها 🤯😂,1
حسيتوا بالزلزال ولا مبقيتوش تحسوا بالحاجات الضغيرة دى,1
انتا عايش في الالالاند ولا ايه,1
يا الف بركة يا ريت متقرفوناش تانى بقى,1
لسانك حصانك صنه,1
السعودية : لا أعرفه ، لذا لن أضيفه .المصرية :ايه ده نفس كليتي ، يبقى لازم أقبله ، أنا نقطة ضعفي زملاء الدراسة,1
الدنيا عامله زى الراقصة اللى رقصت للناس كلها وجات عندى أنا وتابت,1
المانجا النعومي مفيش زيها ابدا,1
يا خارجة من باب الحمام وكل خد عليه خوخة,1
لاتبتسم لطفل في الطائرة إلا إذا كنت تنوي قضاء الرحلة في ملاعبته .,1
انتي فاكرة نفسك .ست,1
الحيطان لها ودان,1
لما تخلص المصالح الحلو يبقى مالح,1
اللي عاجبه عاجبه واللي ما هو عاجبه ينتف حواجبه,1
ضحكولو تمد على طولو  هههههههههههه,1
علشان حته بطيخ عمل مشكله وصريخ,1
يا عينى على الحلو لما تبهدله الايام,1
واحد قال لمو بغيت نتزوج بوحدة بيضاء وطويلة وخدامة قالت له خد الثلاجة,1
بحب العسل بس النحل بيقرص,1
اجمل حاجه للكره المصريه فى ٢٠٢١ ان البدرى انزاح يا ساتر كابوس,1
الشعر عنوان جمال المراه وهي جوابها باين من عنوانه,1
من قير كوكا لا تحدثني عل قاز هذا راه بيت شعري,1
روح يا راجل شوفلك حته ناشفة اقعد فيها,1
السبع جاب السبوعة,1
دا سايق بسرعة جدا فاكر نفسه طيار,1
منين ممثله محترمه ومنين ربنا يتوب عليها من التمثيل (المحترم )!!,1
لما تحفظ اغنيه وتمشى تغنيها فى البيت واهلك بقولك ده لو المنهج مكنش تحفظة كده,1
بكره هتكون زي شكوش وحمو نمره كلهم بداو كدا وهيتكون عندك لامبرجيني,1
الله عليك يا بلاص المفهوميه,1
اللي على قلبه مراوح ما بشوف هيك ولا هيك,1
فاكرة نفسها اينشتاين وراحة تخش علمي علوم,1
نجحت ف الثانويه العامه بالزق وعامله فيها دكتوره,1
اخد ابن عمى واتغطى بكمى,1
أسمع كلامك أصدقك أشوف أمورك أستعجب,1
عامل فيها بطل وهو بتاع بليله,1
الناس بتشتري لب ولا اكننا في العيد مش في اعصار,1
شفت دي آخرة اللي يجي علي الولاية,1
الديك الفصيح فى البيضه بيصيح,1
شابو للي بيتسحر زبادي وبينام,1
ولسا حضرتك ياما تشوف انبهارات,1
داااااااااك الزين تقوول مارادونا,1
السنه الدراسيه الجديده هتبتدي والامهات كلها مبسوطه وابناؤهم,1
صفر /عشرة كتير لو فريق من درجة ثالثة كان لعب احسن منهم,1
البنت اللي تركت حبيبها صار عندها الX .. بقي ناقصها الايفون,1
سبحان العاطى الوهاب من بعد الشبشب والاوبئاب,1
وانت بقي فيلسوف عصرك؟ ماتنقطنا بسكاتك!,1
الواحد بيفكر نفسه حويط وكتوم لحد ما بيلاقى 50 أو 60 بنى ادم بيسالوه عن موضوعه,1
الغاوى بنقط بطاقيته,1
الناس كلها خير 🙃,1
كل ما أشوف صورتي في البطاقة أقول مش مهم الجمال المهم الأخلاق,1
محمد رمضان أخذ الدكتوراة الفخرية يالا سخرية القدر,1
زي ما رحتي زي ما جيتي,1
هى الفلوس اللى اديتهالك خلصت؟! -على حسب هتدينى غيرها ولا هتتخانق معايا🙂,1
محمد صلاح لديه خياشيم ويتنفس تحت الماء,1
قالوا للحرامي احلف قال جاك الفرج,1
الإسماعيلى بيلعب بالمدربين وعمال النادى,1
اكبر خطر يهدد الانسان في هذه الدنيا هو الانسان,1
كسم الضحك,1
نادي الزمالك نادي الوطنية والكرامة,1
لأول مرة الصين ناس ملاح صنعو المرض و اللقاح,1
والواد ده عبقرينو بجد,1
الى يعوزه البيت يحرم على الجامع,1
ظهرت معزاز كبير,1
هي اللي فالصوره دي عامله مظاهره عشان تتجوز ياخي من بختنا الأسود,1
البيت ده طاهر وهيفضل طول عمره طاهر,1
تعويره الوش مفيهاش معلش,1
ياعم انت فاكرني جدو اول ما انزل هجيب جون,1
دا انت هزارك عسل,1
اعطي الريح لرجليك,1
السوشيال قربت كل العالم من بعضه الا العرب فرقتهم,1
و جاي علي نفسك و صاحي بدري أوي كده ليه,1
مبقاش عندى خلق اكحلها أنا حاليا يعميها على طول,1
كوكب اليابان ❤️ حد يجيب مجلس الوزارء يفرجهم ع الموسم ده,1
ماشاء الله عليكوا بتقنعونا كل مدى ان اللقاحات زي عدمها شابوه بجد,1
ده فاكر نفسه احمد زويل ههههههههه,1
خلي بالك يا ريس المرة دي التالته تابته,1
بيقولك مصر فيها اتنين طه حسين عميد الادب ومرتضى عميد قلة الادب,1
مبولحي اذا دوش تسما راهو يبذر فالماء,1
اطفي نور الأوضة وولع شمعة هتلاقي خيالك فضفض معاه,1
اللي مستني امل قوله أمل اتمسكت علي الدائري,1
لا عاوزين تنجحوهم ولا عاوزين تغششوهم ينتحروا يعني,1
قالوا للحرامي احلف قالهم وحياة قلبي وافراحه,1
متبقاش خنزير و تتنمر علي اي حاجة,1
انت هتصيع على مين ياض,1
جا يكحل لها عماها,1
احنا اينعم حالنا زفت ومفيش صحةولا تعليم ولاقضاءولااقتصاد قوي بس ثانكس جود مساحة دولتنا اكبر من مساحة دولة الكويت,1
الامور منيحة و النفسية اعلى من هيك فش,1
دى فاكره نفسها صوفيا لورين,1
عمل زى اللى رقصوا على السلالم لا اللى تحت شافهم ولا اللى فوق سمعهم,1
النجار اللى عمل الشبابيك اللى فى الشقه عندك سبعه صنايع والحظ ضايع,1
عادل امام في حنفي الابهة حاجة رهيبة,1
هذا وش راه يدير ، حاط روحو حمّة,1
عيش حياتك واستمتع بيها ساعه الحظ ما تتعوضش,1
انا مش هعمل دايت عشان ده يعتبر رجيم والرجيم اسم من اسماء الشيطان وده كفر نكفر يعني ولا ايه,1
جميل بصراحه عندنا الولد يبقي 25 سنه ويرفع رجليه ع الحوض علشان يتوضي بالعافيه 😂😂😂,1
الناس اللي فاكرين نفسهم محور الكون دول طيبين اوي,1
"يقولون ان الزواج كبرميل العسل اوله عسل و اخره مر , اما ان اعتقد اني بداته من الأسفل",1
احنا تفوقنا علي امريكا بالاهتمام باولادنا في الخارج,1
تبع الكذاب لباب الدار,1
عليا الطماطم انت صح ياض,1
يا عم أصاحب مين ده عشري باع ابراهيم,1
أحنا خرجنا من مرحلة وغي المواطن لمرحلة جدعنة الفيروس,1
ده عاملى فيها ابو العريف,1
بتحذرو بعد ايه مصر كلها عندها دلتا,1
يا جمال صوتها دى ام كلثوم زمنها,1
روحى الهى وانت جاى يصدمك تورماى,1
كان القرد نفع نفسه يسطا,1
الل ياخد المقصد بدون نية الهي تركبه جنية,1
الحب في القلب زي عضة الكلب,1
الواد دا حكايته على الله,1
خطوبه يومين علي البحر قليل,1
انت فاكر نفسك بروس لي,1
السبوبه خلصت الناس روحت من الساحل وصرفو فلوسهم خلاص .. نرجع بقي ندور ع سبوبه الشتاا عشان ده اكل عيش ياعمنا,1
رياض محرز  ينقذ سمكة من الغرق، الله على اخلاقك يا فخر العرب,1
مستنين شهر أبريل عشان يكذبون فيه على أساس أنهم ملايكه طول السنه,1
متلمي نفسك إنتي وبنتك يٱولية,1
لا الشعب المصري الصراحة ناقصها بس الايفون iPhone 13 Pro Max,1
سنة 2020 فاضلها تنين مجنح وتقفل علي كدة,1
طيب خد عمك حسام البدري فى ايدك و مسمعش صوت حد فيكم,1
يبني البلد دي لو فيها خير مكنش ربطو الكبايه ف الكوردير,1
طب مبلاش سيرة قفشه عشان فيه بوابين هنا وبيتخضو,1
تقريبا العروس مكنتش مصدقه انها ها تتجوز,1
هيموت ويلعب و يكمل ف العزبه خايف اليغمه تروح عليه,1
غدوة نشاء الله نوض على جيبوتي تاع صباح,1
كل يوم يركب الموصلات العامة وينتقدها مش عاجبك اركب تاكسى او روح شغلك بالطيارة بتاعتكوا,1
شهر مايو بداء استعدوا بقي لليفل الخامس,1
كلام الناس لا بيقدم ولا ياخر كلام الناس ملامه وغيره,1
ليه هو مفكر نفسة مجدى يعقوب ...ايه ياعم!!!,1
محدش يصدق الحضري الواد ده ده ممكن يبيع خطه اللعب للفريق المنافس,1
قالك رئيس المغرب هو أمير المؤمنين تاع هذا الوقت 😂,1
جايب 5 من  10 في الامتحان ده انت تيجي تذاكرلنا بعد كدة,1
هل تعلم أنه عندما يغضبك أحدهم فأنت تستهلك 42 عضلة للتكشير في وجهه،بينما لا تحتاج أكثر من 4 عضلات لتشمطه كف,1
اصبر يا عم علينا على الفلوس اللى ليك عندنا هو احنا هنطير,1
الف مبروك للسباح المصري حصوله علي المركز الثامن من اصل تمن مشاركين الحمد لله انه مغرقش,1
دمه خفيف أوي,1
وصلنا لمرحله  ان اللي يسوق جالس يطقطق بالجوال   واللي جنب السواق منتبه للخط😱😰🔫,1
دي موضه وقولنا عااادي بس بس تقفلوا البلكونه وتفتحوا البدروم ينفع ....,1
اغلب الابراج مسمينها ب اسماء حيوانات لأن مايصدقها الا الحيوانات,1
الواد دا فاكر نفسه جهبز,1
بعض الأشخاص يمتلكون رؤوس لا يستفيد منه إلا الحلاق,1
انت مفكر نفسك ابو تريكة ولا ايه,1
عملت ايه يا شب الناوية,1
انسهل التلفون,1
كلمة يا ريت ما بتعمر بيت,1
ال تحسبه موسي يطلع فرعون,1
اقسم بالله انتوا شعب بتحبوا الشو دي سمكة تونه,1
نبقي نعمل الدايت فالاخره بقي,1
لا وانت الشهادة لله وفي اوي,1
عامل زى ابو الفراجين معندوش يا اما ارمحينى,1
نحن نختلف عن الاخرون خالص,1
دا فاكر نفسه جاستن بيبر,1
انا نفسي اروح مكان ميكونش فيه سرنيخ ابن يومين,1
كاليتي شغل ماتش مرسوم بطباشير,1
الحضري السد العالي,1
اكفى القدر على فمها ..تطلع البنت لامها,1
حسام البدري بياخد ٨٠٠ الف في الشهر بيلعب ٥ ماتشات في السنة بيتعادل منهم ٤ يعني النقطة واقفة علينا بمليون ونص,1
في منك على موز,1
الله يخربيتكم خلتونا زي الغفر بتاع الدورية في عيون اجوزانا,1
اللي بيته من إزاز ميحدفش الناس بالطوب,1
الماء والخضره والوجه الحسن,1
لا تكثري اكل عشان ما تصيري دبة,1
شد عليه السفون,1
حارس المرمي يشعر بالملل مع خمسه أخرون,1
فهمو ع قدو,1
تروسيكل بيتحرك لوحده زمن الهلس بعينه احنا ف بحر الهلس واللهي اخوالنا,1
كان ديكان يعيشان في سلام حتى ظهرة دجاجة,1
انت لا محصل رونالدو ولا ميسي,1
الغريب اعمى ولو كان بصير,1
أصعب  شعور لما تسال سؤال في قروب ومحد يرد عليك وبعده يسولفون بموضوع ثاني يجيك احساس أنك لمبه بالحووش مشغلينها الظهر,1
انت شايفني كيس جوافه,1
ويندوز احسن نظام تشغيل بالدنيا,1
ايش تعمل الماشطة فى الوش العكر,1
يوم القيامة يوم الجممعة الجاية,1
ساصدق قزانة الدشرة و مانامنش اتصالات الجزائر استغفر الله العظيم,1
حنا الماليك تعنا يعطينا البنان عاش الماليك هههه,1
موهبة مظلومة تستحق الظلم أكثر,1
المسلسلات الهندي دي ميتزهقش منها خالص واحداثها سريعه,1
سعادة بطني أولا ثم سعادة الناس,1
عادت ريمة لعادتها القديمة,1
دة فاكر نفسة دييغو مارادونا,1
مافي حدا مثله يضحك عليك,1
دا واد خلاصة كييف مصاصة,1
هوا ينفع المية ترجع لمجاريها يا حج . ينفع بس هترجع وسخه,1
المية تكدب الغطاس,1
طالما البرص مشفش الشبشب هيفضل فاكر نفسه تمساح,1
قليل البخت يلاقى العظم فى اللحمة,1
ياويلكم ياويلكم ب برنس الفصول وفخر المناخ وهبة ميل الأرض عن محورها,1
وفد بحالوا لوقف شاكوش .... نحن دائماً نجعل من البرص تمساح,1
احترس من قرني الثور وحوافر الحصان وابتسامة بعض الناس,1
الي يحبك يبلعلك الزلط والي يكرهك يستنالك الغلط,1
برضك هنتجوز تاني من بتوع لبنان هات اربعه يبني من بيروت,1
وعرفت ازاى انك فقدت الشغف مابقاش عايز اجيب السياره الراقصة,1
فاكر نفسك عبقرى,1
قال يعنى الريح حتبقه نسمة لو الشجر ينحنى,1
مع احترامى لكل انواع الكافيين ومشتقاته بس مافيش حاجة بتسهرنى زى خيبتى,1
صبح على اى رجوله ومسي على كل الناس,1
هالشب أطول من يوم الجمعة,1
"مايقهرك إلا الصراف يوم تسوي كشف عن الرصيد يطلع 0,26 ريال ويقولك : هل تريد إجراء عملية اخرى ! يعني وش بتعطيني علك طلع البطاقه طلعت روحك",1
ايه يا واد الذكاء دا كله,1
تسلم النحلة اللى جابتك ياعسل,1
ماتاكلش دماغي أنا مش ناقص,1
العرب ظاهرة صوتية غير موزونة وغير مقفاة.,1
كنت حاسس نفسي بتفرج علي الجونه وحرس الحدود اقسم بالله,1
عارف لما تكون لوحدك بالليل وتحس أن فى خيال وراك وتلف ومتلاقيش حاجه دى بختك اللى ملازمك فى كل حته,1
فى ناس لو الأرض انشقت وبلعتهم  الأرض هيجيلها تسمم,1
دق الطاسه تجيك ألف رقاصة,1
ما يبقى في الواد غير حجارو,1
الحمد لله ماعدت بحاجه لعلاج الضغط والسكر مروان محسن مشى من الاهلى,1
الحمدلله ايفون 8 كدا سعره هينزل ابقي اجيبه بقي,1
سيبك منه يا عم ده يومه بسنة,1
ايه الجو النار ده أمال هنعمل ايه في يوليو وأغسطس,1
المرتبات الكبيرة دى بتاعت العيال التوتو أما صراع البقاء على قيد الحياة لاخر الشهر ده للرجالة,1
قال للاعبين ما تقابلونيش كي المخطوبات,1
الجهاز هون كثير ممتاز و ما بعلق ابدا، صرلي ساعة بستنى,1
فري فاير فاكرة نفسها احسن من ببجي,1
نافخلي نفسه وعاملي فيها جاكي شان,1
مؤكد العربية ديه حتنطلق للخلف بتوجيهاتكم,1
جت الحزينه تفرح شغلت شريط حكيم وقعدت ترقص,1
الليمون اللى هتعسره ع نفسك بكام,1
متعمليش فيها محمد صبحي يا عم انت,1
هو أنت كدة عايش؟ يا بني دا أنت ميت بالحياة,1
الحكم مدي 3 سنين وقت بدل ضايع,1
وهناك من يمشي بثلاث فردات من الأحذية اثنتان في رجليه، وواحدة في رأسه,1
من كتر بطولات الزمالك مش لاقى مكان فى النادى يشيلهم فيه,1
ملقوش فى الورد عيب قالوا ده احمر الخدين,1
أكيد نفخت عند عجلاتي .. أصل ده مش شغل دكاترة تجميل,1
استمرارية القهوة لا تعنى حتمية الفوقان,1
"لإَ تنخدُع في منظر إَلنإَسُ يإَخۉۉڪْ شف إَلبحَ‘ـِـِر .. شڪْلـہۧ حَلۉ بسُ .........  مإَلح .!""",1
اكيد الشيخ اللي قال الفتوى دي مراته قارصه عليه حبتين,1
اشتري دماغك وفكك يا ريس,1
زى الديب طبعه غريب ان شفته هرب وان ماشفته وثب,1
أصوم أصوم وافطر على بصلة,1
حاضر ماشي هتجوز بكرة خطوبة وبعد بكرة هتجوز,1
ماشالله حسام البدري اللعيبه اللي من دهب معاه تراب,1
حاسب روحو عنتر زمانو   ههههههههههههههههههههههههههههههههههههه,1
محمد صلاح فخر العرب,1
يلي حظها قوي بتجيب البنت قبل الصبي.,1
قبل ما تتكلم على عيوب الناس ابقى خدلك لفه على نفسك الاول,1
الاكل فى الشبعان خساره,1
دى فاكره نفسها الام تريزا,1
عارف سعر ايفون اكس بكس فيكس شيكس كام,1
راك تفكر روحك اديسون,1
يخرب بيت خفة دم ابوك وامك اللى جابوك,1
جوعه وراحته ولا شبعه وصواعته,1
تقول تجري موراك الكلاب,1
الجواز زى الحمام الى جوه هيموت ويخرج والى بره هيموت ويدخل,1
كله حمله امال مين اللي هتيضرب,1
ظهور جزء جديد في ذراع الإنسان تصريح طبي جديد ده يعني الدراع بينبت نسقيه,1
ده بني ادم ما يعرفش طز من يفتح الله,1
عندما تخبئ السناجب الاكل فوق الشجر للشتاء تأتي الزرافة برقبتها العالية وتسرقه وتأكله ولذلك سميت زرافه لانها تزرف اكلهم  معلومة من كيسي,1
الـتـثـاوب: هو طريقة الجسم   في التعبير على أن 10% من  البطاريه متبقية,1
طلبت نملة من فيل استعمال المايو فرفض لأنه اعتقد أن النملة ستوسع المايو ههههههههههههههههههههه,1
عام الجيفة يسمانو الكلاب,1
اللي يموت يوصيك باولاده,1
فينيسيوس أفضل لاعب فى المجره,1
انا مليش في اللف والدوران,1
العنزة الجربانة ما بتشرب الا من راس النبع,1
ده ميعرفش اي بتنجان خالص,1
فى ناس زى النسكافيه ثلاثة فى واحد يتكلموا معاك وعنك وعليك,1
لابق للشوحة مرجوحة ولام بريص قبقاب,1
ماطار طير وارتفع الا وكما علا وقع,1
سيبك منه دا في الكنافة,1
هذاك العبد راهو حاسب روحو رومبو,1
ممكن أتدخل فى حياتك الشخصية طبعا اومال ادخل تعالى كلهم جوا,1
الناس كانت بتخاف ع الكوبايه وبتربطها ...الحمد لله عدينا المرحله وبقوا يشيلوا الكولدير كله,1
يا افلاطون,1
تشرق واحنا فى القصور وتغرب واحنا فى القبور,1
محمد رمضان واخد الدكتوراة ف الضحك,1
نفسي اعرف بنت و اقولها كام المهر تقولي يا رجاال عيب مو بينا,1
صاحب الحق سلطانا,1
لا تفتخر اذا كان لديك اصدقاء بقدر عدد شعر راسك فعندما تحتاجهم ستكتشف انك اصلع,1
ياما في الجراب يا حاوي,1
محدش شاف ترامب يا جدعان ؟ أصله كان بيقول انه متفوق على بايدن في الاصوات,1
رايحه فين ياحلوه رايحه احيب اومو,1
أنا وحظي متفاهمين جدا أنا اعلم أنه سيئ وهو يعلم أني لا اعتمد عليه أبدا,1
الى مايحب النسوان الله يبعتله عله,1
لا يقدر علي البايرن إلا الله 😂,1
ده عامل نفسه عبده العبيط 😀,1
قالو يا بنت لو كنتي وحشة لازم تحاولي تكوني نغشة,1
فما واحد بخيل جدا عرس مشى لشهر العسل وحدو هههههههههههههههه,1
راك تلعبهالي رومبو,1
دة عامل فيها تامر حسني,1
نفض يا مان كبر ايزى ايزى,1
مروان أسطوره كروبه تستحق أعتزال كره القدم,1
اللهم طولك يا روح,1
لسانك سباب بلاك,1
ياللي بلاصص عضه اسد ولانظره حسد,1
حارتنا ديقة ومنعرف بعض,1
سكران يضرب في ميت لا الأول داري ولا الثاني حاسس به,1
ده فاكر نفسه عمر دياب,1
أشعر بالوحدة التي شعر بها أخر ديناصور قبل انقراضه,1
ياكل في في الغلة و اسب في الملة,1
كي كان حي مشتاق تمرة وكي مات علقولو عرجون تمر,1
تسمع كلامه تقول ميسي تشوفه ف الملعب تلاقيه طارق حامد,1
راك كي الشمس ضويتلنا الحالة,1
علي فكره احسن من علي سهوه,1
ترامب دا لو فى منه اتنين العالم كان مات من الضحك,1
ابوي  لو يبنشر الكفر معي   قال من هالتضليله اللي انت حاطه “̮,1
خلصت الاكل كله وف الاخر هفتانه,1
دراسة طبية أن الحشيش بيعالج الكورونا,1
ليست المشكلة انى فائق الذكاء ولكن انى أقضى كثير من الوقت فى حل المشاكل,1
و سعاد حناكة هنا عايزة 100 الف جنيه مهر,1
ابوها راضي ، وانا راضي وانت مالك يا قاضي؟,1
اللي يقول الايام تمشي بسرعة جرب تطفي النت يوم وشوف,1
التفكير في اللي ضاع مايجبش غير الصداع,1
انت اكيد مش انت وانت جعان ، كل كويس احسنلك,1
أبوك البصل وأمك التوم، منين لك الريحة الحلوة يا مشؤوم,1
اما انتو جريده فيها هيافه استغفر الله العظيم,1
المصريين للسيسي احنا اللى اكلنا الجبنة,1
يا داخل بين البصلة وقشرتها ما ينوبك إلا صنتها.,1
أحب في الدنيا ثلاث.. (أمي ـ ماما ـ الوالدة),1
اطبخى ياجاريه كلف يا سيدي,1
و ده الزمالك اللى منيم أفريقيا من المغرب بس هو مجهد شويه,1
الله ونعم الاختيار مصر البلد اللي مفيهاش فساد طبعا فلازم تستضيف هذا الحدث العالمي,1
اللي يعمل خده مداس يتحمل رزالة الناس,1
فيفي عبدو الام المثالية,1
ولاعة محمد صلاح مش عايزة تولع خايفة على صحتنا  الله على اخلاقك يا  فخر العرب 😂?😍,1
الحلو حلو لو قايم من النوم والوحش وحش لو غسل وشه كل يوم,1
عندما أتذكر أن هناك فتاة أدين لها بخاتم و مبلغ من المال تلقائياً أشعر بالنعاس.,1
الفنلات الحمالات دي بقيت بموت فيها بسبب جوزي قاعد بيها ليل نهار,1
الرئيس ترامب افضل رئيس موجود على مجرة درب التبانه,1
ومالوا براحتك يا كبير هو أنت حد هيحاسبك,1
ده فاكر نفسه عمرو موسى,1
ارسل دينارك و اقعد في دارك,1
مبروك يا شمشمون انت عملت حاجه ملهاش اى تلاتين لزمه,1
براحة على نفسك ليطق لك عرق,1
شكلك فاهم يا نصه,1
ده فاكر نفسه نجيب سويرس,1
ياداخل بين البصله وقشرتها حط قطرة علشان هادمع من ريحتها,1
لاعب كره مخلص يسيب النادي بتاعه ويروح نادي اصغر علشان المرتب اعلي,1
سلاما على من احبونا رغم عيوبهم قصدك رغم عيوبنا لا احنا مابنغلكش,1
دي اشكال راح زمن الفن الجميل فين ايام حمو بيكا,1
الي يتلسع م الشوربه ينفخ في الزبادي,1
صاحبك الحقيقي هو اللي تقوله يا حمار يقولك نعم,1
عظيمة يامصر اختراع جهاز الكفتة لعلاج الايدز,1
الجواز ده عامل زي الحمامات العموميه,1
ده واحد ما يعرفش كوعه منبوعه,1
عايز حد يفهمنى ازاى يبنو مستشفى فى اخر الدنيا يعنى الناس اللى عايزة تدخلها هتطير,1
ليلي طاهر والله افتكرتها ماتت سبحان الله ... انتي ليسه عندك شروط كمان,1
اتغدى بيه قبل مايتعشى بيك,1
اسمحلي أتدخل فى اللى ماليش فيه انت يستأذن ياجدع اتفضل ده كلهم جوا,1
يا عيني عالادب والأخلاق اللي بتنقط,1
اذا كان الكلام من فضه فالسكوت من بلاستيك,1
يا مخلف البنات يا شايل الهم حتى الممات,1
قصقصي ريش طيرك قبل ما يلوف على غيرك,1
اوركني واصدر نفسك وأعطي الغشيم الاجنحه,1
غلطه انك تدخل الحمام وتنسىٰ جوالك بالغرفة ابو الملل ! مالك إلا تقعد تقرأ فوائد الشامبو,1
هل تعلم أن عقل المرأه يستطيع الاحتفاظ بالأسرار كحد أقصى لمدة 48 ساعه !!,1
الشاب السعودي لو تدق عليه شغاله بالغلط عادي يرجع يدق عليها ويقولها : ترا ارتحت لصوتك وانتي غير عن كل الشغالات ☺,1
الحلو حلو من يومه حتي لو قايم من نومه,1
الاهلى والزمالك دايما يناقروا فى بعض ناقر ونقير,1
اضحك يعني ولا اقول لامك ايه دلوقتي,1
كل يوم رايح جاى يسخر من الناس وهوه مسخرة,1
الطفل المصري اذكى طفل فى العالم,1
دي دموع تماسيح,1
مالقوش العيش ياكلوه جابوا لهم عبد يلطشوه,1
انتم تقريبا بتوصلوا رسالة للشباب الايام دي. اختصارها بلا تعليم بلا زفت.,1
شيكابالا : لا تبكي ياابن شرقي سنعود العام القادم ونبكي جميعا,1
قالوا زمان ان جنوا ربعك عقلك ما بينفعك,1
كلها شهرين وتطلق ونشوف احلامك واحلامها ف محكمة الآسرة,1
الفرقه التانيه نايمه ورا مش بيتطلع من نص ملعبها غير قى حالات الطوارئ 😂,1
النادي دا ده أصيل بجد..الدنيا حواليه بتتغير وهو موقفه ثابت مابيتغيرش,1
الجعان يحلم بسوق العيش,1
مش ممكن بجد انت ازاى كده دمك سم !,1
ياعم رمضان صبحى يغور َوجوده زي عدمه,1
اخطيك من دار النساء,1
العيون البصاصة تندب فيها رصاصة,1
قشدة يابت تسلم البقرة اللى خلفتك,1
قسما برب العزة انت يا شاكوش اخرك تشتغل مبيض محارة بعد احترامى طبعا ليهم,1
الحجم حجم النملة ويعمل عملة,1
ياعيني عليه يبقي غلطان ويجي يقولك صالحني ، اسمه الحقيقي قموصة,1
وصلت مرحلة إذا أحد سألني تروح معاي لازم أعطي بطارية جوالي نظره لأن هي اللي تحدد,1
لول انا  مكنتش عامل حسابي  اعيش لحد دلوقتي 😂,1
ايوة عارفه بيزيل الصداع ويجلب الحبيب واكل الزبيب ورد المطلقة والعيشة السفلقة وكفته بالبهارات وانت اقوي م المخدرات,1
سمير ده كل ما اقوله هات الفلوس اللى عليك ، بيقولى بتقول ايه، عامل فيها اطرش,1
نحن الجميلات علينا أن نتظاهرَ بالغباءِ حتى لا ينزعِج الرجال,1
بيقولك الصفقة الاولى للزمالك عمر كمال و في انتظار حسن شاكوش و حمو بيكا,1
ماشالله عنه هالولد طالع ذكي,1
أصعب فراق هو فراق الوسادة صباحا,1
فلورنتينو بيريز رايح يعطي كأس شامبينز ليڨ للخليفي باه يخلي مبامبي يرح لريال,1
الناس كلها يتمشى فى الشارع تلاقى فلوس إلا أنا يمشى تلاقى مشابك,1
طول العشرة تعرف الذهب من القشرة.,1
يسخايل روحو رونالدو و هو ساقيه الزوز يسار,1
الصديق الوفي هو الذى يختفى عند الحاجة الية,1
سلاح المرأة لسانها فكيف تدعة يصدأ بعدم الاستعمال,1
صاحبي ده يقولي انا خلاص دقيقتن واكون قدامك فعلا دقيقتن ويكون معايا,1
الراجل الخايب خلفته كتير والبطيخة القرعة لبها كتير,1
الولد ده فى الذكاء زى ابوه هذا الشبل من ذاك الاسد,1
الواد ده ذكي اوي لابس التيشرت مشقلب,1
طاجن محمد طاجن بيبدع ف الملعب,1
انا عراف ان الشخص ده مش هيجيبها البر,1
ساعدوا اللي مش لاقين ياكلوا الاول,1
فى ضهرك فى ضهرك كلام زي السكاكين وف وشك أولياء الله الصالحين,1
رمضان نايتس ده بتاع العيال التوتو انما احنا عندنا اكتئاب نايتس,1
كان كورونا بدا في تونس راو اللي يمرض يهزولو حارتين ياغرت و يطلو عليه رانا انقرضنا,1
كون ماشي قطعو الانترنت في لوتال جيبوتي تربح الجزائر ههه,1
ده مش هيديك حاجه وهيقولك جحا أولى بلحم توره,1
أسوء أكل بعد أكل مال اليتيم,1
فرق كبير ان البنت تحط علي وشها بودرة وانها تحط وشها في البودرة,1
المصريين في الفهلوة مفيش زيهم,1
عادي يعني بكره هنسمع انو خرج بكفاله 2 مليون جنيه ولا حاجه,1
والله لو ضميتوا، اللعيبه، كلها مافي فايدة برضو,1
لقد مرت علينا كل الظروف الا الظرف اللي فيه فلوس,1
جت الحزينة تفرح ملقتلهاش مطرح,1
واش داك للواد يا الزيتونة,1
مش دايما السكوت علامة الرضا ممكن اكون ساكت بس بشتم فى سرى,1
الفوخ و الزوخ و العشاء قرنينة,1
ده فاكر نفسو يونس شلبى,1
هتقولهملى نيللى هقولهم ليك شيريهان,1
هو انا الوحيده إللى مبهتمش بالتليفونات ولا عشان انا شحاته مبشغلش بالى,1
ديك المشية و الزين تقول بيونة,1
بلاش شوقي غريب والنبي مش ناقصه مرض والله,1
اقوى فريق فى الدورى بيقدم ضحك هو الاسماعيلى,1
هقتله واديك رنه,1
الف مبروك الانتصار لفريقنا، مدرب الفريق الثاني ماخذ وضعية سوي نفسك ميت !,1
زي اللي رقصت على السلم، لا للي فوق شافها ولا اللي تحت شافها.,1
تعيش عمرك كله تشتغل وف الاخر بتاخد حاجه عنب,1
ديه فاكره نفسها هيفا وهبي,1
اه منا لو كنت بنت كنت رديت عليا,1
لما دول عندهم عنوسة أمال المصريات هتقول إيه,1
لو مش عاجبك طبعى روح اطبع عند غيرى,1
شركة فيسبوك اكثر شركة بهتموا بالخصوصية,1
فشلت في التمثيل ومقضياها فساتين ومهرجانات يارب ربع حظها,1
اللي ياكل ببلاش ما يشبعش,1
انت داير بحال الريشة وحاس براسك بحال باتيستا,1
بتعيط ليه؟ اصل افتكرت امتحان كده,1
شنجن تدخلنى مدينتى ولا ليها فيزا لوحدها؟,1
فيفي بتعمل نفسها هابله عشان تتجنب قضيه تحريض على الفسق,1
وحيات امك خف تعوم عندى الناس كلها سواسيه,1
فين بقى الرقابة الإدارية من أموال النادى الأهلى ولا هو حاميها حراميها,1
كان الديكان يعيشان فى سلام حتى ظهرت دجاجة,1
الرد المتأخر زي الأكل البارد يسد الجوع بس ماله طعم,1
ديل الكلب عمره ماينعدل لو علقوا فيه قالب,1
بص انت لازم تفهم ان ان كان حبيبك عسل متلحسهوش كله,1
ياخبرالنهارده بفلوس بكره ينزل عليه أوكازيون,1
هى دى الاخبار الحلوه قبل المدارس ندفع المصاريف وبعدين بخ,1
لمآ ترمي شيء من بعيد ويدخل بآلزبآلة تقعد تنآظر آللي جنبك النظره الاحترافيه,1
بيشتغل تلات ساعات ويرجع يقول تعبان مش قادر,1
الادويه اليومين دول بتزود المرض,1
العالم: نبذل ما بوسعنا لإيجاد حل لأزمة الفيروس المصريين: الريأكت مش شغال عندي,1
مكسح طلع يتفسح قال بفلوسه,1
عاش يتمنى في عنبة مات جابولو عنقود ههههههههههههههههههههههههههههههههههه,1
كل الى فات حماده وكل الى جاى حماده تانى خالص,1
الواحد شاف ايام اسود من قرن الخروب,1
هاروح اتحزم وأجيلك🙂أحلى من الشرف مفيش,1
فاكر نفسك شيكابالا,1
جاء يسعى ودر تسعة,1
ولد الفار حفار,1
الزمالك دا اصيل الدنيا بتتغير حواليه وهو ثابت مكانه,1
انت واخد في نفسك مقلب,1
يا عم ده جلده ومش بيطلع جنيه,1
جرى ايه بروح امك,1
لما تدخل اداب وتسقط وتحول حقوق وتسقط فتحس ان جمال عبد الناصر مبسوط منك اوى,1
السياسيون مثل حفاضات الأطفال يجب تغييرهم باستمرار ولنفس الأسباب,1
مصر هى البلد الاولى فى العالم فى تصنيف التعليم ولا عزاء للحاقدين,1
عارف ليه غلو تذاكر المترو؟ علشان الشمال كترو,1
هتعرفو تعالجو مو صلاح ولا ناخد ابننا نعالجه عندنا في القصر العيني,1
جاتكم قرف بقا قرفتونا بالتعليم بتاعكم بجد,1
ابن الحكومة اذا صادقنه اكلك واذا عاديته هلكك,1
حرام اخدت اللقاح وجاتلى كرونا بسببه,1
المحن اشتغل اهوة وبعد كده هيجرو ورا بعض بالشبشب,1
اذا كان اللي بيفهمك سابق اللي بيحبك بخطوه.. و اللي بيطمنك سابقهم بمشاوير : احسب سرعة وصول اللى هيخزوقك,1
وخلى الساعه الرولايكس كمان تضرب منبه يا عم الخطيب,1
شد العمة شد تحت العمة قرد,1
علي وضعك يازميلي,1
اللى معاه قرش محيره يجيب نجمه ويعمل احتفال بخسارة الدورى,1
طيب كويس اجي بقا لأني عفنت في مصر,1
النادي دا أصيل جدا طول عمره ف مكانه,1
شيكابالا لاعب منفوخ على الفاضي زي البالونة المنفوخة هو,1
فاكر انة هيعرف يخلص الشغلانة بسرعة .. موت يا حمار !!,1
شابوه يوسف الشريف بجد,1
بيوزعوا سيجاره فرط مع بلح و علبه عصير و مولتو علشان يكون كسب ثواب الافطار كامل,1
انت عملت من البحر طحينة,1
ال سابته الهانم تاخده مساحة السلالم,1
رياض محرز لبس لتايلور الحجاب الله على أخلاقك,1
البنت دى جامده الله عليكى قمر 14 يابنتى,1
محسسني انك اخترعت الذره يعني,1
كريمات كريمات كريمات وداعا للتجعيد,1
كنا فاكرينه موسى طلع فرعون,1
رمضان بيه بيحب يقف على الكوره عندكو حد عيوطه والا نجيب حازم امام,1
لو باض الديك بدل الفرخة هعديك,1
استحي ده حتي عبد الناصر ما سواها,1
الناس خايفة من كورونا والاذكيا مش عايزين ياخدوا اللقاح,1
لو انت لمستها هحطك تحتها,1
بقينا فى زمن النسكافيه هو الحاجه الوحيده اللى بوش واحد,1
انت مفيش منك اتنين ولا يمكن يكون,1
مين البنات دول ..من انهى مجرة,1
دى فاكرة نفسها كلوديا شيفر,1
استـريحـي يـا أثيوبيـا ، استـريجي يـا الصـومـال ، جووو الخليج يـذوب النعــال xD,1
وزير الأوقاف على ما أزمة (( كورونا )) تخلص هيكون طرد كل الأئمة ... محتاج خازووق خشبي ..,1
والله يا اخويا الواحد عنده زهايمر من الان,1
الطالب الفاشل هو الطالب الذي يمكن أن يكون الأول على فصله، لولا وجود الآخرين,1
اراء الناس دي كلها جايبينها من الكابنيه,1
حوش يا ولاد هموت من كتر الضحك,1
من يبحث عن امرأة طيبة وذكية وجميلة يبحث عن ثلاث نساء,1
انت عارف يا ريس الشخص ده جزمته بعشرة من عينتك,1
برة وجوة فرشتلك وانت مايل ايه يعدلك.,1
الغباء هو المرض الوحيد الذي لا يتعب المريض وإنما يجلط كل المحيطين به,1
اخوها ياسمين دا عامل زي الست اللتاته ال محدش طلب منها تتكلم ولا تقول رأيها,1
الاستاذه نيللي اللي فورمتها مظبوطه بالمللي,1
السؤال مين بيدور اللعبة,1
انا الذى نظر الاعمى الى ادبى فالحمد لله انه اعمى,1
جوزيه مورينيو من يريد المتعه فاليذهب الى السيرك نحن هنا نلعب كرة قدم,1
المديره دى صعبة خالص طبلها علشان تعدى يومك,1
مزاجي عال العالي، احسن من هيك فش,1
الاهم من انك تواصل السعى أن يكون ليك حد تقيل شغال فى حتمية الوصول,1
الرجاله ماتت في الحرب,1
المتعوس متعوس ولو علقوا علي باب بيته فانوس,1
انت و الرياضيات زوج خطوط ما يتلاقاوش,1
على قد ايدينا و ماحدش ليه خير علينا,1
أين الفتاة التي أقسمت لك بالبقاء، أنها أونلاين تقسم لغيري,1
سبحان الله ميسى فى الملعب عامل زى القطط بسبع ارواح,1
صاروخ الفضاء المصري اطلق عام 1970 ولم يعد حتى الان,1
حاط روحو حاجة كبيرة,1
لو لقيتنى عملتلك كومنت على بوست او صوره اعرف انها عجبتنى لدرجه انى اتحديت كسلى وحركت صباعى عشان خاطرك,1
بيقولك موجة كورونا الجاية بقت معوية يعني هنلبس بدل الكمامة بامبرز,1
بس عامل فيها أسد علينا,1
يا بن عمي روح نقص شوية راك تبان كي الدب,1
قسما بالله الجزائر تعمل مننا بطاطس محمره,1
رايح يساعد الناس كلها كان ساعد نفسة اصل باب النجار مخلع,1
الشاطرة ديما تغزل برجل الحمار,1
يعطي الحلق للي بلا ودان,1
داك الزين تقول مهند,1
نهارنا ابيض ان شاء الله,1
عاش يا وحش فاضلك 50 سنة وتبقى ارنولد شوازنجر,1
وتبغى زيادة بحبك...أجيب لك قلب ثاني منين؟,1
الواد الفتك فاكرني عبيط و هصدقه,1
وانت ما شاء الله أذكى أخواتك,1
اللي متعرفش ترقص تقول الارض عوجة,1
دا انت بلسم يسلام,1
فاكره انه مفيش منها اتنين وبتعرف المستخبى,1
برايطوايط هو لي يستحق الكرة الذهبية هذا العام,1
بسبب الظروف صرنا نشوف المعزة خرووف,1
القرد فى عين امه غزال,1
لو كان فيه الخير مكنش رماه للطير,1
مبين عليك بتفهم كثير.,1
وهوا ماله اتحاد الكرة البقر اللي بيوزع من مال امه,1
يلي مالو بنات ما حدا بيعرف امتى مات,1
ودنك منين يا جحا,1
تحت المكباج الخادع يوجد قمرا ساطع او نوع من انواع الضفادع,1
جا اشمو و هو ياكلو 😄,1
مورينيو: كرة القدم للرجال على لاعبي أرسنال التوقف عن البكاء,1
عم ترامب دا المفروض يبقي بتاع عصير,1
اصبر على جار السوء يا يرحل يا تجيله داهية تأخذه.,1
اعزمني علي أكل ، فربما لست بخير يا اخي,1
خبير في الأنترنيت جابت مرتو طفل سمّاه دوت كوم  ههههههههههههههههههههههههههههههههههههه,1
الماظ ايه يا ولاد التيت هو الشباب عارف يجب دهب لما يجيب الماظ,1
مش كل مرة، تسلم الجرة,1
معروفة انه اللي بيكبر فشخته دايما بيوقع,1
وانت مالك اهلك يسطا بالموضوع,1
لو حضرتك كنت في مهمه تدمير البلد تعليميا وتدمير جيل ..!! احب ابشرك لقد نجحت مهمتك,1
حكيم زياش ينقد عصفور من التحليق في السماء,1
اللى ياكل لوحده يزور,1
واخد بيقول الحب عبترة عن حرفين حاء حمار بيكدب وباء بقرة بتصدق,1
الخوازيق فى حياتى زى المناديل اسحب واحد يطلع التانى,1
ارفع راسك فوق انت صيني,1
مامنه للرجال يا مامنه للميه في الغربال,1
الحياة بدون أخت متل الشارع بلا زفت,1
القرد بعين أمه غزال,1
شوية سرسجية مع بعض احنا مالنا نشوف خبر زى دا !!,1
هوه حد هيعد وراكو الورق ورقنا والدفاتر دفترنا الناس خلاص فهمت,1
دى مفكره نفسها مارلين مرنوه 😃,1
لست عاجزا عن قصف جبهتك لكن الصاروخ غالي والهدف رخيص,1
هذا العبد حاط روحو ما يخراش,1
لو الجواز مش جريمه ماكنوش طلبوا اتنين شهود,1
مكفاية موتمرات بقي انظرو لناس شوية ولا انتو بتحبو الهيصة عل الفاضي,1
عدد الحالات 3890 -- الكلية : خلاص بقي ينزلوا الكلية بعد العيد يمتحنوا قبل ما يموتوا,1
الحمدلله باقي لي كل المواد واخلص المذاكره,1
هنحطها الفرخة ونتفرج عليها ولا بتبيض بيض دهب ونبيعه,1
الوضع لوز,1
كل الصرف ده وفي الاخر بقي ايه,1
قالو تعرفشي العلم قالو نزيد فيه,1
الوضع دندرة,1
الطول طول نخله والعقل عقل سلخه,1
أنت مسوي نفسك فيها عنتر يا حلو,1
لي يشجع أرسنال ما عندوش ضغط قبل الماتش هههه,1
لو بابا طبال ماما اكيد بترقص ياهانم,1
طفى النور يابهيه كل العسكر حرميه,1
إذا أردت أن تعرف عيوبك، فقل عيبا واحدا في زوجتك وسوف تخبرك بكل عيوبك وعيوب اهلك وأصحابك وجيرانك وبعض عيوب سكان الدول المجاورة,1
قالو يا قاعدين يكفيكوا شر الجايين,1
عرفهم على بعض واعملوا مشروع وانت وحظك وشطارتك يايولعوا فيك ياتعيش فى جنة,1
شعب مقْودة ضحكوا عليه ضحك معاهم,1
انت اصلا من بنها يبني شوف انت رايح فين,1
انا استحق جائزة الاوسكار في المذاكرة دا انا بذاكر ساعة في الشهر,1
انا كل ما اسمع الاغنيه الجديدة لامال ماهر ببقي عايز اسيب البيت والم هدومي ف كيسه بلاستيك,1
رونالدو قالهم السلام عليكم العرب قالو رونالدو دخل للاسلام 😆😂,1
وحمو وشاكوش وكزبره وبقدنوس هما دول اولاد الذوات وخريجى الجامعات هما البلطجية والسرسجيه,1
حنان الرجل يفوق حنان الأم 10 أضعاف عند محاولته التعرف على فتاة جديدة,1
الي خدته القرعة تاخده ام الشعور والقرعة شعرها راح,1
لاثة مجانين يحب يهربوا من مستشفى المجانين، قالو نعمل خطه، لو السور طويل نقصره شويه ونهرب، ولو السور قصير نهرب على طول، راحوا ملقوش سور، قالوا يلا نرجع الخطه فشلت,1
اللي يقولها جوزها يا عورة الناس يلعبو بيها الكورة,1
الحكومة دى مجاش زيها فى نزاهتها وإصلاحها,1
شفتك وأنت ماشي قلبي اتحيّر قلت: ده غزال ولا عجل صغير,1
دى مفكره حاله ياما هنا ياما هناك🤣,1
ان شاء الله اللاعب شيكابالا هيلبسنا في اتخن حيط في النادي,1
من كان بيته من زجاج، لا يقذف الناس بالحجارة,1
المشكله في مصر في اهل العروسه تحس انك داخل لي تاجر جمله مش اهل واحده الا من رحم ربي,1
مرار طافح هما منوينش يفوزو عليهم حتا واحد صفر تخليص حق,1
أنا لو شغلت اللعبة دي علي جهازي هيفرقع 😂,1
أنا مهما حدث لا انظر إلى الخلف ثقة ام غرور لا غضروف,1
إذا لم تضحك لك الحياة دغدغها وستضحك غصبا عنها,1
والله دي عزومة مراكبية كثيير,1
علاقة ترامب بالسياسه زى علاقتى باللغه الصينيه,1
قمة الجلطه تركب مع واحد احول,1
يبقي كده نادي الضحك مش نادى رياضى,1
النادي الاهلي اشرف نادي في الكون,1
المنتخب الليبي: متضامن مع البدري ويحتج عل اتحاد الكره المصري (والنبي سيبوووووه),1
رونالدو يصطاد العصافير في أولد ترافورد,1
با واد كفايه هتتكفى على وشك وتتعور,1
دنا كنت بحب واحدة لما كانت تقعد كانت الكنبة بترجع,1
مبقاش فيه اخبار غير فيفي عبده الام المثالية خريجة الازهر,1
ده فاكر نفسه محور الكون,1
دينا الشربيني بعد 4 أشهر غيبوبة وتلاقي حواجبها متحددة,1
الفيس تيس وتويتر عنزة,1
هي اجى صاحبك,1
حوش الحب هيقطع بعضه,1
عندها 9 عيال وعايشة حياتها وبتتصور وهى حاطة رجل على رجل وأنتى معاكى عيل واحد ومحتاسة بيه 😂😂,1
كبير وجايح أكبر شوي شلاغمك يكتفو بعير,1
يعيش البجح على قفا المكسوف,1
و يا ترى ده دكتور و لا عيان,1
طلب دعوة من أمو فقالت ربي يبعد عليك بنات الحرام و حين ذهب إلى الجامعة لم تحتك به أي فتاة,1
الرجال يمكنهم مقاومة  نظرية صائبة ويستسلمون لنظرة ثاقبة,1
الحمد لله انا الموضوع كان قالقنى خالص كده هعرف أنام مطمن عليكم,1
محمد صلاح قى حفل التتويج مبيسلمش على الممثلات الله على اخلاقك يا فخر العرب,1
ان عادت تعود حط فى عينها عود,1
رمضان السنة ولا اسهل منه كورونا وحر,1
بعد علاقة غير شرعية دامة عشرين سنة أمريكا تطلق أفغانستان بثلاث,1
يا مستنى السمنة من دهن النملة عمرك ما حتقلى,1
الشحات له نص البلد يا بلد,1
وحده تقول :  الرجوله افعال اما الشنب حتى صديقاتي عندهم,1
من طلب العلا شافلة واسطه أما سهر الليالي ده فيلم تشوفه مع امك,1
هي الدنيا مالها بردت كده ليه,1
هو البرلمان اشتغل في تنظيم الاسره ماشاء الله,1
كان من الرائع اكتشاف امريكا ولكن كان اروع لو لم يتم استكشافها,1
لي خاطيك اعييك,1
الواد داخل الإمتحان أحمد زويل خرج من الإمتحان أحمد بطة,1
زواج ليلة تدبيرتو عام,1
خاف من سرقة منزله فباع كل أثاثه هههههههههههههههههههههههههههههههههههههه,1
زيت الزيتون يشفي كل شيء حسب جداتنا,1
النساء هن بعد الصحافه افضل وسيله لنقل الاخبار,1
المصري اليوم : اختفاء درع الدوري من دولاب نادي الزمالك الدرع مستحملش أسبوع,1
كي نبعثلك ميساج من الجزائر الجديدة من وين ترد عليا ههه,1
انت عملي فيها زي جماهير نادي البليله ليه,1
عايزين تعرفوا الشروط هوا شرط واحد يستخدم فى كل وظيفة صنية كوسة,1
ممكن تريحوا دماغكم وتعينوا خطباء نصارى او كفار,1
كل فولة مسوسة لها كيال اعور,1
ترامب يريد علاج المرضى بشرب الكلور,1
عشنا وشفنا وما بقى شي يدهشنا,1
دا عامل فيها ابو العربى,1
هو مركب فى رجله عجل بجرى وراه من لاحق احصلة,1
كل شيخ وليه طريقه وكل معجن وليه كيال,1
هي الكحكه في إيد اليتيم عجبة,1
غالبية معلوماتي العامة حصلت عليها وانا اتغدى على الجريدة,1
يوسف الشريف مش بيحضن ف المسلسلات ، شابوه يوسف الشريف,1
بلاش حكايه محدود الدخل هي بقت معدوم الدخل او محروم الدخل,1
والله صوته جميل لا تقول حمو بيكا ولا حسن شكوش,1
ابن الوز عوام,1
فى بعض الأحيان نحتاج ننزل من القافلة التى تسير وتربى الكلب ابن الكلب اللى بينبح,1
نجح ب 60 في الميه وعامل فرح,1
محمد صلاح نجم النجوم,1
ياما نفسي فيك يا بلح بس النخل عالي,1
ثم تكتشف أنك صببت كل مشاعرك صبا في شخص مخروم,1
هي حلوة اه بس تبقى حلوة من غيركم لأنكم ضيقتم علينا عيشتنا ربنا يضيقها عليكم دنيا واخرة,1
بنت الأصل بتخلي كوخها قصر,1
البنت دى عاملة فيها خضرة الشريفة,1
انا مش عارف صراحة انت اتحدفت علينا من انهي داهية,1
هى مش خيبة الأمل راكبة جمل اومال معايا بتيجى بسرعة ليه,1
زي النهارده من سنة ، محمد صلاح كان بيجي معسكر المنتخب يشتغل صلاح محسن,1
مفيش حاجه بتهون عليا مشاكل غير غبائى لانى ساعات مابهمش أن دى اصلا مشكلة,1
رضا عبد العال انا نفسى يجيبوك تهبد مكان البدرى عشان الجمهور يفشخك بعده وتتبط وتسكت,1
ضحايا الجواز بقوا اكتر من ضحايا الحروب,1
بص قول ادفعو المصاريف واحنا هندفع لكن شغل سيكون منتظما داا مش حلو وحنا عارفين ف الاخر هنقضيها اون لاينن,1
مربي خنزير في صباطك,1
يا شين السرج على البقر,1
الموت غرباً وشرقاً وجنوباً 😥 ...ربي نرجو رحمتك ونخاف عذابك فأمنن علينا يا الله بفرجٍ قريب يُعز فيه أهل طاعتك ويُذل فيه أهل معصيتك...  ليبيا,0
وندهلي حبيبي جيت بلا سؤال من نومي سرقني من راحة البال 😍✋ فيروز,0
عار عار عار عار عار عار مانحن فيه عار الدماء أنهار والشهداء بالعشرات الرصاص فى الرأس والرقبة والصدر,0
اشغل أغنية ل  فيروز  بردنا يحتاج,0
اللهم امطر على قبر  محمد حسين جمعه وعلى قبور جميع موتانا وموتى المسلمين من سحائب رحمتك يارب اللهم اغسلهم بالماء والثلج والبرد,0
علامات: من علامات موت القلب عدم الحزن على مافات وعدم الفرح على ماهو آت,0
ماذا لو المدارس مختلطهاتذكرعندماكنت طالبه بالثانويه كانت هناك طالبات يدرسون في السعوديه مبتعثات من المغرب الجزائرواندنوسيا .,0
حلب فرانس برس:  واشنطن تتهم ضباطا سوريين بالاسم بارتكاب تجاوزات بحق المدنيين خلال جلسة  مجلس الأمن .,0
رجُولتكَ وهَبتني أُنوثّه مُختَلفَه ، مَ اَجمَلني بِكَ !  صباحي,0
نعلم ما تمثله مصر لإفريقيا وندعم خارطة الطريق  السادة المحترمون,0
بمناسبة عيد المولد النبوي الشريف أهنئ الامةالاسلامية وخاصة من يفرحون بذكرى ميلاد الحبيب محمد صلى الله عليه وسلم كل عام وانتم بخير وعز وشرف,0
السلطات تمنع الكثيرين من محامي اسر الشهداء من حضور محاكمة مبارك المحامون من حقهم حضور المحاكمة ولا ستتحول الى شيء اخر غير المحاكمة,0
صحت مبادرة  كيري الشرعية اليمنية من سبات عميق ورأينا مالم نراه منذ تحرير عدن شكرا كيريإضغط لكي يتحرر باقي اليمن  تعز   ميدي,0
بعد غيبة و طول انتظار ها قد عاد  الاستقرار من جديد :))  النور قطع  الهرم,0
الوزراء اغلبهم أكاديميين من حملت الدكتوراه نتمنى  مجلس الوزراء يجمع الأكاديمي والناجح من القطاع الخاص,0
لابد من حملة إنتخابية على الارض تتواصل مع الناخبين والناخبات ولا تعتمد فقط على الصحافة والتليفزيون,0
حبيب ريكي مارتن اصله سوري 🙊لابقييين لبعض 💕,0
سوريا النائب قربي:  ندعو المجتمع الدولي للضغط على  تركيا لاغلاق الحدود أمام المجموعات الإرهابية ادلب  حلب  داعش  جبهة النصرة,0
شاهد - الرجل الثالث حمدين صباحي في آخر كلام,0
3 تم الإتصال أكثر من مرة وستكون عندنا بالغد في لجنة حقوق الإنسان,0
بعد انهزام رينزي في استفتاء ايطاليا اوروبا تتجه رويدا الي الشعبوية و اليمين المتطرف,0
كان  محمد يسرى سلامة صاحب رسالة كافح من أجلها طيلة حياته ولذلك فحتى موته كان بمثابة رسالة,0
عيد الأم الام هي عيد الحياة,0
الإمارات اليوم: محلّلون: التصحيح ضرورة لبناء مراكز مالية جديدة -  الإمارات  بالعربي,0
مصادر : 80 حافلة خرجت من أحياء حلب الشرقية حتى الآن تحمل مسلحين وعائلاتهم.,0
غزة-جيش  الاحتلال يؤكد اشتباك قواته مع المتظاهرين شرق غزة مساء اليوم,0
"بعد رفض ضياء رشوان (قطة النظام) تعديلات الدستور التى تجاهلت مقترحات نقابة الصحفيين, انتظروا فتح قضية قديمة لرشوان او اولاده, هتسكت ولا نذيع",0
بيبآن من سلامي .. بيبان من كلامي ..بشتقلك وكل مآ فيآ بيشتقلك معآيآ 💔 اليسا,0
تدوينة هامة,0
سيعلن جوليان أسانج مؤسس منظمة ويكليكس و من لندن عن فضيحة يقول انها ستحطم ☠هيلاري كلنتون و تنهي عائلة كلنيون.  تاسي  كويت  بورصة  فوركس,0
لا تقل لماذا منع  الصهاينة الأذان في  القدس .. و قل لماذا طبع معها  الأخوان و قد فعلت .. أردوغان,0
اتمنى ان نتوحد جميعا لتحقيق اهداف الثورة المشكلة إقصاء المعترضين على فكر الاسلام السياسي أنا مسلم يساري هل يعترف مشايخ السلفية بإسلامي,0
ستبدأ بعد ساعه ونصف اول مناظره بين المرشحان لنائب رئيس الولايات المتحده وهما تيم كين  نائب ل هيلاري كلنتون مايك بنس  نائب ل دونالد ترامب,0
الجيل الحالي مثقف ومتفتح ويحسن فهم الناس  السادة المحترمون,0
يسقط حكم العسكر  انزل 30 اغسطس  مصر تنتفض ضد العسكر  مصر,0
انصار الحرية والديمقراطية فى اوروبا وضعوا الشجاعة قبل اى شيئ اخر ناد ايطالي ينتظر موقف الانقلاب من عبد الظاهر,0
وحيات عينيك ،،،، اخذ صوت اخذ وجه حسن وطرب اصييل  مصر  الجيزة  القاهرة  شادية  الاهرامات  اسيوط…,0
إمسك فلول !!,0
الشنقيطي بلا حدودحركة  حماس هي الأنضج من الحركات الإسلامية الموجودة في العالم الإسلامي اليوم.,0
رحم الله سامر سليمان، كان مصريا مخلصا لقيم المواطنة والديمقراطية وأستاذا متميزا للاقتصاد السياسي، رحمه الله,0
شهداء أسيوط فى جنة الخلد لن يضيع حقكم و لن نرهب من القتلة و الإرهابيينو يوم الحساب لقريب,0
ملف العدالة الاجتماعية هو الملف الاهم و الابرز لمحاربة الافكار المتطرفه,0
أدين بكل قوة العنف بكافة أشكاله وصوره ضد كل إنسان أيا كانت عقيدته أو انتماؤه قوتنا هي الحق وسلميتنا هي السبيل,0
جمهورية  شبرا الخيمة :),0
شاهد-  فيفي عبده راقصة سيذكرها التاريخ  الحكم  1,0
مصر القوية |10-لقد حذرنا في حزب مصر القوية ولا زلنا نحذر من خطورة تحول سلطات الدولة إلى مجرد سند لسلطة عسكرية لا تفهم الس…,0
طب إيه المشكلة في أشغال طريق فاضي؟ عشان مين يعرف يتحرك بالضبط إذا الناس روحت؟,0
إبداع الفشل بعض أحيان يزيد إلهامه عن إبداع النجاح,0
:  معرض الكتاب كتاب : المشوق إلى القراءة وطلب العلم لـ الشيخ,0
برنامج مش صعبة د حمزاوي شرح مصطلح  الأمن القومي  :,0
أنعي إلى كل مصري وكل عربي المناضل زكريا محي الدين الثائر ورجل الدولة من حجز مكانه في أنصع صفحات تاريخنا المعاصر، رحمه الله وألهمنا الصبر,0
القدس-شرطة  الاحتلال تعتقل ٣٠ مشتبها من مناطق شتى في البلاد للاتجار بالمخدرات,0
إنها تُمطر.اللهم أجعلها صيباً بنغازي,0
حفيد السلطان عبدالحميد مرشح للبرلمان التركي القادم ، بشعار رابعة تحية لك  مرسى رئيسى  تركيا  كلنا قطر,0
هاتسبني تفضل سبني من غير ما تهديدني عمرك متعوضني ~~اناقلبي هايوجعني  اليسابستغرب انا الغنية دي وايد البدايه قويه والنهايه ضعيف,0
عين تدمع وقلب يحزن ولسان يتلعثم وإلى الله المشتكى! القدس حلب الموصل فلسطين سوريا العراقكان الله في عونكم ؛ الله ينصركم على الظالمين💔,0
حلبحلب ترحب بكمطرد  الإرهاب من حلب الشرقية بداية النهاية للقوى المظلمة  الوهابية  الغربية و  الصهيونية سورية روسيا إيران,0
نفس القرار الذي صوتت علي مصر في الأمم المتحده ، هو نفس القرار الذي وافق عليه أردوغان في إجتماعه مع بوتين البارحه .,0
مقدسااتنا اخواننا العرب ينادوننا هل ننتظر الضمير العالمي واين هو الضمير العالمي ؟اهذه هيا عروبتنا ؟!  القدس,0
كلها كوم.. ويصير صديقي استاذ كوووم ثاني… ياربي رباااااااه.. 😱😨😰  ماذا لو المدارس مختلطه,0
مافيش مقارنة في السعر بس معلوماتي إن نسخة الهلال محذوف منها أجزاء أرجو إنك تتأكد من دهطبعا أسعار الهلال أرخص لأنها دار حكومية,0
كانت مدرستي مختلطة لمن الثانوية ☺   ماذا لو المدارس مختلطه,0
إيران ترمب10. العلاقة بين  طهران و  واشنطن قُطعت منذ 1980 بعد أشهرٍ على ثورة الخميني 1979 وأطاحت بحليف  الأميركيين الشاه محمد رضا بهلوي.,0
أنا راجع من الساحل وسأسعى للحضورًباذن الله الف مبروك,0
الحد الجنوبي  اما حان وقت الجهاد سوريا  الموصل  اليمن  لبنان  الاحواز(يا ايها الذين امنو خذوا حذركم فانفروا ثبات او انفروا جميعا),0
لن يعود لمصر توازنها الا بحل سياسي يبدأ بالشفافية و المصداقية وبحكومة انقاذ وطني من أجل استعادة الأمن وتعافي الاقتصاد وبدستور لكل المصريين,0
اسلحه امريكيه يمتلكها حزب الله المجوسي  من اين لك هذا؟,0
بنغازي انباء عن سقوط قذيفة بمنطقة ارض  ازواوه والحمدلله لا توجد اضرار بشرية .,0
حامدين، راضين، عليك متوكلين لك الحمّد  ربنا ف آتمم نعمتك علينا وعافيتك وسترك وآسعدنا في الدنيا والاخره,0
كما تهمنا  مصر تعنينا  دمشق وكما تُشقينا  غزة تقتلنا  بغداد وكما نحب  اليمن نخشى على  ليبيا أما  قطر فهي سيدة النهوض و…,0
امير  الليل  رامي عياش,0
أتمنى وبقوة وخاصة الصفوف الدنيا فالنساء افضل  بطريقة  التعامل مع الأطفال  ماذا لو المدارس مختلطه,0
لن نسمح أن يزج بنا فى حرب أخرى وتدخلنا بـ  سوريا و  أوكرانيا من أجل الحل السلمي أميركا  العرب,0
قبائل على بالمنطقة الغربية ممتدة لداخل العمق الليبى ومتعاطفين مع الاسلاميين ولم يايدوا  مبارك او  العسكر بعد  ثورة يناير ويمكن ان يلعبوا دور,0
🔷 قوات الاحتلال تجمع هواتف المارة وتقوم بتصفح موقع  فيسبوك  الخاص بهم على حاجز مدخل قرية عابود صباح اليوم.,0
هذه هي الأيام التي تجعلك تبدأ في التفكير بجدية فيما قاله نيتشه  عندما تحارب الوحوش إحذر ألا تتحول إلى وحش اللهم لا تفقدنا إنسانيتنا أبدا,0
ليتني ريال مدريد وانت الابطال  طقس العرب,0
نزال الليلة سوف يدخل فيه ترامب مجروحآ. ليس لديه ما يخسره. اتوقع بيغامر وبيهاجم عائلة كلنتون خصوصآ فضيحة بيل. هيلاري ذكية سوف تتركه يدمر نفسه,0
نبيل الحلفاوي يقصف جبهة  عمرو أديب ..😂😂 أهلاوي..💜,0
شكرا جزيلا,0
لو أدرك  المسلمون حقيقة ماذا فعل  الاحتلال   الاستعمار بهم ..لفهموا حقيقة  الإسلام وتاريخه ..المغيب المقصود من أدوات  الاحتلال!!,0
دعوة الصائم لاترد اللهم أغفر لي ذنبي وأجلي همي وبدد وحشتي وأنر قلبي بذكرك وطاعتك وأجعل الخير مفاتح دربي والصدق نور طريقي,0
صح وعارف انه لا بكاء على دم الارهابي اومن يمارس عملا عدائيا تجاه الوطن او اقترف عملا من اعمال العدو ومصريتنا ليس رقم قومي وحسب,0
2050 البرادعي مواقفه انضف بكثير من بتوع أكبر قيادي إخواني أو سلفي ده تاريخ ومش هتعرفوا تغيروه الراجل ما بيريلش ع الكرسي,0
حتى اللى حكتله عن اللى سابوك و قالك ان معاك مش هسيبك سابك هو كمان  مبقتش تفرق,0
الرئيس  ميشال عون. ابشرك سيخسر حليفك الطاغية الاسد ولو بعد حين بإذن الله .,0
مازالت المشكلة من الداعى وتحت اى راية نجتمع و اسم التجمع و تيار ثالث و لا تيار شعبىو من يقود هل يعقل,0
عنوان المصري اليوم  باسم يوسف يظهر ملتحيا عنوان غريبكأن الذقن حكر على مجموعة من الاشخاص النمطية مرض,0
لو تفتح  عمل الشيطان .  ماذا لو المدارس مختلطهوالحمد لله أنها ليست مختلطة  العقول هي المختلطة,0
عندي ثقة فيك .. و بكفي <3 فيروز,0
حمزة نمرة انساان :),0
روحي تحبك ♡  عبدالمجيد,0
بإذن الله أشارك المهندس خالد عبد العزيز (رئيس المجلس القومي للشباب) في افتتاح الخيمة الرمضانية الشبابية في,0
شاهد - آخر كلام: لماذا مليونية الجمعة 8 يوليو   والد أحد شهداء,0
ترقبوا الاثنين ١٠مساء بتوقيت مكة حلقة خاصةعن جدلية الفن والسياسة ببرنامج  للقصة بقية ودور  غوار و  عادل إمامحلقة مثيرة ونقاش أشد إثارة,0
أرفض الدستور الذي ينص على محاكمة المدنيين عسكرياً,0
حدث في ٢٠١٦ صعود اليمين المتطرف في العالم بروز المملكة كدوله عظمي  الأمم المتحده تشارك في قتل الشعوب ونشر الكولرا ف العالم,0
لما غيرت نظارتي خليتها دائرية كان كل البيت يتطنز علي وصرت هاري بوتر وكل شي والحين كل شوي جاي عندي احد يجربها بيشترون مثلها,0
تخيل إنك أعمى ؟ أو مكفوف ؟ لا سمح الله أكثر الناس راح يقدرون النعمة إذا فقدوهآ !  حقيقه,0
بعبارة أخرى ليس هناك فرق بين حلف الذي يشارك فيه  المغرب والذي يشن عدوان على شعب  اليمن وبين حلف  روسيا +   الناتو مع  الأسد ضد شعب  سوريا,0
ومع ذلك سقطت بالأمس وإلى الأبد مقولة أن التيارات الديمقراطية لا شعبية لها وأن للإخوان ولحلفائهم احتكار الارادة الشعبية وتوكيل الصناديق,0
البقية فى حياتك كان راجل عظيم,0
رئيس المجلس الاعلى للقضاء الحالى من رموز استقلال القضاء وقد صنع مشروعا عظيما مع المستشار احمد مكي من اجل استقلال القضاء الواجب مساندته,0
(بأي ذنبٍ قُتلت)؟!  مجزرة رابعة العدوية  السيسي …,0
يله احد يتزوج ويجيب ميريام فارس بزواجه ويعزمن,0
بيان الجيش واضح ولا مجال للحديث عن انقلاب عسكري إلا من كذابي الإخوانمرسي استهان بشعبه وقرر أن يكون رئيسا لعشيرته فقط فأسقطه الشعب,0
اللهم بلغنا رمضاااااااااان  نفسي يرجع بقا,0
ارتفاع رهيب لسعر صرف الدولار في ليبيا1$ = 7.5 دينار ليبيا,0
غرد كانك في التسعينيات المطرب الصاعد وائل كفوري والمطربة الصاعدة نوال الزغبي يتألقان في دويتو بعنوان  مين حبيبي أنا,0
بعدما فشل مشروع أوباما :انسحبت بريطانيا ، وهناك محاولاتلصعود اليمين المتطرف في أوروبا.,0
اجمل ما رأت عيني في  معرض الكتاب ، ️,0
دعم المعتصمين والثوار واجب وطني,0
سبع دول من تدعم داعش امريكا بريطانيا فرنسا إسرائيل تركيا السعوديه قطر,0
الأ‌مل هو تلك النافذه الصغيرة التي مهما صغر حجمها إلا‌ أنها تفتح آفاقا واسعة في الحياة,0
مقطع روبيرت دي نيرو المنتشر بالواتس اب وهو يسفل ب دونالد ترامب، صنع ليلتي ههههههههخلاه ما يسوى التالية من الغنم 😄😄ستوبيدبونك = وضيع 😄,0
ياويلللي اعوذ بالله  ماذا لو المدارس مختلطه,0
من يفهم في القانون اكثر من الفقيه الدستوري الدكتور ثروت بدوي والدكتور عاطف البنا والاستاذ جمال عيد كلهم أيدوا قرار الرئيس بعودة البرلمان,0
سقوط الانقلاب وشيك لكن انصاره سقطوا فعلا فى عيون كل الاحرار,0
مضمون كلمة الرئيس، الاستعلاء على المطالب الشعبية والدفاع عن الأخطاء عوضا عن التراجع عنها وتبرير عنف جماعته ودعوة حوار شكلية، لك الله يا مصر,0
الوفد - تأسيس  السيسى لحزب سيصيب الحياة السياسية بالخلل,0
سلامة أحمد سلامة، تركت إرثاً من الأخلاق حين عزت و من الحصافة حين اهتزت و من الشجاعة حين كان لها ثمن يرحمك الله,0
صعبة النغمّ مآ يحن على غيآب الوتر.  اليسا,0
حلب :  الجيش السوري يحكم سيطرته على كامل الأقسام الشرقية لـ  حي كرم القاطرجي ، و  حي باب النيرب و  حي الحلوانية.,0
شبح اضطرابات عشية التصديق على عشرات الإعدامات | الأخبار  مصر  القاهرة  محمد…,0
الى اي قاع تدنت دناءتكم يا ايها المجتمع الدولي المنافق ... حسبي الله ونعم الوكيل  حلب تباد ادعو لحلب ..مالنا غير الدعاااء. الدنيا اغرتنا,0
سـلبت مـني المـناامـ و العـقل تـوهتـه  اتجنن,0
الجيش السوري يسيطر بشكل كامل على’’السكن الشبابي’’ في الأحياء الشرقية بـ  حلب,0
ولو قصفت طائراتهم وأضافوا عشرين دولة معهم. لن يغيروا مجرى التاريخ ولن يفلتوا من الانتقام والثأر اليمني طال الزمن أو قصر.  اليمن  السعودية,0
ليه مستكترين إن الست تنفيطيب شكرا ليها إنها نفت كلام طائفي زي دهولازم يتم عمل تحقيقات قضائية لإثبات وجود قرصنة ولو طلع كدب ساعتها تتحاسب,0
حركااات الكويت لونها اصفر  حرية الصحافة,0
اسكندرية تحذير هام جداً جداً وصلتنا رسالة تحذير بخصوص حالة  ثبيت وسرقة,0
للوطن وللديمقراطية ولدولة مدنية هي حق لنا جميعا: 1) عارضت الإعلان الدستوري المكمل منذ اللحظة الأولى وأؤيد قرار رئيس الجمهورية القاضي بإلغائه,0
الجيش السوري يسيطر على اجزاء واسعة من حي الحلوانية على طريق مطار حلب الدولي شرق مدينة حلب.,0
بعض الأصدقاء الذين أحترمهم رفضوا فكرتي بفظاظة لازلت مقتنعا بها مهمتنا ان نقضى على الأمية وان نقضى أيضاً على استغلالها لحساب اى فصيل,0
مستوطنون مسلحون يتجولون برفقة قوات  الاحتلال في البلدة القذيمة لمدينة  الخليل يوم أمس,0
احس بيونسيه الفنانه الوحيده الي تقدر تغني وترقص لايف ذي الايام,0
مبروك ل هيلارى كلنتون للرئاسة امريكا,0
عليك نور !,0
ميرسي يا يو…,0
ماذا لو المدارس مختلطهعزيزي المعلم لاتتهاون برصد ومحاسبة الطالب على أي شي مخالف للوائح السلوك والمواظبة..تطبيقها يجعل البيئة المدرسة👍👍👍,0
تحيا مصر    Ä  سأنتخب السيسي !!!!!!!!!!!,0
فكرك هوايا دا صغير ياللي انت ناوي تدوبني  دينا الوديدي,0
احتفالاتنا بمناسبة المولد النبوي الشريف على صاحبه افضل الصلاة والسلام ) هو يغيض الكفار ويجعلهم من هزمين ماديا ومعنويا وثقافيا ولا ارادة لهم,0
عزلة الانقلاب عالميا تتزايد وكل دول العالم تمنع مواطنيها من الذهاب الى مصر حتى حقراء الخليج من ممولى الانقلاب يمنعون أهلهم,0
وهذه الاحداث من شأنها إدخال البلاد فى فوضى وفتنة طائفية، و دفع المجلس الاعلى إلى اتخاذ قرارات تعطل عملية التحول,0
متي تتيقن جميع الفصائل السوريةان المجتمع الدولي الصليبي وبعض الدول العربيةضدهم وضد ثورتهم وان ينطلقوا من هذا المبدأ لتحرير ارضهم ونبذ الفرقة,0
سنسمو على خلافاتنا السياسية والحزبية وسنعلى فقط المصلحة الوطنية ستنتصر ثورتنا وستكون مصر قوية بإذن الله,0
القبض على ضابط أمريكى متقاعد بالشيخ زويد وبحوزته وثائق وبيانات عن سيناء وجهات سيادية تبدأ التحقيق معه,0
عرض خاص غدًا على مشاهد مباراةنصف نهائي أبطال العالم - ريال مدريد × كلوب أمريكا- الخميس. 15 ديسمبر- الساعة 1:30م بتوقيت مكة نفي,0
الانتخابات ألأخيره كانت بين اختياريين كلاهما مر !,0
انها قنبلة موقوتة استمر فى تطبيق قانون الطوارىء و خاطر بالانفجار,0
وكأن الله يهون علينا  في مصايبنا ربك كريم يا  بنغازي ❤️صيبا نافعا يارب ☔️,0
أتابع ما يحدث اليوم وسأعلق عليه خلال الساعات القادمة، وحزب مصر الحرية يصدر بيانا الآن,0
أخشى من أن يشوه بعض من يتكلمون باسم المشروع الاسلامي أن يشوهوا المشروع د عبد المنعم أبو الفتوح أثناء لقائه,0
تفاؤلى نابع من إيماني بأن (الله لا يضيع أجر من أحسن عملا)ولا يوجد أحسن وأعظم عملا من أن يضحي الشعب بدمائه من أجل الحفاظ على وطنه وعرضه,0
لافروف : واشنطن أخطرت موسكو أنها لن تستطيع بدء المشاورات حول حلب يوم الأربعاء.,0
ديربي المرسيسايد بالتوفيق لزعيم بريطانيا  ليفربول ❤️❤️,0
وحدوا الله يا جماعة وبلاش إشاعات عن مفاجآت عشان مش عايزين إحباطات كل الحكاية ملف معقد هنحاول نفهمه مع بعض :),0
يوم جميل بفوز تشيلسي وبعد شوي حلقة الفايكنغ والظهر ريال مدريد ❤️😰,0
مشاء الله امطار الخير الان على الغالية  بنغازي اللهم صيبا نافعا يا رب اللهم اجعله بردا و سلامه على جنودنا المرابطين في الجبهات,0
حلب: الجماعات المسلحة قامت بتلغيم وتفخيخ  مشفى القدس الواقع بين حيي  المشهد و  صلاح الدين بعد خروجهم منه تحضيراً للخروج من الأحياء الشرقية.,0
تحيا مصر  مصر جميلة  مصر المحروسة  السيسي هايصالح  السيسي رئيسي 2014,0
بغنيلا وبدئلا وغير بحبك مابئلا  رامي عياش,0
صراحه اشكر اللي اخترع برنامج  اوبر ركبت مع واحد سيارته تاهو اسود يجلط من زينه ، ما كان ودي اوصل للمكان اللي ابيه من زينه,0
رقم ثلالثة بعد نجيب الريحاني واسماعيل يس ممسل عبقري ليس له نظير  عادل امام,0
رأى الرئيس ميشال عون أن (الرئيس السوري) بشار الأسد لو خسر الحرب، لتحولت سورية إلى ليبيا ثانية ،,0
صافيناز :),0
الآن محاضره عن الصحابي الجليل وخليفة رسول الله  عثمان بن عفان  ذو النورين  إذاعه القرآن,0
احمد الشيخ احسن لاعب فـ الدورى و المصرى احسن كوره لحد دلوقتى .,0
تعرف على تواضع  النبي صلى الله عليه وسلم  كلام جميييل  تدوين,0
يا رب… إن عبدك جلال عامر جعلنا جميعاً نبتسم في الدنيا وأدخل السرور إلى قلوبنا، اللهم أجعله مبتسماً عندك، مسروراً في جنتك,0
ستولتنبرغ|  الناتو يعني تماماً خطر المقاتلين الأجانب الذين يتسللون إلى  أوربا  مباشر  تركيا,0
خلق جميل احترام اي انسان فقط لأنه انسان مهما كانت ديانته,0
عندما يسيل الحِبر دماً.... فالكتابة أصبحت بدعة في شرقنا، ويا للأسف.في ذكرى جبران تويني.,0
أنشيلوتي يقول أن المانسيتي هو من يتحصل على لقب دوري الأبطال، و انه يتكلم مع بيريز بشكل مستمر ... تجربة تدريب ريال مدريد ضرورية لكل مدرب,0
عبرت الخارجية الأميركية عن قلقها حيال التقارير التي تحدثت عن أن بلدية  القدس تزمع السير بخطة بناء 500 وحدة سكنية في القدس الشرقية,0
عمر سليمان قتل و تعذيب المصريين في مبني المخابرات بالوكالة عن أمريكا، و قتل إخواننا الفلسطينيين في غزة,0
و فيا تضاد علي الاخر انا العاجز انا القادر و انا الموجود فيه منه كتير ف نفس الوقت انا نادر  صلاح جاهين,0
5 من لا يوافق الرئاسة على هذه الرؤية ويعارضها مكانه الوحيد في السجون وغياهبها!,0
ستبقي حلبحره ✋👌 باذن الله,0
تعرضت لكل هذا من معسكر أخر بعد قانون العزل وواجهته وفندت زيفه أرى نفسي في كتلة ثالثة ليست مع عودة النظام القديم ولا مع هيمنة فصيل واحد,0
الإرهاب نهايته 'مزبلة التاريخ',0
الا يستطيع خيرت الشاطر ان يتصل بحازم ابو اسماعيل ليطلب منه ان يكف ارهابه عن المصريين ام ان الشاطر موافق على ارهاب ابواسماعيل الاجابة واضحة,0
🔘 الإسلام هو دين الحرية الذي نتعلَّم منه أن لا نقبل بأن نُستعبَد لأحدٍ، وأن لا نكون عبيد إلاَّ لله سبحانه وتعالى.💚ذكرئ.المولد.النبوي.الشريف,0
"لمن يعتقد ان صداقتي بجون ستيوارت اليهودي تهمة,شوفوا حلقاته:هاجم منع المآذن في سويسرا,ومنع مسجد منهاتن وهاجم اسرائيل في اللي بتعمله في غزة",0
يانبى سلام عليك  ماهر زين,0
بعد عامين شر.. جانا صوت من وسط الشجر.. قال خلاص عهد الظلم مر .. الباطل راح والحق انتصر .. ورد الحاج كرر يا علاء. بنغازي,0
يااااااه يا مالك بترد على حالة مر عليها 31 يوم؟! :) حالة الانقسام التي شهدتها القوى الديموقراطية هي التي أدت لذلك,0
اسبوع العلوم والتقنية2016.    ايفون,0
ها علاش روسيا صفحت لتركيا و تنازلت عن حقها في قضية إسقاط الطائرة روخوي و مقتل قائدها.,0
بالنسبة لبلادنا السعوديه ،،، الذين يسألون عن كيفية تقديممساعدات لإخواننا السوريين النازحين واللاجئين كان اللهفي عونهم سواءً داخل سوريا أو,0
ورغم ان الكلام اصلا بينقص حاجة كل ما زاد ورغم انى جدع وتقيل وعمرى ما اقولها بالساهل  من زمان جدا  محمد محسن,0
عيد الأم أم صينية  97  سنة تعتني بإبنها  60  سنة المصاب بشلل رباعي منذ 19 سنة هو قلب الأم مهما تقادمت بها السنون,0
زاهر ده كنز من كنوز مصر علاء وجمال مبارك وراء نجاح دورة حوض النيل,0
🔴  موسكو: الامم المتحدة لم ترسل اي اقتراح لايصال مساعداتها الانسانية بعد تحرير  الجيش السوري لـ40% من احياء شرق حلب,0
شاهد - آخر كلام: إضراب عمال النقل العام,0
إبراهيم عيسى قلم شجاع وضمير يقظ وعلامة بارزة فى تاريخ المهنة تحية له ولفريق الدستور وستبقى حرية الصحافة فى مصر ثمرة مستحقة لنضال الصحفيين,0
وصول وزير خارجية تركيا الى بيت الوسط,0
ادين مثل باقي المصريين جميعا الاعتداء الهمجي علي الاستاذ خالد داوود بواسطه انصار الاخوان الارهابيين الثوره ستنتصر علي الارهاب,0
مايكل أوين: أعتقد أن أعظم لاعب لعب لـ ريال مدريد في كل العصور هو كريستيانو رونالدو، يليه بوشكاش  اسطورة,0
افضل مباراة تنس شاهدتها اي مباراة يلعبها فيدرر هي الأفضل 💙 بس اكيد مباراة 2008 فيدرر ونادال,0
روسيا و  الصين تجهضان مشروع قرار بشأن  حلب بـ  مجلس الأمن,0
واحشني قوي و انا مقصر معاك عندك حق :) كلم شادي و الشباب و خلينا نتقابل يوم الجمعة و العشاء عليا,0
المجد لله ثم لك انت ياشهيد  جـــيكا  سيد وزة,0
خالص العزاء فى الشهيد جندى القوات المسلحة وفى الشهداء المعتصمين سلميا سلامة أرواح وضمان حريات المصريين مسئولية من يديرون البلاد,0
سلام وحب لقيثارة الروح كل سنة وانت طيبة   فيروز,0
عاجل القدس قوات الاحتلال تقتحم حي عين اللوزة في بلدة سلوان جنوب المسجد  الأقصى وتبقى مآذن القدس,0
الوزير  كيري: أرحب بإعلان كافة الأطراف في  اليمن التزامها بتجديد وقف الأعمال العدائية الذي كان قد بدأ السبت لفترة أولية قدرها 48 ساعة. 1/4,0
تبا لك  مارك - -,0
يآحبيبي تعآ قبل الليل و يآ عيوني لآ تنامي    فيروز .,0
ناقصه الزعيم عادل إمام  مهرجان القاهره السينمائي,0
التغطية مستمرة  لافروف : مقاتلو المعارضة الرافضين مغادرة شرق  حلب سيعاملون كإرهابيين.  روسيا  سوريا نقطة من اول السطر,0
حركة كايدينهم  مصر  قول كلمه للسيسي وخد فولو هديه ياسيسى يا اصيييييل  احنا شباب هنصوت للسيسى  سأنتخب السيسي,0
توصيل.مشاوير.طلبات.اغراض0569339790 جدة اوبر كريم توصيل توصيل طلبات مشواري مشوار مشاوير . تاكسي جدة  توصيل جدة تاكسي مشاوير جدة,0
مستقبلنا مرهون بأن نخرج أنفسنا من الظلمات الي النور حزب الدستور: قيم إنسانية عدالة اجتماعية عقل علم معا سنغير,0
الأعداد في مسيرة مدينة نصر جبااااااااارة تذكرني ب ٢٨ يناير,0
الرجيم القاسي هو أحد أسباب تسارع تساقط الشعر،، وذلك بسبب الحرمان من فيتامينات وبروتينات ومعادن مهمة لصحة الشعر.  ريال مدريد,0
بنغازيﺍﻟﻘﻮﺍﺕ ﺍﻟﻤﺴﻠﺤﺔ ﺗﻠﻘﻲ ﺍﻟﻘﺒﺾ ﻋﻠﻰ 4 ﺃﺷﺨﺎﺹ ﻣﻦ يحملون ﺍﻟﺠﻨﺴﻴﺔﺍﻟﺴﻮﺩﺍﻧﻴﺔ ﺣﺎﻭﻟﻮ ﺍﻟﻔﺮﺍﺭﻣﻦ ﻣﻨﻄﻘﺔ ﻗﻨﻔﻮﺩﻩ ﻭﻣﻌﻬﻢ ﻣﺒﻠﻎ ﻣﺎﻟﻲ ﻛﺒﻴﺮ,0
قريباً سيتم طرد عناصر علي محسن وهاشم الأحمر  والإصلاح من منفذ الوديعة. والطائرات التي يتعبدونها قد تستهدفهم غداً.  اليمن  السعودية,0
كثير من الناس ماتقبل فكرة اوبر او كريمومايدري انه جميع موظفينهم عليهم رقابة شديدة من الشركة لان جميع معلوماتهم الشخصية مسجلة ١ اوبر كريم,0
كل سنه وانتي طيبه  فيروز,0
مندوبة  واشنطن: هل ستقوم  روسيا بادانة اي هجمات على المدنيين من قبل النظام؟  عاجل  أخبار  سوريا  حلب,0
بعيدا عن الهزار بقى وكده من كل قلبي باقولها لك ربنا يسعدك زي ما بتسعد الناسقلبي وربي راضيين عليك يا أمردسلام عليكم,0
فعاليات توزيع البورشور أمام المساجد و التوقيعات كانت رائعة و التجاوب كان استثنائيا سيتم رفع الصور بعد قليل,0
بنغازي ..سقوط قذيفة في منطقة أرض زواوة قبل قليل نسال الله السلامة للجميع ..,0
وأنت تسير على تراب فلسطيناحذر أن تدوس قدميك قبر شهيد🌾 القدس,0
استجابه لمناشدة  عمرو أديب : السيسي يكلف الهيئه الهندسه للتعاون مع هيئة السكه الحديد لتطوير محطة أسوان علي نفقة الجيش والانتهاء ف اخر يناير,0
صور من الإحتفالية   بمناسبة المولد النبوي  الشريف بحضور الاستاذة رشيدة المنصوري ومجموعة من خريجات جامع الزيتونة,0
الثورة دي لولا الأميين ماكانتش نجحت أصلا أو على الأقل ده اللي أنا شفته يوم 28 ينايرإحنا بس مابنعرفش نكلم الناس صح والله أعلم,0
أصداء الثورة التونسية قبل أن يحرق العرب أنفسهم في آخر كلام الليلة في العاشرة مساء بتوقيت القاهرة الثامنة مساء,0
هتحبك لو احترمتها فى وجودها او غيابها ;),0
هو احنا دخلنا صح 🤔هو دا الفيلم😮لا دا اعلان !!! لا دا تصوير قديم بس !!لا دا بجد 😂😂😂😂 نجلاء فتحي سوبر ماركت مهرجان القاهره السينمائي ٢٠١٦,0
كيتي بيري و بيونسيه من اغنيه وحده بس دخلو مليون تقريبا 😐,0
أفَلا أكون عبدًا شكورًا قالها صلى الله عليه وسلم ليخبرنا بأن بالشكر تدوم النعم ويجد الإنسان سعادته الحقيقية  الشكر…,0
ماذا بعد انا شاهد الجميع الإخوان وهم يحاولون حرق  مصر و مذابح ضد المدنين العزل والجنود والضباط هل هناك من لازال يتحدث عن مبادارات و صلح؟!,0
لا ينكر أحد ضرورة إجراء إصلاحات شاملة بالقضاء سواء فى كيفية التعيين فى البداية وحتى كيفية المحاسبة داخل القضاءلهذا تقدم,0
ومرسااااااه جابت نتيجة، وامرسااااه جابت نتيجة حكمتك يا رب,0
يوم عظيم على شعب عظيم باذن الله حشود المصريين وهتافاتهم وسلميتهم تحرك الصخر النصر قادم وما النصر الا من عند الله,0
كأن في الآية السابقة دليل على أن الأقرب للواقع يكون الأدرى بالمصلحة  بكفي حصار  اضبطوا شركاء المخلوع    اليمن  قطر  مصر  تونس,0
ابتسم فلتلك البسمة الصغيرة أثر كبير في إسعاد قلوب اﻵخرين,0
الغاء الاعلان الدستورى المكمل الذى كنا ضده منذ لحظة صدوره خطوة ايجابية ، لكن نرفض انفراد الرئيس وجمعه بين الصلاحيات التنفيذية والتشريعية معا,0
من اقوال شيخ المعلقين  محمد رمضان  ماجد عبدالله لابد ان تكون هناك قناة رياضية متخصصه لنجوميته وابداعه تقديرا  لتاريخه المجيد لوطنه ولناديه,0
يمكن أن تفيد الزيوت العطرية في تحسين المزاج وتهدئة الأعصاب والتخفيف من الاكتئاب، مثل الياسمين والورد والبابونج.  ريال مدريد,0
) معلم و واعي يا يوسف,0
وقلبي لازم يبقى اقوى من كده... وانا قبل ما ادخل تاني اي تجربة... عمري ما احب حد وعيني تبقى مغمضة... 💔  اليسا,0
"منذ تم التصويت على تعديل قانون انتخابات الرئاسة (العزل),قد انهالت علينا التعليقات المليئة بالسباب الممنهج من اللجان الإلكترونية المأجورة 1-3",0
اعلام العار ساند منتخب مصر فى غانا لينسب الفوز لسيسي فخسرنا بالستة وتجاهل الاهلى كرها فى ابو تريكه ففزنا بكاس,0
كان صلى الله عليه وسلم يحب الطيب والرائحة الحسنة وكان لا يسلك طريقاً فيتبعه أحد إلا عرف أنه قد سلكه من طيب عرفه  نشر سيرته,0
رصد | تظاهرات ووقفات احتجاجية منذ صباح اليوم بجامعة  الفيوم نظم طلاب جامعة الفيوم اليوم عدد من الوقفات …,0
بنغازي:: انفجار في محل الزياني بأرض ازواوة !!;لا حول ولا قوة الا با الله العلى العظيم,0
صناع الحياة: مجموعة من الشباب جمعتهم المودة و الحب في الله و حثهم حبهم للخير في محاولة عمل إيجابي لإرضاء ربهم و,0
نشر مراقبين دوليين في حلب بعد تهجير سكان حلب الشرقية يعني بأنه لن يسمح للمعارضة بالسيطرة عليها مرا أخرى حسب تحليلي المتواطع لعلي مخطئ؟؟؟؟؟,0
احلي حاجة في الحلقة  رجعوا الجماهير,0
كل الأطراف تتحمل مسؤولية مجازر حلب سواء الجيش العربي السوري او الجيش الحر او جبهة النصرة كل ولاد الوسخه استخدموا المدنيين دروع بشريه,0
ياسر أبو عمّار في  سياسة في دين :علي الجزيره غيّرت موقفي من حزب  النور بسبب مواقفه المخزية مع الرّئيس  محمد مرسي,0
سؤاللماذا لايتم اعتماد مادة اسمها  القدس  في كل مراحل التعليم الابتدائي والثنوي في كل الدول العربيةلن يجرؤ احد من الحكام ان يفعلها العرب,0
ريتويت يافنان,0
أخبار الآن | أ ف ب:  واشنطن تريد فرض عقوبات دولية على مسؤولين حكوميين وقائد التمرد في جنوب  السودان,0
الثورة كانت تستحق دستورا جديدا محترما تكتبه جمعية تأسيسية منتخبة ربنا يسامح من اوقعنا في هذا المازق عموما الثورة لها جولة اخرى وستنتصر,0
ﺑﺘﻔﺮﺡ ﺍﻭﻯ ﻟﻤﺎ ﺗﺒﻘﻰ ﺍﻧﺖ ﺍﻟﺴﺒﺐ ﻓـ  ﺿﺤﻜﺔ ﺣﺪ ﺍﻧﺖ ﺑﺘﻌﺸﻘﻪ ! ^ ^,0
دعلاء الأسواني: هل حدث من قبل في نظام ديمقراطي ان سحب شعب الثقة من رئيسه المنتخب ؟! >> …,0
اليوم عيد ميلاد  فيروز . 81متعها الله بالصحة,0
بتوقيت دمشق  حمصوحدات من  الجيش السوري  يستهدف مقراً للمجموعات المسلحة في محيط مدينة  الرستن,0
في يومٍ من الأيام قرر جميع أهل القرية أن يصلوا صلاة الاستسقاء تجمعوا جميعهم للصلاة لكن أحدهم كان يحمل معه مظلة ! تلك هي الثقة فى الله,0
انشرُوا التذكير بالتكبير و أحيُوا سُنّة هذه العشر   الله أكبر الله أكبر لا إله إلا الله الله أكبر الله أكبر ولله الحمد  …,0
دمحمد الجوادي يشيد بإنجازات مبارك في كتابه  النخبة المصرية الحاكمة   مصر  قطر  الإمارات  السعودية  البحرين  لبنان,0
اخيراً .. كل تقنية جديدة تظهر لنا يكون فيها مساؤي ويكون فيها محاسنلكن اعتقد ان فكرة أوبر وكريم وفرت خدمة مميزة للمجتمع،،، اوبر كريم,0
لافروف يعلن  فشل مبادرة كيري حول  تسوية الأزمة في  حلب بعد سحب الجانب الأمريكي اقتراحاته بهذا الشأن,0
التطبيع احدي المحرمات الوطنية التي اتفقت عليها كل القوي الوطنية و لا يجوز لأي حزب أو جماعة إجازته تحت أي مبررات أو ذرائع,0
ترونَهُ في ضـحكةِ السواقي في رفَّةِ الفـراشةِ اللعوبِفي البحرِ، في تنفّسِ المراعي وفي غـناءِ كلِّ عندليـبِ فيروز,0
إن كنت في العشرين أو إن كنت في الثمانين، ستبقين الأسطورة التي يراودنا حلم رؤيتها صغارًا كنّا أو كبارًا...  فيروز صوت لا يحدٌه الزّمان,0
يا ترى بين هيلاري كلنتون  ودونالد  ترامب مين نختار؟؟,0
كنت اكره القراءه و حولني الى مهوسه بها حولت البيت الي  معرض الكتاب ممتنه لك جدا استاذي,0
انتهاك حرمة المسجد الأقصي علي يد الصهاينة جريمة لن يغفرها التاريخ لكل الصامتين و السؤال عن الدور المصري أصبح مطروحا بقوة,0
يرفض نسب هجوم سيناء ضد خلية إرهابية إلى إسرائيل,0
عرض الاسبوع 10 ألاف متابع  درر  حكم  حكمه  حكمة  ابيات  النصر  الهلال  الفتح  كلمات  كلمة  بوح  الاتحاد [2287315],0
صحيفة لوفيجارو:المرشح للرئاسة الفرنسية فرنسوا فيون يرفض استقبال الامير السعودي محمد بن سلمان في باريس. السعودية  اليمن  فرنسا,0
نادين قالتلى هجبلك ايفون في عيد ميلادك ✋✋ و انا بصدقها 😂😂,0
اليوم انتصار للإسلام,0
فيدرر ضد بينيتو في بطولة ويمبلدون 2012..   افضل مباراة تنس شاهدتها,0
عن رجولتك وانت بتهزء واحد بيعاكس بنت حتى لو متعرفهاش,0
يارب فرج على  ليبيا كربهاياريت كل الليبين يدعوا ويتوجهوا الى الله بالتضرع والدعاءلعل فيه فرج لهذا الشعب فالوضع أصبح من سيء لأسوأ لمأساوي,0
أؤيد قرار د مرسي فيما يخص : 1- إبعاد النائب العام 2- محاكمة وإعادة محاكمة كل من لوثت يداه بدماء أو أموال المصريين,0
الوصف الحقيقي للميدان هو / جماعة الإخوان المسلمين تحشد أنصارها للضغط على اللجنة المشرفة عل الإنتخابات الرئاسية لدع,0
انزلوا في مجطات المترو والشوارع في المانيا و امريكا و فرنسا ناس ملتحين بيوزعوا مصاحف،وناس بتدعوا للاسلام في الشارع ماحدش بيكلمهم,0
يا عسكرى واقف بالفرس على جتتى لا انت البطل ولا انت فتوة حتتى يوم ما تقول هاخد البلد هقولك خدها بس على جثتى ع…,0
لا ارى حل سوى حكومة انقاذ وطنى ذات صلاحيات مطلقة,0
جهزوا سواعدكم فعهد ميشال عون هو عهد الشعب العظيم,0
إلى حد البكاءِ على يديكِ، أحاول أن أغني، و أعرف أنني وطنٌ و منفى، و أني لست مني، و لكني، أحاولُ أن أغني، حين أبكي,0
تحية لجميع النساء في  يوم المرأة العالمي نحتفي بالمرأة كل يوم أماً وبنتاً وأختاً ورفيقة درب وحياة وصانعة أمم,0
اسمي ميشيل وانا سكرتير دعلاء وبأنقله تويتات المديح والتأييد والنقد العنيفاما الشتائم المبعوتة من الفلول او المتطرفين بارميها في الزبالة,0
بصـراحـه في آلعمر حكاية واحده فقط نجد فيها وطن حقيقي ومادونها مسرحيات متعدده نؤدي دورنا فيها ببراعه,0
قرارات الرئيس انقلاب علي الديمقراطية واحتكار كامل للسلطة وطن يبحث عن حلول يدفعه رئيسه لمزيد من المشكلات الثورة لن تقبل ديكتاتورا جديدا,0
ويندوز 10 احسن من 8 و 8.1 بكتير,0
عاجل | قوات الاحتلال تقتحم بلدة  بيت عوا جنوب غرب  الخليل. فلسطين,0
ان   الإخوان المسلمين هم حزب الله العرب السني الموالي لولي الفقيه,0
عاجل 🔴الان الان طيران التحالف يستهدف دبابة حي الروض ومن عليها كافة في  تعز  اليمن ادعس ادعس,0
م نوينا نعشق بعض آبد كآنت سالفه 'وصرنا م نعيش من دون بعض (=|,0
فضيحه تانيه أنا لسه ماسك ف مستشفي راس سدر وعرفت ان تم أخذ من الدوله حدود ١٥١ مليون جنيه لم يتم صرف ٦٠٪ منها,0
حلبوزير خارجية  الجزائر يشيد بتحرير  حلب الشرقية وبعودة سلطة  الدولة الشرعية لها سورية روسيا إيران,0
قل شرق حلب ولا تقل حلب الشرقية ....وقل غرب حلب ولا تقل حلب الغربية ....فحلب موحدة ويريدونها منقسمة  حلب تنتصر,0
حلب تباد ادعو لحلب حلب تباد بصمت ستبقى حلباذكرو بالدعاء لعلها تكون ساعة استجابه يارب فك كربهم وخفف عنهم يارب هون عليهم ربنا عليك ببشار,0
قضايا و  ملفات :  أطباء  الكبد: الإصابة بــ  فيروس سى فى  مصر بلغت 200 ألف حالة سنوياً 80% منها تحدث من  المستشفيات,0
و عودة مرة أخرى للقاهرة الساحرة :),0
ماذا لو المدارس مختلطهالجامعات تستقبل الآلاف من الطلاب للدراسة فيها مع العلم أن نصفهم لايستحقوا الدخول فيها بسبب تهاون تطبيق لائحة السلوك,0
الحمدلله علي  كل حال,0
السفارة المصرية العظيمة في السعودية بتوزع منشورات علي المصريين لكي يصوتوا بنعم في الاستفتاء علي الدستو,0
انهى اروش ف مسكة السيجارة بوب ديلان ولا ديفيد بوى؟!,0
انت الغالى اللى بقالى سنين بهواه  الزمالك  الزمالك الافريقي,0
لابد من إقالة وزير الداخلية ومدير أمن بورسعيد ومحافظها فورا أرسلت للدكتور الكتاتني مطالبا بجلسة استثنائية غدا لمجلس الشعب,0
لازم كلنا نروح ننتخب اليوم لأنها أمانة وواجب وطني انتخب لتشعر بحق الملكية في بلدك~عمرو خالد,0
اللي قرأ كل الكتب اللي شراهم من معرض الكتاب اللي طاف يسوي رتويت 😁  معرض الكويت الدولي للكتاب,0
القدس-شرطة  الاحتلال تسيطر على اسرائيلي في  حاجز قلنديا لقيامه بالركض  باتجاه سيارته دون ان تطلق النيران,0
طلعني انا كمان من المنشنكل اللي بتفكر فيه جنس ومخدرات الذعر الجنسي ده هو اللي مأثر عليكم,0
رحم الله الشهيد محمد بيومي منشداغنيه تتشل الايادى اللى بتقتل ولادى النسخه الاصليه بالكلمات …,0
الثورة المصرية وحدت المصريين في نسيج واحد تكاتف المصريون جميعا لإسقاط النظام وحموا بعضهم بعض في ظل غياب امني كامل,0
كان حلم حلو فى اوله شوقنى انى اكمله   25 يناير,0
صباح الخير يا يمن اللهـم أني أعوذ بك من جهد البلاء ودرك الشقاء وسوء القضاء وشماتة الأعداء وغدر المرتزقة وخيانة الإصلاح حفظ الله  اليمن,0
…  فودافون,0
من ليلة الاربعاء حتى مساء الخميس ستتاثر اجزاء من بلاد الشام فلسطين خاصة لبنان غرب سوريا الاردن بتقلبات جوية باذن الله امطار وثلوج,0
ارجو من مذيعي وضيوف الجزيرة الرد على حسام فودة عندما يكرر عبارته اليومية ما هى صفة خيرت الشاطر ليلتقي سفيرة,0
تكون الأيام 12-13-14-15-16 هي الأكثر خصوبة في الدورة الشهرية المنتظمة (28 يوم).  ريال مدريد,0
نفاق الجموع من آفات مجتمعاتنا فالكثير يعبرون عن مواقفهم في جلساتهم الخاصة ومكالمات الهاتف بينما ينافقون الجماهير في العلن خوفا على شعبيتهم!,0
تقرير ناري  الجزيرة تفضح علاقة  وزير  الداخلية بالبلطجي صبري نخنوع,0
كتلة الجمهوريين  في مجلس الشيوخ  وعدو هيلاري كلنتون انهم سوف يتعاملون معها افضل من تعاملهم مع اوباما,0
في أول لقاء تليفزيوني له، حسن هيكل يتنصل من جمال مبارك ويدافع عن هيرميس ويشرح رؤيته لاقتصاد مصر آخر كلام ١١م,0
ترحيل المصريين الذين اجتمعوا في الكويت بطريقة سلمية هو أمر جائر أدعو إلى عودتهم من منطلق إنساني,0
لا أبدا أنا مسرور من كلامك,0
قوات جيش الاحتلال تقتحم جامعة  القدس في بلدة ابو ديس فجر اليوم، وتصادر محتويات معرض للكتلة الإسلامية الذراع الطلابي لحركة  حماس. فلسطين,0
شاهد - آخر كلام: مسحت الكلام؟ طب مسحت الدم؟ جبت حق اللي مات؟,0
معنى هام جداً نحتاجه بشدة في هذه الأيام في بلادنا,0
اثنان وثلاثين سببا للتصويت بـ  لا  على مشروع الدستور,0
بسمة أمل - هدية لعودة الحب لحياتنا,0
اعرف بلادك - المغرب عين أسردون - توجد في بني ملال وهي مدينة مغربية تقع في الوسط الغربي للمملكة المغربية وسهل,0
الافلام الجديدة لمذبحة رابعة اقدمها للسفير ابراهيم يسرى ليعيد التفكير فى مبادرته ولكل من يفكر فى عمل مبادرة جديدة,0
شباب الحملة ناشط في كل محافظة من أجل مصر المستقبل بارك الله فيكم معاً سنغير,0
مش ساكتة عشان الناس  مش ساكتة عشان ده حقى  مش ساكتة عشان مش غلطى  مش ساكتة عشان انتى اقوى من المتحرش,0
نرفض تقييد حق الاعتصام وإعطاء سلطات مطلقة للأمن في منع التظاهر والمبالغة في العقوبات وتوسيع حرم منع التظاهر لا للقانون بصيغته الراهنة,0
القبض على المتحدث باسم حزب  الحرية والعدالة  محمد ع,0
⬆ نشط في لبنان 🇱🇧⬆ لافروف الغاء الاتفاق النوويآخر تحديث: 2016-12-06 13:25:23;سبحان الله العظيم عددخلقة ورضانفسه وزنة ومداد كلماته.حسبي ا…,0
اللهم كن لإخواننا في  العراق و  سوريا و  بورما و  اليمن و  فلسطين وسائر بلاد المسلمين ..اللهم أعز الإسلام والمسلمين وأذل الشرك والمشركين,0
رمضان الخير قرب,0
اهالى  عزبة النخل يفضحون  السيسى: حملته قالت لنا اعملوا توكيلات للسيسى وهن:,0
واضح ان الناس اللي ساكنة في 6 اكتوبر بتروح مدارس وتشتغل في القاهرة والجيزة وده سبب كافي لزحمة رهيبة,0
قصة العجوز الحكيم و محرك السفينة رااائعة,0
جزاك الله عنا خيراً يا رسول الله  الحبيب,0
كل الدساتير الماضية سقطت لانها لم تكن وفق ارادة مجتمعية  السادة المحترمون,0
برنامجي المفضل  3  أوسكار,0
4:  هلا فبراير  اليسا على روتانا مصريه :) الواحد كان مخنوق و فرفش  :-* ;-),0
لقاء رائع اجتمعت فيه مع الشيخ  عادل  الكلباني ،وأشكره على كرم ضيافته و الفوائد العلمية التي قدمها لي,0
السعودية  الرياض  مكة  المدينة  الدرعية صورة من الماضي الجميل لشيخ علي الطنطاوي رحمة الله في شهر رمضان بعد الافطا,0
يجب أن ينفذ الرئيس وعده باجراء تغييرات في تشكيل اللجنة التاسيسية للدستور لتكون معبرة بحق عن كل أطياف المجتمع,0
بيت صغير بكندا مايعرف طريقه حدا 🌼 فيروز,0
الله اكبر وتحيا مصر ،الحمد لله وحده، صاحب الفضل كله، انعم علينا بثورة عظيمة واختار من بيننا شهداء ابرار,0
اسواء... هدنة..فرضها  كيري  تشهدها  تعز,0
بمعنى اخر  ميشال عون ما زال أسير ماضيه بفعل بعض البطانة، واذا لم يستدرك الامر فان بقية القوى السياسية قد تعود لمناقشة الماضي إياه.,0
ملعونة الحياة بدونك 👌 مشتاق اسمع جمله عادل امام كلمه لحبيب قلبك حب أعمى ولسه يامصر هشوف فيكي,0
مكتوبه ليك اني انا اللي تعيش لها..مكتوبه على اسمك حياتي كلها🎶💤 اليسا,0
دعبد المنعم أبو الفتوح ( التعدديه اثراء وتنوع واكثر فائده للمجتمعالتعدديه مطلوبةوهى ليست انقسام وفرقة),0
لم أتحدث مع ال خلال الأيام الماضية على الإطلاق والخبر المتداول على بعض المواقع والمنسوب إلي بشأن تطورات الأحداث في مصر كاذب ومفبرك,0
وكامل الاحترام لـ  عباس اللي مسك لسانه وما شتمش,0
هزيمة اليمين المتطرف في انتخابات  النمسا... لا يبدو أن موضة اليمين سوف تستمر كثيرا في اوروبا,0
إذا جعلك والديك أميراً مدللاً في صغرك فاجعلهما ملوكاً متوجة في كبرك,0
الألم محسن كبير لأنه يجردنا من الغرور والدعوى  مي زيادة,0
المولد النبوي الشريف .... النبي محمد يوحدنا,0
بسمة أمل من المستشفى - إسعاد غيرك إسعاد لنفسك,0
محمود سعد :  أنا بحب الراقصات وهم فوق رأسي,0
وزراء خارجية دول الناتو يلتقون في العاصمة البلجيكية بروكسل لبحث ملفات في مقدمتها  روسيا وملف اللاجئين.  الراية,0
مواطنين في منطقة التربة  تعز يفيدون بسامعهم طائرات عمودية متوجهة الى المدينة شكلها عتكون ليلة غبراء اليمن  صنعاء  عدن  صعدة  مآرب  السعودية,0
التعليم: ضعف مستوى التعليم الحكومي وازدهار المراكز الخاصة في الدائرة بعيداً عن رقابة وزارة التعليم,0
حقيقة و  نصيحة الافكار اللي بتجيلك قبل النوم دي لازمالها ورقة و قلم عشان بجد بتبقى جامدة على المدى البعيد  اه والله,0
ان خسرنا بكرة بتكون نتيجة منطقية واذا فاز لايبزيغ اليوم بيتصدر  حماس 😅,0
الحديدة غارتين للطيران في مدينة الحديدة باتجاه كيلو 16 22/11/2016 وين الانفجار الان اليمن,0
جلال عامر الغائب الحاضر,0
يا أمتي والحزن يعصرني علام الانحناء ما بال رحلتك انتهت وخلعت ثوب الكبرياء .. ؟؟ لو كان يسعفني البكاء لمت من فرط البكاء بغداد  القدس  دمشق,0
هافانا بعد رحيل  فيديل كاسترو ليست كما قبله،، ✌- مليون شخص يشاركون في وداع رماد فيديل كاسترو،، وداعاً  كاسترو..,0
كان محد خلا بناته يدرسون .  ماذا لو المدارس مختلطه,0
ما عرفنا بالهدنة الا من الاخبار التي تتحدث عن الخروقات!ربما كان الاجدر رفض هدنة  كيري! كما رفضت مبادرته المشؤمة !,0
سيناء المهمشة على مدار العصور السابقة واحتمال تكون القادمة,0
يجب فصل الحركة الدعوية عن التنافس على السلطة السياسية,0
الكرملين:  بوتين و  روحاني يبحثان في اتصال هاتفي التسوية السورية  لبنان الآن,0
نتفق معك في ان الرجال يعرفون بالحق ولا يعرف الحق بالرجال,0
انتظرت فى التعليق على مقال فهمى هويدى حتى قراءة الجزء الثانى الذى نشر اليوم وللاسف: ما طلبه هويدى لا يجرؤ اى انقلابي على طلبه,0
في أسبوع واحد بس 3 أحكام مثيرة للجدل أصدرت في  مصر1- براءة نجلي  مبارك2- الغاء حكم الاعدام لـ  مرسي3- رفع  أحمد شفيق من قائمة الترقب,0
نودع اليوم فقيد الصحافة المصرية صاحب الكلمة الحرة الأستاذ سلامة أحمد سلامة إلى مثواه الأخير وهذا أقل ما يمكن أن نقدمه لقلمه المحترم,0
عاجل حلب || يحدث الآن تحليق كثيف للطيران الحربي و غارات عنيفة جداً محيط حي   الزهراء   و حلب القديمة,0
الاحلام ممكن تتحقق ... عادل امام الزعيم,0
لا نزول لميدان التحرير لا نزول لميدان التحرير اكررها والا استوعبتوا فخ قذر منصوب لتكرر مذبحة رابعة,0
فالنسيا خيب ظننا للآن كان الدوري لنا لكن ضيعناه قدام اشبيلية والكلاسيكو قبله !!  قهر,0
إطلاق رواية  رامبير-حفلة تنكرية  للمتوكل طه  المطبخ الاخباري  فلسطين,0
أنا كتبت النهارده في المعصرة أشهد لك بالفضل إنت والشباب اللي معاك في نزولي يوم خمسة وعشرينشكرا ياخالد ياجميل,0
د.  محمود العلايلي:أرى أن الفريق  أحمد شفيق رقم مهم في المعادلة السياسية المصرية ولا يمكن إغفالههل ترى أن هذا صحيح؟ أربعة زائد واحد,0
للتوضيح دار المنى السويديه في صاله ٥ جناح٨٤ وليس في صاله ٧  معرض الكويت   معرض الكويت الدولي للكتاب,0
مع جورج إسحق في وفد المجلس القومي لحقوق الانسان للمراقبة، نتحرك في شرق وشمال القاهرة، أدعو الجميع للمشاركة ومنع التجاوزات إن وجدت,0
يارب قرّ عيني بكُل دعوه فاض بها قلبي 💙,0
8 :) كان حي الطبقة المتوسطة العليا في  مصر و ذهب اليه الكتاب و المثقفين المصريين بحثا عن مزيج نادر يتفق مع طبيعته,0
ع سبيل النكد  باسم مش جاى النهاردة :(,0
السعاده ان يكون من نحب بخير وعافيه فنحن نشعر بهم ونهتم لامرهم حتى لو لم نراهم 3,0
ماهر زين ناااس تشبهلنا : ^ ^,0
"هدم واحراق المساجد والمنازل وحشية لم يفعلها الاحتلال الغاشم, الانقلاب تحول الى ابشع احتلال لمصر وشعبها",0
سلامتك يا خليفة إن من حق ولي الأمر علينا جميعا أن ندعوا له بظهر الغيب بالشفاء العاجل اللهم ألبس الشيخ خليفة ثوب الصحة ولباس العافية,0
بمناسبة المولد النبوى الشريف سنقوم بعرض مجموعة من الموالد النبوية قربة لله تعالى ، ليست للبيع و انما هى مقتنيات شخصية,0
حماس تطلق علي انطلاقتها إل 29 عنوان قدسنا عهد ووعدفي ذكري مولد  نبينا  محمد صلي الله عليه وسلم,0
الاتراك استضافو النازحين السوريين في المخيمات!!! والله ما قصرو ! رايتهم بيضه! شكراً تركيا❤️ تركيا,0
منذ غرس بذرتها الشهيد  حسن البنا ليسقيها بدمه صاحب الظلال ليتم الفتك ببطل أول صندوق إنتخابي ديموقراطي وشعبية  الاخوان …,0
أصدق مافي تاريخ حسنين  هيكل هو عملة من أجل قطر وعلاقته بأمير  قطر,0
وكَمْ من أَخٍ لِي سَاهِرِ اللَّيْلِ لَمْ يَنَمْ … ومُسْتَثْقِلٍ عنِّي مِنَ النَّوْمِ رَاقِدِ❗️☘ ستبقى حلب  كوب لشخصين  رباب الكلم,0
تعريص  برهامي ووساخة حزبه والدعوة السفهية بدأوا من يوم ما دعموا  أبو الفتوح مش حاجة مستجدة !,0
أكدت مصادر رسمية لـ «الحياة»أمس، أن وفداً سعودياً رفيعاً سيزور  بيروت غداً (الإثنين) للقاء رؤساء الجمهورية العماد  ميشال عون,0
لافروف: الهدنة محاولة شراء وقت وإفساح المجال للمسلحين بالتزود بالسلاح والتقاط الأنفاس..هي  استراحة للمسلحين . حلب سوريا تصريح فيتو✋🏽,0
يارب تيسر أموري القادمه 😔❤️,0
ماذا لو المدارس مختلطه ما بحل واجبات ابدا,0
الناس لازم تقتنع إن الاحقاد و المشاكل اللي تسببت فيهم الازمة الاهليه اللي في 2014 حتعاني منها ليبيا على مدا طوييييل جدا.   ليبيا  بنغازي,0
تقول  صلي ع النبي  و أجدعها خناقة تنفض,0
عاجل | مجلس الأمن يوافق بالإجماع على قرار لإرسال مراقبين إلى  حلب الشرقية,0
نوال الزغبي  قبل ماتنامي تذكري اني بحبك❤وبكرا رح حبك اكتر❤😍🙈,0
الحب هو أن تُشْبِعَ حبيبكَ اهتماماً قبل إشباع رغباتِك..!”,0
أوقفوا الفحم في  مصر,0
انا  الأسد انا شجرة كبير مادة جدورها فـ الأرض شايلة ناس كتير اوي ~ بس انا اللي هشيل نفسي، انا هوصل للي فـ دماغي,0
لا يوجد تيار بقوة هذا الشعب العظيم الذي قام بالثوره,0
د أبو الفتوح : مشكلتكم تحتاج لقرار ادارى والحكومة الحاليه ضعيفة لدرجة انها لا تستطيع اتخاذ قرار ولا بد من سرعة,0
الجيش السوري يتقدم في  حي الحلوانية و  حي الميسر و  حي الجزماتي بمدينة  حلب.,0
1957 - إلى أبد الآبدين  وفاء لجبران  جبران تويني,0
أسامة غريب تشرفت بالدفاع عن الكاتب الساخر المعروف الأستاذ أسامة غريب فى قضايا الرأى التى كان يحاكم فيها أيام,0
الدماء التى أريقت في مجزرة ارتكبتها الدولة بماسبيرو لايمكن ان تضيع دون حساب واجب الرئيس أن ينفذ وعده بمحاكمة كل من تورط في قتل ابنائنا,0
احداث العمرانية وصمة على جبين كل مصرىالدين لله و الوطن للجميع,0
جمال سلطان فضح الانقلاب واعاد الحق لمرسي بعد ان عانده كثيرا,0
مبروووووووووووووووووك للريال حببتى بس الصراحة البايرن هوالى كان احسن  ذا شامبيووونز,0
حـازم إمـام: جمـاهير الأهـلى  بتــفهم كـورة,0
بعض الناس سيرفضون اى تصرف من الرئيس مرسي حتى لو كان صائبا خصومتنا السياسية اذا تحولت لعداوة تعمينا سأساند الحق كما اراه حتى ولو كنت وحدي,0
عاجل :  تركيا : منع الآذان غير مقبول وإهانة لماضي وتاريخ  القدس  فلسطين,0
فوائد الإلحاد مقال كتبته منذ فترة في الشروق و تعرضت فيه لمغبة التنفير من الدين على يد من يتكلم بإسمه,0
ا*ا يا سلام روح أم  النائب العام :),0
الإعلام الغربي لديه إنطباع أن كل ما يصدر من محللين أو صحفين سعوديين موجّه من الدولة.المهنية تتطلب أن يؤكد من ليس له صفة رسمية أن رأيه شخصي.,0
يوسف الحسيني هدف الإخوان في 19نوفمبر الوصول لميدان التحرير والسيطرة عليه  السادة المحترمون …,0
الرئيس الحريري يلتقي رئيس حزب الكتائب سامي الجميل في بيت الوسط لبنان  اللواء,0
كان نفسك تصرخ للعالم ملقتش ف قلبك صوت ضحيت بحياتك والظالم بيجرب فيك الموتجربت تموت..  اليسا❤️,0
حلب المحروسة ... ستبقى درة الشرق والحصن الحصين لتراث الأمة الخالد.  ستبقي حلب,0
اليوم عيد ميلاد الدكتور البرادعي الثورة المصرية تمر بلحظة حرجة الثورة تنتظر منه ومنا الكثير كل سنة وانت طيب يا دكتور محمد الثورة مستمرة,0
الشعب  المصري اجمل حاجه فيه ان في وسط  الهموم بيقدر يخلق  الضحكه,0
انخضع للإرهاب؟ هذا ليس حل,0
"بعد مصادرة فيلم حلاوة روح, منع  سما المصري من الغناء! متى يرفع مسئولوا هذه الدولة الوصاية على هذا الشعب؟  لا للسلطوية",0
وصول الثوار لميدان التحرير احد اكبر علامات اسقاط الانقلاب والعلامات الكبرى والاخرى قادمة مع قادم الايام,0
خطاب مرسي بداية جيدة نتمنى ان يكون ذلك بداية لتوحيد الصفوف ضد العسكر,0
إغلاق حسابين على تويتر ينشران فضائح الفساد بسبب  أردوغان  الاخوان جماعة ارهابية  تركيا  قمع,0
خلاص يازين من حبهم عزلنا  اكتب عبارة على باب قلبك,0
اليوم العالمي للغة العربية يفترض لها كل يوم وكل ساعة؟ لغة القرآن الذي نتلوه يوميا لغة التعليم المدرسي لغة العبادات لغة امة الخير,0
د أبو الفتوح : مشروعي يتركز في أربعة محاور، أولها الاهتمام بالتعليم والبحث العلمي لان هذا هو الباب للتقدم ونقل,0
بل إن الله تعالى أقسم بها حين قال (وليالٍ عشر)، وهذا وحده يكفيها شرفاً وفضلاً، فإن العظيم لا يقسم إلا بعظيم فلا يفوتكم الأجر العظيم,0
شبرا العظيمة دوماكل يناير واحنا هنا,0
انتظروا ثورة الجياع قريبا جدا  مصر الليلة,0
الدفاع الروسية : ارسال 40 طنا من الهدايا   للاطفال السوريين بمناسبة أعياد الميلاد ورأس السنة تمهيدا لبدء توزيعها  روسيا  سوريا  اللواء,0
ريال مدريد - كلوب أميركا، نصف النهائيالساعه ١/٣٠ الظهر هلا مدريييد ولاشيئ اخر ❤️❤️❤️,0
القراء الأعزاء اعترافا مني بأننا معشر الصحفيين عالم ولاد تيت (الا من رحم ربي) وأننا احيانا نلجأ لكتابة …,0
بين فسيفساء التكفير والتفكير مساحة ليست بالواسعة المنبسطة ولا هي ارض قحط وعرة  مصر  لبنان  تونس  الأردن  الإمارات  السعودية  العراق  فلسطين,0
المدن -روجيه عوطة-نينا هاغن وعجينة الفم المتهكِّم  غناء الصراخ  غناء  فن  ثقافة,0
انتتته لميييييين انتههه إليييي ؟؟؟؟💛🎶 إليسا,0
لا يجوز للسلطة التنفيذية ان تتدخل لمصادرة اي منتج ابداعي فيلما او كتابا او ايا كان نحن في حاجه للمبدعين,0
سمعتها كتير بس اول مرة احسها وافهمها وعرف انها حلوه اووى كدا اغنية  شيرين انا كلى ملكك,0
إعلان الدم الدستورى بمجرد أن انتهت قوات الجيش والشرطة من مذبحة الحرس الجمهورى,0
حكومه لبنان العبرة بالعمل لمصلحة الشعب اللبناني مش لمصلحتن الشخصية .,0
يجب على كل ابناء  الزمالك مساندة ميدو ودعمه بشكل كبير ميدو استطاع تغير اشياء كثيرة داخل النادى موجوده منذ زمن بعيد قوي,0
صباحي:  عدلي منصور أصدر قانون  التحصين  لخدمة الفساد| أي كلام وتشكيك المهم يوصل للكرسي,0
احلى أغنية تيتر في رمضان اغنية شيرين - مشاعر من مسلسل حكاية حياة | النسخة الاصلية  مصر  كلام في الحب,0
اقرا ؟ خطر مشاهدة الافلام الاباحية  تفتك الدماغ,0
عدت من الاسماعلية منذ قليل بعد يوم حافل ختمته بمؤتمر جماهيري دفء مشاعر أهل الاسماعلية هون برودة الجو,0
عن فرحتك وانت بتجدد الباقه,0
مبروك على مصر وأهل مصر اﻷبطال اﻷشاوس المحترمين المتعلمين المثقفين كل شعب مصر شعب راقي كلمتكم الموحده و  سأنتخب السيسي,0
لافروف: المسلحون الذين سيرفضون مغادرة  حلب سيتم القضاء عليهم,0
بلال فضل مفتقد مقالاتك جدا,0
2002 فيلم جامد جدي فعلاً,0
ريال اشكبره بوعيال للحين يحب نوال الزغبي,0
عاجل الجيش السوري ينفذ كمينا لمجموعة من المسلحين حاولت عبور منطقة  جباب الشعاير  في الريف الشمالي لـ  درعا باتجاه اللجاة ما أسفر عن مقتلهم,0
تفكيك  الشرعية وتذويب مشروع  الحسم  كيري  الحوثي  هادي,0
اكسترا تايم| سيف داوود نجم النادي المصري السابق : زيدان يقدم موسما رائعا مع ريال مدريد وليس صحيحا أنه يفوز بالحظ,0
لله الحمد تجوزنا 5000 محب و متابع لصفحة  الأقصى متى نصل لـ 10 آلاف محب ومتابع ؟؟  تغريدات الدكتور عوض القرني,0
مكتوبة ليك واهي كل حاجه بوقتها يكمل حياتك بيا لما دخلتها وقت ماشافك قلبي شافت عيني فيك صورة حبيبي اللي في خيالي رسمتها🙄❤  اليسا,0
مع ريال مدريد استلم فريق مجهز من جوزيه مورينيو كان يصل لنصف نهائي الابطال وفي اول موسم لكارلو جنى ثمار المو وحقق التشامبيونز,0
عدلى منصور :مصر أخلصت فى الحرب والسلام سلام المنتصرين وأخلصت للسلام الذي التزم به الطرف الأخر,0
يوسف الحسيني يفضح كذب قناة الجزيرة ويكشف تمثيل الاخوان دور الموتي تحت اشراف الجزيرة,0
تطاولك على شيخ الأزهر تجاوز كل الحدود  السادة المحترمون …,0
هدنة حلب تدخل  الآن حيّز التنفيذ لإجلاء نحو٣٠ ألف من السكان المحاصرين في  حلب بدءً بالجرحى ثم كبار السن  ثم مسلحي المقاومةو  جبهة النصرة,0
ولما تبص  حواليك هتعرف انك  احسن من ناس  كتير عشان كده  لازم تقول  الحمد لله,0
تأكدوا أن التزام الرئيس بالقانون والحفاظ على استقلال القضاء وتدعيمه هو فى مصلحة الشعب قبل أى طرف آخر,0
خلاصة كلامي: خايف من انفراد فصيل سياسي بالسلطة؟ انضم لحزب ينافسه وابذل جهدك لنجاح الحزب في انتخابات مجلس الشعب القادمة والفرص فعلا متاحة,0
شاهد - آخر كلام: جمعة الغضب لا تزال في الذاكرة,0
وعن علي رضي الله عنه قال: قال رسول الله صلى الله عليه وسلم:المهدي منا أهل البيت، يصلحه الله في ليلة. رواه أحمد   الشيخ ميزو,0
اعلان 🎊توصيل مشاوير🚗توصيل طلبات من المطاعم وجميع المحلات🌭تسعدنا خدمتكم ،، في عنيزة😊0531031399☎️ عنيزة مشاوير نقل كريم اوبر توصيل,0
جولة  السوري الحر بدرعا || جولة مع أمير الإقتحام  جبهة النصرة في تل الجا: عبر,0
مصر لشعبها وليست لسويرس والعسكر مصر لن تنام الا عندما تعود الشرعية لن تحكموها أبدا بالرصاص والحديد والنار,0
برضو نصف نهائي الرولان غاروس 2011 نولي وفيدرر لما فيدرر وقف انتصارات نولي وأشر بيده : انا الرقم واحد .. كانت مباراة بنت حرام,0
قالها جستن بيبر ؛ انا مو ولهان انا انا دنيا من الوله 🌚👌🏼,0
مواليد برج  الأسد تعجبك صداقتهم كثيراً,0
ماذا لو المدارس مختلطه ماراح اغيب ولا يوم,0
3 ماعنديش مانع انا بتكلم عن الفجر في الخصومة,0
التعاطي مع ملف النازحين السوريين في لبنان يكون فقط مع منظمة الأمم المتحدة فقط ونازحين السوريين في لبنان يرفضون التعامل مع النظام السوري,0
بعد عاشوراء خشيت جو مع رمضان والصيام كل م مسكت ماء احسب اني صايم وهكذا,0
أحبك حبا لو يفيض يسيره  جوهرة  محمد بن أبي أمية,0
هل هناك حضارة دون وجود المرأة؟ يجب أن نثق في قدرات المرأة فهي دائماً جزء من النجاح، من غير المرأة لن تكون هناك,0
هالايام تمر علي مواقف قديمة لكن مع أشخاص جدد  احساس غريب,0
الف مبرررروك للعالمي ولجماهيرهـ   النصر الهلال,0
الداخلية بلطجية  تعذيب المهندسة داليا رضوان تم الاعتداء عليها بالضرب الخميس الماضي في أحد الكمائن بالعجمي وتم,0
🔹الثقافة القرآنية🔘 ما يخرج أمتنا من مأزقها و هوانها و ذلها بين الأمم هو العودة الصادقة إلى الرسول ورسالته.💚ذكرئ.المولد.النبوي.الشريف,0
عاجل |  سوريا:  الجيش السوري يسيطر على أحياء طريق الباب وكرم القاطرجي والحلوانية شرق مدينة  حلب وانهيار الإرهابيين.,0
بمناسبة  رمضانيات 3 ^ ^ استنوا ف رمضان فقرات ومفاجأت كتير عالبيدج :) 5 3 :) وحملات و حاجات,0
النصر الفيصلي عظيم بجمهورك الله يسعد الحاضرين كلهم والغايبين,0
مشكلة من يقفون في الوسط محاولين الانتقاد دون تعصب والثناء دون تزلف هي أنهم الأكثر عٌرضة للهجوم ممّن هم مؤيدون ومعارضون على طول الخط,0
في الطريق إلى أسوان لأول مرة منذ أكثر من 15 عاما بدعوة كريمة من الدكتور مجدي يعقوب لحضور افتتاح المبنى الجديد بمستشفى القلب هناك,0
تويتة فى عشق الكيان  الاهلى,0
اعتني بذكرياتكَ الجميلة، لأنك سوف لن نستطيع  أن تحياها من جديد.  بوب ديلان,0
شبكة  تدمر الاخبارية ||تعرضت صفحة الشبكة على فيسبوك لبلاغات كثيرة مما اضطرنا لتوقيفها عدة ساعات وحل بعض مشاكلهاوسنتابع اخبارنا على  تويتر,0
الانقلاب يغلق مسجد النصر ب  رفح ومن اظلم ممن منع مساجد الله ان يذكر فيها اسمه وسعي فى خرابها انتظروا عقاب الله,0
لا ده نتكاتف فيه رغم اى خلافات أو أخطاء حدثت,0
اعظم نادى فى الكون  الاهلى,0
الدراما المصرية في تقدم مبهر مسلسل  نيران صديقة راااائع جداً جداً,0
جنرال الجمهورية باحلى خطاب بأغلى عيد بعيد استقلال وطني لبنان شكرا ميشال عون لكلماتك المحبة والوطنية التي انتظرتها 26 سنة  بنت لبنان العظيم,0
الولايات المتحدة : غرامة الف دولار لاى شاحنة تمد المعتصمين والمحتجين على مد خط الانابيب فى نورث داكوتا بالمؤن بعد صدور امر الاخلاء,0
ريال مدريد متصدر بفارق 6 نقاط عن الوصيفتـشيـلسـي متصدر بفارق 6 نقاط عن الوصيف.عقبال الهلال يا ررررب 💙,0
فافرينكا عندما سئل عن ما يتمناه لرياضةالتنس في الاعوام المقبلة ؟ رد فافرينكا :ان يكون روجر فيدرر بصحة جيدة  .- روجر هو كمال التنس ❤️.,0
🔹الثقافة القرآنية🔘 رسول الله يريد لنا أن نكون أعزاء كما كان عزيزاً وأن نكون رجالاً في مواجهة أعدائنا.💚ذكرئ.المولد.النبوي.الشريف,0
لولا الانقلاب لسارت عجلة البناء والعلم والاقتصاد والحريات والقانون اسرع من احلامنا,0
انا مش فاهم واحد عنده اكتر من عشرين الف متابع لمجرد انه حاطط صورتي و محور في اسمي ريبورت و سبام من فضلكم,0
3/كتب انصح بقرائتها اعلام واقزام في ميزان الاسلام سيد عفاني ثورة يوليو الامريكية محمد جلال كشك  انتخبوا العرص,0
لبـستُ ثوب الرَّجا والناس قد رقدوا - وَقمتُ أشكو إلى مولاي ما أجدُ / وقلتُ يـا أمَـلي في كلِّ نائـبةٍ - ومَن عليهِ لكـشفِ الـضُّرِّ أعتمدُ,0
تحقيق حكومي في  لندن يعزز اتهامات  صنعاء ل  بريطانيا ب  جرائم حرب :  السعودية قصفت  اليمن بلقنابلنا العنقودية,0
متخترش حد إنت مش كل حياته ✋  مشتاق اسمع جمله عادل امام كلمه لحبيب قلبك حب أعمى,0
الحزب اليمين المتطرف يخسر الانتخابات الرئاسة في النمسا .مما يحقق الأمل الإيجابي في أوروبا ونبذهم التطرف بأنواعه.,0
ريكي مارتن تزوج رجال 🤔😷,0
د البلتاجي مخ,0
موت بغيظك السيسي رئيسك يعني هل يعقل ان ينتخب الشعب المصري رئيس يقول عن جيشه العظيم و شهدائه  عسكر !!,0
''وما النصر اﻻ من عند الله'',0
روزاليوسف- تحقيق الزميل / رضا رفعت كوارث استخدام الفحم في مصر  أوقفوا الفحم,0
ربنا يخليك ليا !,0
د أبو الفتوح في العاشرة مساء : أنزعج الآن من الأداء الأمني و هناك تباطوء متعمد من الجهات الأمنية في عودة الأمن لمصر,0
909 ألف شكر,0
شارك برأيكمن يستحق لقب احسن  اعلاميلعام 2016  اسامة كمال عمرو اديب مروة,0
وكل عيد قيامة وأنتم ومصر بخير,0
ههههههه الله يرحمك ي| عمنا ♡~`° | جﻻل عامر,0
ابراهيم عقل نموذجا!,0
🔹الثقافة القرآنية🌹🌹✨🔘 أثر الرسالة الإلهية يتحقق من خلال الارتباط بالرسول ورسالته.💚ذكرئ.المولد.النبوي.الشريف,0
طقس العرب:  هام🔴تطبيق  طقس العرب يتوقع رياح نشطة و  غبار على  الرياض الثلاثاءحمله الآن وشاهد التوقعات الخاصة بمنطقتك… …,0
في  يوم المرأة العالمي نتذكر ليلى خالد ، فلسطينية مناضلة ضد الإحتلال الإسرائيلي وأول إمرأة تقوم بخطف أكثر من طائرة …,0
بسمة أمل - أحلى متعة في الدنيا,0
تصريحات  كيري ماهي إلا فخ للسعودية سيتم من خلاله وقف الدعم الامريكي عنها لعدم التزامها بالاتفاقيةومن هنا ستبدأ آخر انفاس المملكة،،,0
المزاج الان يحتاج مباراة لروجر بمستوى 2007 بصوت الكابتن عادل يا محلااااته😍 رووجر فيدرر ولاااا غيره 😴,0
الاتحاد الأوروبي يمدد فترة العقوبات الاقتصادية المفروضة على  روسيا ستة أشهر إضافية,0
نائب رئيس مجلس الدولة في كوبا تشكر  الرئيس الأسد على صدق مواساته وتعازيه الخالصة بوفاة القائد  كاسترو,0
3 فكرتني بمقالة كنت كتبتها زمان في تحليل غنوة أشياؤه الصغرى تعذبها هابقى أعيد نشرها في المعصرة عشان الأجيال الجديدةتصبح على خير,0
(ذلكم بأنه إذا دعي الله وحده كفرتم وإن يشرك به تؤمنوا فالحكم لله العلي الكبير) [غافر:12]  أحبك ربي,0
ولا يوم اغيب 😂😂✋🏼😍💘  ماذا لو المدارس مختلطه,0
صاحب قناة الفراعين للمصري اليوم:  أنا ملك التوك شو  خبر صحيح و وصف دقيق طيب الله أوقاتكم,0
فضلوا يبرروا بمعايير بيئية صارمة لاستخدام الفحم في مصانع الاسمنت وفي الآخر سمحوا باستخدام الفحم بدون موافقة البيئة  أوقفوا الفحم,0
نوال الزغبى دى كانت مزة المزز.😍,0
مداخلة نجيب ساويرس مع الإبراشيي وتعليقه على إستقالة دالبرادعي وأحداث مصر,0
يكفينا فخرا انو بتاريخ هالجمهورية اجا رجال عالرئاسة الاولى اسمو ميشال عون..,0
افضل لاعبي الدوري الانجليزي في سنة : ٢٠٠٩  رونالدو في الصيف الذي يليه انتقل الى الريال ٢٠١٣  بيل في الصيف الذي,0
هو مرسي ما غيرش النائب العام ليه؟ هي دي النهضة؟,0
مليارات العمره علي هوي مصركل ماجاء طاري السيسي ذكرو اردوغان   . . ! قاتل الله السياسه التي ذهب ضحيتها الشعوب العربيه سواء بالذبح أوالشتم,0
احلى  ضحكة بالعالم 😍  كارمن سليمان  كارمن  محبوبة العرب  ارب ايدول  البوم  أخباري  اخباري…,0
بمناسبة إنّي مروحة قريبًا،مافيش حدّ يعرف وين يبيعو في رداء التخفّي متاع هاري بوتر،نبي نلبسه أول يومين فالكلية باش مايضيعش الوقت فالسّلام :/,0
يسعدني أن المرة الوحيدة التي سأظهره فيها في رمضان ستكون مع الأستاذ,0
طقس العرب:  شاهد🔴عواصف ثلجية قوية تضرب حالياً ولاية  كولورادو غرب الولايات المتحدة الامريكية  أمطار  الطقس  السعودية …,0
وقالو سعيدة في حياتها 😣  إليسا,0
حكمة الأسبوع: لكي يصدقك الناس عندما تشكو من إرث الإخفاقات الهائلة التي تركها لك النظام السابق لا ترث عن نفس النظام سياساته الفاشلة,0
لما تتأسف وتعترف بغلطك دا شيء إسمو  خلق جميل,0
الحريري يلتقي المبعوث الصيني الخاص الى سوريا عند الخامسة عصرا في بيت الوسط,0
ماذا لو المدارس مختلطه أمنيات المنحرفين لن تتحقق ابداً ✋🏻,0
نفسي حد يغنيلى اغنية  اهواك  عبدالحليم حافظ فرحه برده :)))  حلم,0
ادعوكم لقراءة مقالة رائعة كتبها آصاحبي محمد يسري سلامة من ٩شهورعن مغبة شيطنة الميدان من اباخوان والتي ستنقلب عليهم,0
الأرجنتين لا شي بدون ميسي 😎حتى لو فازت أداء غير مقنع ❌,0
١١ سنة و بعدك حرقة بالقلب.. بس صوتك باقي اعلى من ابواق الخونة و القتلة. رح يجي نهار و ينتصر في النور عالظلمة.. جبران تويني,0
قضاء فرنسا يدين مديرة صندوق النقد الدولي بتهمة الاهمال عندما كانت وزيرة، الذي قد يكون سمح باختلاس ضخم لأموال عامةلصالح رجل أعمال فرنسي  فساد,0
على الاخوان انهم يعرفوا ان الشعب بعد شويه هو اللى هيتعامل معهم بالتى هى لو استمروا فى نهجهم الإرهابي و المتطرف,0
الغد المشرقالجيش الوطني يؤكد  أن ميليشيا الحوثي والمخلوع الانقلابية، خرقت الهدنة منذ يومها الأول اليمن الأمم المتحدة,0
"من غادر سوريا بطريقة غير شرعية لا يحق له انتخاب رئيسها  الأسد,  الانتخابات السورية",0
الاكتفاء بالتلويح بورقة الحسم العسكري في  تعز، كلما زاد المجتمع الدولي من ضغوطه، يؤكد أن أمد الصراع سيطول أكثر في اليمن اليمن سينتصر,0
فيروز معنى لكل أوصاف الجمال.,0
مصر تواجه صعوبات شديدة لشراء الوقود مع سحب البنوك للغطاء الائتماني وفرض أقساط تأمينية عالية,0
أنا خوفي يا حبي لتكون بعدك حبي ..وبتهيألي نسيتك وأنت مخبي بقلبي.. سيدة الطرب الأولى فيروز,0
شفت سلسلة افلام هارى بوتر كلها ف يوم واحد وهشوفها تانى انهاردا عااااااااش,0
رسالة لكل أم من أمهات شباب وبنات صناع الحياة كل عام وأنتم بخير وشكراً لكم على تربيتكم لهؤلاء الشباب والبنات فهم,0
شوفو كيف شكله كيوت اغوتشي غوتشي يااااا,0
جووووووووول  زمااااااااالك  دومينيك,0
الذين يتسابقون لتلبيس مرشد الاخوان الحذاء عليهم ان يدركوا انهم يهدرون كرامتهم قبل ان يتحدثوا عن الثورة ما يفعله الشاطر بكم لن يفعله بنا,0
الثائر الحر  عصام سلطان معتقل في سجون الانقلاب عصام سلطان مش رقم  انا مش رقم,0
رأى منقول صادم جدا ليس كله بطبيعة الحال صحيحا ولكنه صارم فى الحق فى نقاط كثيرة وأقدمه لكم كما هو دون اى تدخل نقلا,0
الحقيقة العارية,0
خلود بنت مسفر تحب طلال بن مشعل اللي من الدمام ويبي توصيل ينط خاص ططفران والله  كريم  أوبر.  الدمام  الرياض  الراشد  الخبر  توصيل  مشاوير,0
مطر ربي يفرج عليك يا  بنغازي وبلادي  ليبيا,0
هذي مصر العمود الفقري للوطن العربي,0
لقد قدم قضاة مصر وقواتها المسلحة أرفع المثل في البذل والتفاني من أجل انجاح العملية الانتخابية وتأمين ارادة الشعب ولن تنسي مصر لهم ذلك,0
و لعل أسوء ما في هذا اليوم غيابك يا  باسم :-( = =,0
السعاده اخوية يهتم بيا اكتر من نفسة حتى و هو بعيد عنى,0
الجولة الانتخابية للدكتور عبد المنعم أبو الفتوح أثناء مرورها بموقف الميكروباص بالحي العاشر - مدينة نصر ونقاش حولة,0
اللہم أجعل قلوبنا رقيقہ من خشيٺگ ، جميلہ بذگرڳ ، نقيہ بحبگ !  مصطفى حسني,0
مبروك ومبروك - ولكل الزملاء واشكر كل من ساهم بانجاح هذا الانجاز الراقي اليوم  نقابة الصحفيين,0
حزب الكتائب في لبنان اعرق وأقدم الكتل السياسه وأشرف ريفي بسبب رفضهم الهيمنه الايرانية السورية على لبنان وعدم ترشيحهم لعون يدفعون ثمن مواقفهم,0
دكتور انا لدية في عائلة شخص مصاب بقصور كلوي و سببه المثانة و يريد اجراء عملية في الخارج اي في فرنسا او المانيا هل هي ممكنة,0
و أعتز بمصريتى و صعيدتى,0
ظهر السبت، متوجهًا إلى  أبوظبي عقب زيارة قصيرة لـ  مصر استغرقت ثلاثة أيام ، ولم يتم اعلان عن تفاصيل الزيارة من قبل  واشنطن او من  القاهرة,0
لو صرخ  الفلسطينون بشعار البرائة لم تجرأت  اسرائيل من منع  الاذان في  القدس.اصرخوا قبل ان يمنعوكم في بلدانكم من رفع الاذان.,0
موقف محترم حذر الأمير خالد بن طلال بن عبد العزيز عضو العائلة المالكة بالسعودية أن إجازة الخروج على الرئيس مرسي,0
4  2012   انتم اسياد النصاري باخلاقكم كنتم خير أمة اخرجت للناس,0
الهيئه الخيرية الاسلاميه :مرزوق علي الغانم يتكفل بنقل عشرات الالاف من النازحين السوريين من حلب الى المناطق الامنه مع توفير كل احتياجاتهم ،.,0
أبو الفتوح : الأنفلات الأمنى صناعة ولكن علينا مساعدة رجال الأمن الشرفاء على القيام بواجبه,0
شكرا جزيلا على الترجمة وتحياتي للأستاذة نادين،هو بس في آخر فقرة اللي قايل المقولة شاعر العامية ابن عروس وليس عمرو ابن العاص,0
تصويت هل تلتزم  الأمم المتحدة بهذا اليوم وفِي ظل الظروف الحالية للطفل  اليمني بمبادئ وحقوق  يوم الطفل العالمي   اليوم العالمي لحقوق الطفل,0
غير صحيح وموقفي الرافض سجل في أكثر من مقال بجريدة الوطن وبتصريحات لصحف أخرى من بينها اليوم السابع لكن حق التظاهر السلمي مكفول دوما,0
شاهر المؤمنين عالم رياضيات  أردني ينضم الى قائمة اهم علماء  الرياضيات  عالمياً ، نفتخر بعلمائنا مبروك للأردن  اﻷردن,0
يابوب ارجع محتاجينك بجد  ارجع يا بوب,0
اوزيل : ان لم انتقل الى ريال مدريد ساجدد هقدي مدى الحياة مع الارسنال ❤,0
بتصير مشاكل بل اول ويتعودون يصير الامر عادي   ماذا لو المدارس مختلطه,0
الحياة جميلة عندما تستخدم أدوات  السعادة بها  الأمل و الفأل الحسن و  الإيجابية و  الإيمان بقضاء الله وقدره خيره وشره,0
قرار جمهوري بتعيين رئيس الجمهورية أصدق من انتخابات  تعبيرية  مقصور حق الترشح فيها على خمسة أفراد لنقاطع هذا العبث كفانا خداع للشعب,0
السعودية  الرياض  الامارات  دبي  الجبيل تسويق 11:09:54,0
هاري بوتر ؟ هاري بوتر.,0
القرار سوف يعلن خلال الايام القادمة بعد التشاور مع الجامعة العربية و بعض الدول الخليجية و بعدمطالب شعبيةتطالب الرئيس بقطع العلاقات مع قطر,0
الأنذال كان المخطط ليومنا المنقضى هذا ، من خصوم الوطن والإنسانية ، هو تحقيق أعلى نسبة عنف وحرق واقتحام وقتل ،,0
تحية لأبطال اكتوبر وللشعب الذى ساند قواته المسلحة حتى حقق ملحمة العبور العظيم ، هذا الشعب القادر على تحقيق المعجزات سوف يحقق أهداف ثورته,0
الكثير من المدنيين في حلب الشرقية رفضوا مغادرتها واصروا على البقاء تحت حماية الجيش السوري في حلب، البعض منهم طلع الباصات ثم نزل منها رافضا.,0
اون تى في تجبر ضيوفها على قول ما تريد والمذيعة ترفع ورقة امام الضيف ليقرأ منها اعلام العار,0
ساعات عينك بتجبرك انها تيجي قدام عيون ناس تانيه متعرفهاش وقتها كل واحد بيسحب عينه و بيمد و يجري عشان يداريها  احساس غريب,0
🔹الثقافة القرآنية🔘 مولد الرسول الأكرم هو مولد للنور والعزة والهداية والكرامة والإباء والحرية.💚ذكرئ.المولد.النبوي.الشريف.,0
مهزلة .. ان يأتي محتل غازي لبلدك ويهددك بالخروج منها او الموت !!  لافروف  حلب,0
إلي شريك شفيق في مشروعهما الرئاسي الفاشل: عيب عليكما تعاونكما مفضوحتزويركما فج,0
احياناً جوجل مبيفدنيش عادي جداً,0
بقي في الأحياء الشرقية لمدينة حلب 2200 مسلح  مع عائلاتهم,0
إِيّاكَ نَعبُدُ وَإِيّاكَ نَستَعينُ,0
لافروف المقاتلين الذين سيرفضون الانسحاب من  حلب الشرقية سيعاملون كإرهابيين، وأن  روسيا ستدعم الحملة التي سيشنها الجيش السوري عليهم.,0
الدكتور بشار الجعفري: ضباط استخبارات أجانب موجودون إلى جانب التنظيمات الإرهابية في الأحياء الشرقية لمدينة حلب ويحاولون الخروج من مواقعهم.,0
صباحي بنظرة عيونك غير ، قوم و غير لي  صباحي,0
مصطفى حسني  الطريق الى الله ناو :),0
دول العالم كل يوم تقتنع ان الليبين لا يستحقون النفظ.  ليبيا  برقه  بنغازي,0
نوال الزغبي  صوت الهدوء ❤️❤️,0
في شي انتهى بيناتنا لما ابتدى..بعدك انا شو بخاف ما صدق حدا..يمرق عليي الشوق.. يهـرب عآلهـدا.. اليسا,0
قصة حدثت لي في مطار القاهرة أثناء عودتي من مكة بعد تصويري لبرنامج  باسمك نحيا  وكان عن أسماء الله الحسني - وكانت,0
المرأه ب النسبه لي ك البحر تغرق فيها لكي تفهما  اليوم العالمي للمرأة,0
اتقدم بالشكر الجزيل للفنانة القديرة هالة فاخر على رايها الذى اعتز به كثيرا,0
كذلك جميع سائقي اوبر او كريمتم مطابقة مستنداتهم الاصل وتم التحقق من سجلهم الجنائي ..٤ اوبر كريم,0
في زمنالآيفونالأنترنتبرشلونةديورهاري بوترديزنيبوينغماكدونالد نحن لسنا أمتداداً لأحدبل أمتداداً لرغباتنا وحاجاتنابالحضارة الكونية,0
فيسبوك تختبر تفنيه لتساعد المستخدمين في البحث عن واي فاي مجاني,0
ياجماعه أنا اقترحت يكون اسم البرنامج (اجمل رنوش بعمرنا ) اللي موافقني يعمل ريتويت  مولد الاعلامية الساحرة رناسماحة  …,0
الجيش السوري يسيطر على طرق امداد المسلحين القادمة من جهة حزرما باتجاه بلدة الميدعاني بالغوطة الشرقية في ريف  دمشق.,0
خلق جميل تحترم اي امراءة وماتجرحها لابقول ولابعمل,0
خامس مرة فيه بيان إدانة أو استنكار أو تعزية صدر عن الإخوان فيمن مات أو اختطف أو عذب من الجند والعمال والأهالي غيرالإخوانج…,0
قمع الثورة في البحرين بطريقة همجية جريمة تم التغاضى عنها لاسباب طائفية الانسان يجب ان يتمتع بحقوقه مهما يكن دينه او مذهبه,0
اوعى تنسى عاشوا رجاله وماتوا اسود :(,0
"لا تنفر من شيء لأنهم قالوا لك عنه خطأ وإنما جربه بنفسك, سر في الطين تتعلم كيف تحفظ توازنك  مصطفى محمود …",0
بموووووت بيونسيه,0
السفيرة الأمريكية لدى  الأمم المتحدة تتهم 12 عميداً وعقيداً سورياً بالاسم بضلوعهم بشن هجمات على أهداف مدنية أو بتعذيب معارضين.,0
لا اعترف بسفير يدين مواطنه قبل ان يجرى تحقيق محايد وعادل لا تعرفه السعودية هذا سفير مبارك وليس سفير مصر أبدا,0
الحب اللى بيبقى ف  النور قدام  ربنا  احلى  بكتر من الكلام ف الموبايل بليل وانك  تستخبى من  اهلك,0
تكوين لجنة الخمسين جامل بشكل كبير القوى السياسية على حساب الشباب والأقباط  السادة المحترمون,0
رحم الله شهداء الواجب الوطنى على حدودنا، وادعو لجنازة شعبية حاشدة ضد الارهاب والطائفية الدم المصرى حرام,0
والمصحف مرتضي منصور بيتلكك لميدو  زمالك,0
🔹الثقافة القرآنية🔘 إحياء مناسبة المولد النبوي الشريف احتفاء وتقدير للنعمة الإلهية.💚ذكرئ.المولد.النبوي.الشريف,0
النادي الاهلي هو النادي الرسمي للدولة  المادة لاولى,0
1981 الله ينور عليك يا أحمد مقالين أروع من بعض المجد للكتابة الحلوة,0
ﻗﺎﻝ اﺑﻦ ﻋﻤﺮ رضي الله عنهما :   اﻟﺘﻘﻮﻯ ﺃﻥ ﻻ ﺗﺮﻯ ﻧﻔﺴﻚ ﺧﻴﺮا ﻣﻦ ﺃﺣﺪ  تفسير البغوي (٦٠/١) قنفوده  ليبيا  الجيش  بنغازي  طرابلس  طبرق,0
اعترافات الطفولة احب كونان واحلم يرجع سينشي ونتزوج,0
الهوىٰ لملم عناقيده  فيروز 💕,0
الرئيس ميشال عون: مناورات قام بها سياسيون لبنانيون لمنعي من العودة من المنفى. وتدخلات من قبل وزارة الخارجية الفرنسية لإبقائي في فرنسا.,0
ريال مدريد نادي فخم مااشجعه بس مدري شفيني عليه 💘😍.,0
في مثل هذا اليوم٢٠ تشرين الثاني ١٩٣٥: استشهاد المجاهد السوري عز الدين القسام في معركة مع القوات البريطانية في قرية يعبد في  فلسطين.,0
المواطن دعييييييف  الماده الاولى,0
)  شيرين,0
بنغازيالقوات المسلحة تعلن انطلاق عملية موسعة ف المحور الغربي تحت اسم  عملية شهداء الجلاء وذلك للرد علي التفجير الارهابي اليوم,0
الكراهية بتعمينا عن كل الحقيقة 👌 والحب بيعمينا عن الاخطاء 👌 مشتاق اسمع جمله عادل امام كلمه لحبيب قلبك حب أعمى,0
رابط تحميل المعصرة عدد اليوم:مايطلبه المواطنون للرئيس الميمون والأبواب الثابتة ورسوم عمرو سليمأتمنى تعجبكم,0
عبر الناس داخل الكاتدرائية عن مشاعرهم بحرقة بعد قتل ابناءهم و بسبب التغطية الأعلامية الرسمية المخزية,0
كلينتون انا صارت رئيسه فاسياسه اوباما هي سياستها وترامب مثل بوش الافضل مانتعب انفسنا بمتابعتهم كلهم اعداء للامه الاسلاميه نسال الله يكفينيهم,0
طرب تايم  ذكرى ياحبيبي وينك انت وين انا الكمان خرررررافي,0
انشلوتي: أظن أن راموس سوف يعتزل في ريال مدريد. من الصعوبة بمكان أن تراه بقميص آخر غير قميص الريال.,0
اعتقالات وملاحقات من قبل  حماس في دير البلح تم على اثرها الليلة اعتقال شقيق الشيخ أبي البراء صباح تقبله الله بعد اعتقال شقيقه الثاني سابقا.,0
فنان جميل ومحبوب   عادل امام,0
كل المباريات الي جمعت بين فيدرر ونادال ❤لكن المباراة الخالدة ف ذاكرتي مباراة فيدرر وروديك ف ويمبلدون قمةالمتعة♥  افضل مباراة تنس شاهدتها,0
بوابة  اليمن الاخبارية | عاجل  الحديدة معاوده القصف وغارتين وسط المدينة.,0
😘 انتِ قصة عشق لا يفهمها الا النجوانيون  هلا فبراير,0
هل تقرأ القرآن بعد رمضان؟ هل تفهم معانيه وتفكر فيها؟ هل نويت أن تختم القرآن بعد رمضان؟ هل تعرف ثواب قراءة وتدبر,0
صورة تجمع الساخر العظيم محمود السعدني و الاخ الأصغر الفنان صلاح السعدني,0
عاجل  ريف رمشق   الجيش السوري الآن يدخل  مدينة  خان الشيخ بعد خروج اخر دفعة من المسلحين  .,0
الأسواني: أتوجه الى أصدقائى في جبهة الانقاذ بسؤال واحد:هل نريد الدولة الديمقراطية التى قامت من أجلها الثورة أم نريد,0
إشاعة الأمل أبرك من الهري ونشر المعرفة خير من الإنسياق وراء قنابل دخان الإعلامولن يضيع الله دماء الشهداء إذا ظللنا نتمثل سيرهم وأحلامهم,0
لَا حًــــوٌلَ وٌلَا قُــــوٌة إلَا بِّالَله سُبْحًانَ الله الْعَظيِم وَبِحَمْدِهْ  اذكار  غرد بذكر الله,0
ليبرمان :  إسرائيل سوف ’تدمر’  حماس تماما في الحرب القادمة,0
تشوركين ردا على سؤال ⁧ الجزيرة⁩ كيري هو من أطلق النقاش والتدابير حول انسحاب كل المقاتلين من  حلب وعدم اقتصار ذلك على النصرةوليس   لافروف,0
طاقه ايجابيه شبابية في تصوير اليوم الاول من  أرب ايدول  الموسم الثالث كان يوم رائع جدا انتظرونا  قريبا …,0
ضبط حشيش مع  لاجئين سوريين بالمفرق  شاهد التفاصيل من هنا:,0
كله الا  القدس,0
هل نراه رئيسا للحكومة قريبا  احمد شفيق,0
اوعي تفكر تفكيرك خط احمر  كاريوكى,0
عوده الشتاعلى قول  اليسا عم بتشتي ذكريات  حقيقة,0
هلْ يزولُ الظُّلـــمُ طــوعًــا *** أو حنــانًــا للضِّعــــافِ؟! أينَـكـمْ فـرســانَ قــــومي *** كـي تـهبُّـوا باصطفـافِ  غزة تحت القصف,0
طيري ياطياره طيري ياورق وخيطان بدي ارجع طفله صغيره ع سطح الجيران وينسااااااااااااني الزمماااااااااااااان على سطح الجيران 💔💔🚶🏻.  فيروز,0
تعليقي للبرنامج لا يعني انسحابي من الساحة أنا مصري و لا أحتاج إذناً من أحد للتعبير عن انتمائي,0
كل عام و أنتم بخير، تقبل الله منا و منكم صالح الأعمال,0
جول فابريجاس شبه اجوال كروس مع ريال مدريد ❤❤❤بلياردوووو,0
أمراض السياسة حين تؤلم شخصيا,0
ينشط باسم السبع ونهاد  المشنوق ليكونا عرابا التقارب مع حزب الله من وسط حزب المستقبل,0
كتب احد السوريين الجيش امتص دمنا اربعين عاما ثم قتلنا نحن فى مصر عانينا نفس المأساة ولكن لستين عاما,0
إذا استمرت القيادة المصرية الحالية في نهجها فسنرى تمردا وإرهابا في  مصر,0
تحية لبعثة مصر البارالمبية التى حققت انجازا غير مسبوق وقدمت لنا درسا فى تحدى المصاعب لرفع اسم مصر عاليا شكرا لكم وحمدا لله على سلامة عودتكم,0
الكلاب أوفياء رجاء عدم إهانتهم,0
في الفندق تواجد عدد من قيادات المشترك العادية لمقابلة هيلاري كلنتون ولكن لتأخرها في مقابلة صالح تم الغاء الموعد المحدد العلني,0
ماذا لو المدارس مختلطه بتتحول عقول الطلاب من متحجرة الى متفتحة وبتقل نسبة الغياب بنسبة ٩٠٪,0
متلازمة الالتزام بما يلزمنا به الملتزمين .(كم م و ز في الجملة واربح  ايفون ٧ ),0
48 نظرة برجماتية يمكن الليما عندوش قلب يفهم من بطنه,0
إذاغيب الموت  نعناع الجناين فإن حكاء مصرالأصيل سيظل حاضرافى الوجدان المصرى بأعماله التى جسدت أحلام المهمشين،رحم الله صياد اللولى خيرى شلبى,0
خُلقت مبرءاً من كل عيبٍ ،، كأنك قد خُلقت كما تشاء  سيدنا النبي,0
الملعب | إيهاب عبدالله رئيس نادي  دمنهور:فريق الكرة بالنادي يعتمد على مجموعة من اللاعبين صغار السن ونأمل تحقيق نتائج طيبة الفترة المفبلة,0
خلق جميل إنك تحسن معاملت من اساء اليك,0
علم ابنك القرآن وسوف يعلمه القرآن كل شي  علموا أولادكم  علم,0
من فضلك ريتويت سوا رامي عياش و مايا دياب | بدون موسيقى المدينة,0
القدس- الاحتلال ينقل الطفل الأسير أحمد مناصرة الى  سجن مجدو,0
دضياء رشوان: أن الدكتور عبد المنعم أبو الفتوح الأكثر اعتدالاً سياسيًا وديننًا، كما أنه اجتهد فى مقاصد الشريعة,0
"وحدة الكيانات العربية هي جزء من أمنك القومي وحفاظاً على وحدة كيانك,إن لم تعي ذلك  …",0
2/قوات عملية البنيان المرصوص تحاصر مسلحي تنظيم الدولة من 4جهات في مساحة تٌقدر بـ400 متر مربع شمال سرت وتستهدف مواقعة بالاسلحة الثقيلة ليبيا,0
افضل فنان بحرف  ر راغب علامة رامي عياش رابح صقر راشد الماجد,0
برنامج امريكا بالعربي - الحلقه 5 كاملة,0
ثلاثين يونيو موجة ثورية ضد الفاشل مرسي والجماعة الكذابة ما أرفضه هو القمع والعقاب الجماعي كفاية كذب وخداع للنفس,0
تحسبهم جميعا وقلوبهم شتى فهم لا يتوحدون إلا على قمع حريات الآخرين فقط,0
مليشيات الحوثي وصالح تواصل ضربها وقصفها لهدنة  كيري بكافة الأسلحة ... اليمن,0
الدائرة غير متجانسة و لايمكن السيطرة عليها من عصبية او اقلية او من اتجاة سياسي,0
عن عائشة رضي الله عنها قالت: كان النبي صلى الله عليه وسلم يعجبه التيمن في تنعله وترجله وطهوره وفي شأنه كله.  ريال مدريد,0
مستمتع بإدارة حوار الشباب المصري مع مجموعة 'الحكماء' في دار الأوبرا,0
هل يتم تنفيذ القانون على امراء السعودية السجون في السعودية مليئة بآلاف المظلومين لمجرد انهم غير سعوديين وخصومهم سعوديون هل نحب لمصر,0
لما حد بيقولي إنه بيحب حاجة أوي أيًا كانت بطلع ميتينه منشنات علي فيسبوك و إنستجرام و لينكات واتساب و تويتر و بيبقي مش عارف يروح مني فين😂,0
يا اهل الحرمينانتم تعلمون انا نحبكم ولو اجتمع اهل الارض لـن يفرق بـيننا سيسي ولاغيره 🇸🇦اخــوة🇪🇬 مصري مليارات العمره علي هوي مصر,0
الشروق غدًا محافظ الغربية يفتتح المعرض السنوي للأنشطة التربوية: يفتتح اللواء محمد نعيم، محافظ الغرب  مصر,0
من يتفرج معايا ع هاري بوتر,0
احد ضحايا الاخوان اصابوه برصاصة في قدمه ثم عذبوه ببشاعة داخل الجامع هو احمد ثابت عضو 6 ابريل وهو يعالج الان في مستشفى البترول بالإسكندرية,0
الاستاذه ميريام فارس ليها اغاني حلوه فشخ مش واخده حقها,0
مصر العربية | عاجل| إبطال مفعول  عبوة ناسفة بـ  شمال سيناء,0
لا تسمع للكارهين فهم يستحقون الشفقة انت لم تخطئ في التقدير تقريباً منذ 25 يناير لك كل الاحترام و التقدير ويشر…,0
الانقسام بين القوى الوطنية طبيعي ولكنه حدث قبل إنجاز اهداف الثورة فاستفاد منه النظام القديم يجب ان نضع الثورة قبل المصلحة السياسية,0
وداد جابر: ميشال عون لن يكمل ولايته  للنشر,0
علاقة روسيا بالفلسطينين منذ التاريخ حتى الآن - ج 2 - د. أمين صفية -  عن قُرب -,0
فيروزعيد ميلاد سعيد أيتها القديسة العظيمة اعشقك,0
القرآن يرفع الناس ويجعلهم في الدنيا والآخرة في أعلى مقام,0
عاجل القبض على محمد بديع مرشد الإخوان المسلمين فى شقة سكنية ب   رابعة العدوية,0
لست ضد قانون التظاهر ولكني ضد تجريم التجمع السلمي  السادة المحترمون,0
الهاشتاغ الاكثر تداولا اليوم في لبنان  عباس في غينيس بوك  جامعه مش حسينيه  الجامعه بترجع جامعه  مني مرعشلي  حمله دفي  وينن  الضنيه  لافروف,0
مستشفى الجلاءرغم كل ما حدث و يحدث و سيحدث ستظل  بنغازي صمام آمان الوطن و  لابد من ليبيا و إن طال النضال بسواعد أبطال شجعان و عقول نيرة,0
هناك بلاد منعوا فيها المساجد عن الاذان... 😦فقامت الكنائس للاذان والصلاة فيها ...😊 انها  فلسطين 😍❤💪,0
المؤامرة الحقيقية على مصر هي إعادة إنتاج الاستبداد بإجراءات متسارعة، الآن ينقل نائب عام عينه الرئيس مستشارا جليلا تعسفيا لرفضه احتجاز أبرياء,0
زملكاوى انا و الفخر ليا,0
اللهم احرسني بعينك التي لا تنام، واكْنُفْني بركنك الذي لا يُرام، لا أهْلِكُ وأنت رجائي، رب ! كم من نعمة أنعمت بها,0
ميركل بتحاول إرضاء اليمين المتطرف، خوفا من خسارتها أمامه!,0
القرار يدعو إلى نشر مراقبين حول مداخل حلب وداخل أحيائها الشرقية لفترة غير محددة,0
تدهور الحالة الصحيّة لعائلات شهداء وجرحى  الثورة المضربين عن الطعام,0
ما أغيب ولا يوم  ماذا لو المدارس مختلطه,0
بورك لك في المولود أدعو الله ان يجمع شمل الأسرة في بيتهم الطيب و يجعل من خالد نعم الإبن لنعم الأبوين,0
هتحبك لو صحتها من النوم علشان تقولها بحبك ;),0
مدرسة الطبري بشيراتون,0
ابي حساب شخص يوصل من امازون الامريكي وانتم شخصيا ضامنينه,0
13 قتلى وأكثر من 450 مصاب في محافظات مختلفة، هذه مقدمات كارثية لاقتتال أهلي حذرت منه دوما وينبغي رفضه ومواجهته، كل الدم المصري حرام,0
كوني لنا الأم الرحيمة التي لا تكدر أبنائها مهما كانوا أشقياء ....وكوني لنا الأب القوي الذي يخاف على أبناءه مهما كانوا أعصياء .. ليبيا,0
منعوا الاذان في المساجد فرفع الاذان في الكنائس  فلسطين <3,0
مدينة  السادات كانت كل المباني فيها تقريباً (مباني المدينة أو الجهاز) عليها سخانات شمسية,0
: شمروخ فى الايد يغنى والنار رمز احتفال وان جيت فى يوم تلومنى مش عالبال   : وتعيش الاولتراس بتحارب على مر السنين  الكورة للجماهير,0
نشكرك تكلمتي بلسانا جميعا :),0
بدمّع لما اتذكر أديش كبيرة خسارة  جبران تويني. مرقت أيام وبوجعني قول يا ضيعان لراحوا. ١١ سنة وما انعرف  مين قتل جبران  بدي جواب  هوا الحرية,0
عاجل  حلب  الجيش السوري يستهدف مواقع الارهابين  في حي الزبدية بالمدفعية الثقيلة,0
دعبد المنعم أبو الفتوح لـ : فضلت خوض الانتخابات كمرشح مستقل لأمثل كافة طوائف الشعب المصرى,0
مصر تعيش وضع مأساوي أوصال الدولة تتفكك والعنف في إزدياد النظام بشكله الحالي عاجز عن إدارة البلاد لابد من المراجعة الجذرية قبل فوات الأوان,0
صور | قوات  الاحتلال تقتحم بلدتي دير الغصون، وصيدا، قضاء  طولكرم، وتعتقل كلا من:فادي رداد، ولؤي الأشقر، من صيدا، وفؤاد القب من دير الغصون.,0
دعلاء الأسواني: لماذا يتحرش المصريون بالنساء ؟! أقرأ المقال كاملاً ؟! >> … …,0
في حد إبن حلال عمل الفيديوهين بتوع ناسا جنب بعض عشان يبطلوا مغالطة ويقولوا ده نفى في فيديو تانيإتفضلوا الفيديو أهوه,0
بنغازي تطويق وتكبيل منطقة قنفوده بجميع أنواع الاسلحه من قبل الجيش لتحريرها,0
ليه يوصلوا الواحد في سنة إنه يكره عيشته واليوم إللي إتولد فيه؟  ثانوية عامة  علمونا صح,0
بنات عمارة انت الامل فى العيون  بنات هندسة,0
من الاخير اخذها ارتباطي بنجوى كرم اشاعة و ميريام فارس بنت حارتي بس 🏃🏻,0
الله ينور عليك يا دكتور عبد المنعم ابو الفتوح، الهي ما تنضام ابدا انا من عندياتي باحبك  3,0
حكومة  هادي في  الرياض ترضخ وتوافق على الهدنة والذهاب الى المفاوضات لمناقشة خارطة  ولد الشيخ ..  اليمن  صنعاء  كيري,0
ابغى اصادق وحده تشبه هاري بوتر بمدرستي وهي اكبر مني الي تعرف كيف تجي خاص تقولي بليز💔💔,0
تحية وتقدير لچورچ اسحاق ستبقى دائمًا رمزًا للشجاعة والوطنية وإنكار الذات الثورة مدينة لك بالكثير,0
ارجو الدعاء للراحل العظيم محمود السعدنى    اليوم ذكرى وفاة الولد الشقي,0
لما تقول لأنسان بسيط كلمه حلوه تسعده  خلق جميل,0
اللهم اغفر لأمواتنا وارحمهم وعافهم واعف عنهم واكرم نُزلهم ووسع مدخلهم واجمعنا بهم في جنانك  دعاء  دعائي  غرد بذكر الله  أدعية  يارب,0
المذيع المحترم بتاع مصر ٢٥ بيقول فيه مظاهرات في شبرا بتهتف  بالطول بالعرض حنجيب الاسلام الارض  ثم يتسائل ما دخل الدين في صراع سياسي,0
سوريابقي نحو 10 آلاف بين مسلحين وعائلات ينتظرون الخروج من الأحياء الشرقية لـ  حلب,0
🔹الثقافة القرآنية🔘 في هذا العصر نحن بأمس الحاجة لاستذكار نبينا وتعزيز الارتباط به من جديد. 💚ذكرئ.المولد.النبوي.الشريف,0
قرار وزير الثقافة يخالف قرار الإتحاد الدولي للمنتجين والسينمائيين في شأن عدم إسناد تنظيم مهرجان القاهرة لدكتور يوسف شريف رزق الله,0
علي سبيل  الآآدمان القـاتل :-    ميرنـدآ تفـآح  شيكولآآته  شيبسي [[ ]]   لو بتحب حآآجة فيهم لآآيك :),0
جبهة ثوار سوريا - القطاع الجنوبي : القنيطرة تمكن المجاهدون ضمن معركة  صدى الأنفال صباح اليوم بفضل الله من,0
خلق جميل عندما يفضح احد الاصدقاء اسرارك ولا تقوم انت بالمثل,0
خليك متحضر  معا نحو التحضر,0
الدوري المصري :- احمد الشيخ عن احتفال تحدي المانيكان:  قولت انزلها مصر,0
الجيش السوري بعد 5ستوات من الصمود امام واشكال الإرهاب  يستحق وقفة اجلال هنيئا ل  سوريا و  الشعب السوري ستنتصرون ولو بعد حين,0
عيد الأم  امي امي يا اجمل ما يبدأ بهِ يومي فَ سبحان من صنّع من دعواتكِ سعادةٌ لي لا تنتهي,0
يا ترى إيه اللى بيشدنا كده فى مصررغم كل المشاكل الى حواليها دى؟ خفة دم شعبنا؟ طيبته؟ شهامته ؟ النيل و الشمس؟ مش عارفرغم المنغصات,0
لمصر شعب يحميها رب أجعل هذا البلد آمنا مطمئنا,0
الله أكبر الله أكبرالله أكبر لا إله إلا الله تكبيرات العيد تبعث فى الوجدان طاقة إيمانية عظيمة كل عام وأنتم بخير,0
يعني اي شخص يطلب اوبريركب وهو متطمن لان جميع معلومات السيارة يقدر يشوفها وكذلك اسم السائق٢ اوبر كريم,0
اتمنى ان يحقق الرئيس مرسي وعده بإعادة تشكيل اللجنة التأسيسية حتى يجنب مصر صراعات ستدفع ثمنها غاليا لابد من تطهيرالدولة من الفاسدين والفلول,0
افضلي اتجاهل كل شيء واقعد اشوف هاري بوتر اليوم والله افضل ملجئ,0
الحزب اليمين المتطرف في ايطاليا فازوا طبعاً حزب بيرلسكوني   و ٩٠ ٪ منهم مع الخروج من الاتحاد الاوروبي  لكثرة المهاجرين طبعاً ايطاليا   بوابة,0
امل محمود فى ذمة اللهرحلة عطاء ومقاومة باسلة ستبقى فخرا لجيلنااالهم اجزها خيرا عنا وبواسع رحمتك ادخلها واسع جنتك,0
منزين عيالنا عشان تصير مختلطه مب ناقصين حومة كبد .  ماذا لو المدارس مختلطه,0
ما نحن فيه الان هو كله بفضل الشهداء و مصابي الثوره لذلك لابد من تاسيس هيئه تكون مهمتها تكريم اصحاب الفضل فيما نحن فيه الان,0
نادين نسيب نجيمما شفتها بس اكيد كالعادة القمر 🙊😍,0
من عيوب وسائل التواصل الاجتماعي أنها أصبحت أداة لرد الفعل وليس الفعل، ننشغل بردود الأفعال اليومية أكثر ما ننشغل بالتخطيط والتفكير للمستقبل,0
شبيسى ليز اللى كان عليه طماطمية كبيرة  مقدرش انسى,0
لا يفوتكم يا شباب محمد فودة على اكشن يا دوري وفقرة الاخطاء التحكيمية  حممممااااس,0
الغوطة الشرقية:  الجيش السوري يتقدم في حوش شلق بالغوطة الشرقية وسط اشتباكات مع أرهابيي   جيش الاسلام .,0
ثلوج متوقعة على المناطق الشمالية والجوف فجر الثلاثاء  طقس العرب,0
غزة- الاحتلال يقرر استئناف بناء جدار قطاع غزة الجديد,0
المتحدث باسم  حماس حازم قاسم: لم نتلق أي دعوةلحضورالجلسةالافتتاحيةلمؤتمرفتح السابع، وفي حال تلقت الحركة الدعوة سيتم دراستها لاتخاذ قرارمناسب,0
كل سنة وانت الحب ❤️😘 فيروز,0
رامي عياش 👏🏻👏🏻👏🏻❤️,0
الفرد هو الركيزة الأساسية التي تقوم عليها عملية التغيير والإصلاح والتي و إن بدت صعبة إلا أنها ليست مستحيلة ، بل,0
زد رصيدك35 المطيري ع قلوبهم .. التمو حزب حسب الله ( الشهاريه ) 😷,0
الأم المثالية … تُخفي دمعتها عن أطفالها حتى لا يدخل الحزن إلى قلوبهم تظهر ابتسامتها لصغارها وإن كان قلبها يعتصر الألم!! قلبها كبير,0
نحن بحاجة إلى وسطية في المعاملات واعتدال في المواقف و الا تعرضنا لعوامل هدم المجتمعات الكبرى   مصر  تونس  لبنان  الإمارات  فلسطين,0
مصر حسمت هويتها منذ مئات السنين بأنها دولة مسلمة وعربية وقبل ذلك بأنها أم الدنيا التى تفتح أذرعتها للجميع وتتواصل مع كل الحضارات,0
نرى ان قرار مجلس الامن اليوم حول مراقبة خروج المسلحين و المدنيين مع عائلاتهم م احياء حلب الشرقية نراه من حيث الضرورة لزوم ما لا يلزم.,0
الشاباك  الإسرائيلي: حذرنا الجيش من شح المعلومات حول كتائب  القسام الجناح المسلح لحركة  حماس قبيل حرب 2014  بثلاثة أشهر. طيف نت,0
استقبل مدير الجامعة ........ فازا بالمركزين الأول والثاني في مسابقة حفظ القرآن الكريم اليوم العالمي للّغة العربية,0
الاختيارات مش عاجبانى,0
ممكن امك تكون بتحب الفسيخ بس عيالها وجوزها اللي هو ابوك يعني مش بيحبوه وتكون نفسها فيه بس ماتكلوش عشانهم هي ديه  الأم المثالية,0
ماذا لو المدارس مختلطه كان تسمون الخميس الكئيب مش الونيس لو عليكم كمااان داومتوا 😂😂😂,0
مؤتمر حزب العدل لدعم  حمدين صباحي رئيسا لمصر : حمدين صباحي: مشروعي هو قيام دولة مدنية خالية من الفساد,0
لو كان بخاطري نفسي اطلع لعمل تطوعي لمساعدة النازحين السوريين💔,0
سحل متظاهرين بالقصر العيني - ليعلنها  مرسي بصراحة-هل انت فاقد السيطرة على الداخلية؟ أم انت المسؤول؟,0
جنبلاط عرض وريتشارد التطورات في لبنان والمنطقة,0
سي بي سي: إبراهيم محلب يشارك باحتفالية تنزانيا اليوم بمناسبة العيد الخمسين للوحدةنيابة عن الرئيس  عدلي منصور,0
الوقوف دقيقة حداد على ارواح شهداء احداث سيناء وعلى شهداء ثورة 25 يناير في بداية المؤتمر الجماهيري,0
ماذا لو المدارس مختلطهماقدر اقول انه مرة بيكون مافي فساد لا في فساد بس اعتقد بيكون اقل من اللي صاير الحين بكثير الكثير,0
وراحت الايام وشوي شوي.. سكت الطاحون عا كتف المي ... وجدي صار طاحون الذكريات .. يطحن شمس وفي.  فيروز,0
تم بحمد الله القبض علي عصام العريان شوف بالصورة,0
من احتفالات المولد النبوي الشريف,0
نفسي ارجع لأيام كانت الحاجه الوحيده اللي مش تخليني اعرف انام لما يبقي عندي رحله في المدرسه تاني يوم  ذكريات مدرسية,0
فى هجاء الغتاتة!,0
الحشيش حلو مفيش كلام  اه والله,0
بسمة أمل جديدة مع لذة العطاء,0
بكرة احسن ولسة في امل,0
مردخاي:  حماس وحدها هي المسؤولة عن ما يحدث على حدود  غزة من اضطرابات ومن يحاول التسلل من سكان غزة نحو  إسرائيل  سيعرض حياته للخطر.,0
ذات مومنت لما تقدم عرض عمل جديد متحمسله عمرك ما إشتغلته لزبون واليوم موعد إجتماعه مع مقره في اليابان وشعورك أنا شن درت إن شاء الله يرفضوا!,0
العصابة الموجودة في سجن طرة لا يزال لها رجالها وأموالها خارج السجن وتدير عملية الانف,0
إبراهيم الجارحي: الحقوق مسألة موضوعية وليست محل آراء.. وليس لدينا استطلاعات حول الفريق  أحمد شفيق تحدد لنا شعبيته  أربعة زائد واحد,0
ساوند تراك هاري بوتر و مقدسات الموت يفوز بـ احمل ساوند تراك على الاطلاق بعد قيم اوف ثرونز 💛💛,0
بس اعلان فودافون الجديد بتاع عمرو دياب دا حوار😍.,0
كل مصرى حر فى المانيا يتوجه ظهر غد الى وزارة الخارجية الالمانية فى برلين لاعلان معارضته لمؤتمر الانقلاب وترعاه ملكة الاردن,0
روسيا/  لافروف: لمساعدة السوريين يجب تقديم المساعدات والتوقف عن الثرثرة  عاجل بابليك برس,0
مصر خسرت أرواح أبنائها التي لا تعوض بمال السعودية أوالامارات,0
نادين نسيب نجيمنجمة الشاشة العربية بوقت الحالي 💗😍,0
هو كان اسمه بوتر وكان دايما يتأخر في التصوير والمخرج يكلمه يقله هاري بوتر هاري بوتر لحد ماطلعت عليه..,0
كفاية اسفاف,0
حكومة الجزائر تعلن الحداد على كاسترو لمدة ٨ ايام. اقل بيوم واحد عن حداد كوبا!كيف نفسر هذا الخبر والقرار!  الجزائر  كوبا  كاسترو,0
اللهم انتقم منه انتقم من كل من فرح بدماء المسلمين والله لنقف يوم القيامة لنحاسبك اللهم حسرك على ابناءك,0
نعم انه  خالد بن الوليد رضي الله عنه يا من يفتخر ب  هتلر,0
"أشارك اليوم في مبادرة فودافون لمحو الأمية, العلم قوة, سفيرا للمبادرة ومتطوعا لتحقيق الهدف القومي بأن تصبح مصر بلا أمية",0
بعض الناس يتميزوا بالثبات على مبدا  عدم الثبات على مبدأ,0
ماذا اعطاك الوهاب  الحمد لله انه الوهاب و ليست الهبات في يد البشر,0
ي لبييه.  ماذا لو المدارس مختلطه,0
حلب المحرقه والتهجير وهذا يذكرنا بما حصل للفلسطينيين فى 48 من الصهاينة تحت نظر واشراف بريطانيا وحلب تحت اشراف الروس والامريكان ومن قبل ايرا,0
لا يهمني الكلمة نفسها في قضية ليبرون و فيل جاكسون بقدر ما يهمني اللعب في محتوى القصة و ذكرها من جانب واحد سلبي بينما ليبرون كان قصده نبيل,0
شرح تثبيت نظام ويندوز 10 (الفورمات) + نصائح مهمه بعد التثبيت |2017|:,0
واللى ماتوا فى  بورسعيد عشان رجال ، لما قاوموا حُكم  عسكر كالجبال ️,0
البديل | البديل   أبو الفتوح: توريط الجيش في السياسة أكثر من اللازم خطر على الأمن القومي,0
حنا الخليج يجب ان نتعاون بدعم الجيش الحر بالسلاح والمال والغذاء ودعم النازحين السوريين بكل مكان وان شاء الله سنقف بجانبهم حتى النصر,0
فيدرر روديك ويمبلي ٢٠٠٩  افضل مباراة تنس شاهدتها,0
نفسك فى أية فى الجنة ؟ نكلم الرسول صلى الله عليه و سلم =],0
حمداً لله على سلامة أبنائنا المجندين المحررين، و نهنئ أهلهم و أحبائهم بعودتهم و نهنئ الشعب المصري بإطلاق سراحهم,0
لن يأتى عام 2014 الا وديون مصر تسجل رقما عالميا لم تصل اليه اى دولة ولن ينفعنا مليارات الخليج الملوثة بدماء اولادنا,0
الصورة ليست في سوريا او فلسطين إنما في ليبيا  بنغازي والسبب ان مدينة مارقة اسمها  مصراته تريد ان تحكم ليبيا وتحرق الأخضر واليابس بوكرشة,0
لا لازدواجية المعايير عند نبذ العنف، لا لتبرير العنف بالسياسة أو أهدافها أو اختلافاتها، لا للإقتتال الأهلي عبر دوائر العنف والعنف المضاد,0
أ ف ب : إصابة 16 جندياً  روسيا في حادث طائرة في  سيبيريا الشرقية.,0
يسقط دستور جمهورية مرسي الإخوانية,0
برودة سماء  تعز يقابلها دف ارض  تعز وهي تحتضن ابناءها الشرفاء من الجيش والمقاومة وتقول لهم تقدموا واغزوا العداء وهللوا وكبروا الله.  اليمن🔴,0
لو ده جنان إتجنن لما تشوف واحد بيعاكس واحده روح اعمل اخوها,0
متفق مع جوانب بمقال أحمد خالد توفيق وأعتقد أن التحفز ضد الحاكم دون فبركة أو كذب هو أمر مهم في بلد تعشق صناعة الفرعون,0
المرأة هي سر توازن الحياة وسر جمال الكون ومصدر المحبة والرحمة في هذا العالم كل عام وأنتن أقوى وأجمل وأفضل  يوم المرأة…,0
من لا يستطيع أن يفهم أن 'اللهم بلغنا يونيو' كانت توقاً لإجازة بعد عمل شاق مع كل الأطراف بكل احترام ثم يسب و يخوّن سامحه الله,0
لبنان | الرئيس ميشال عون يستقبل الامير خالد الفيصل امير مكة في خطوة لاستعادة العلاقات بين السعودية ولبنان,0
ما كل هذه الأعداد! انا مبهور عجلة ورا يا مرسي وإلا هندخل في مرحلة وا كرساه,0
محد. يغيب  ̮ على مسواليتي   ماذا لو المدارس مختلطه,0
التعويذات المذكورة في سلسلة أفلام هاري بوتر هي كلمات حقيقية ، من لغات مختلفة ، وكلها تأتي بصيغة الأمر بنفس طريقة التعويذات السحرية,0
٢- صعدنا الاولمبياد خطا الحكم خليل جلال و بناتي غير صحيح لصالحنا ضد كوريا الشماليه ٣ خطا اداري كسبنا العراق بعد مالعبنا و خسرنا يتبع,0
الأسواني:اذا لم تتوحد القوى الوطنية فورا من أجل استخلاص الدولة المصرية من أيدي الاخوان فلسوف ندفع ثمن غاليا نحن وأولادنا,0
السلام عليكم ورحمة الله وبركاتة، انا وسيط للشراء من موقع امازون عمولتي هي 60ريال على الطلبية كاملة ، تنبيه : العمولة لاتشمل الشحن.,0
حاجات بتفرح في مصر الناس الكبيره في السن اللي بتدعيلك لمجرد انك رديت سؤالهم بأدب او عديتهم الطريق,0
نقول للرئيس التركي ...  اردوغان الزم حدودك العبادي يمثل العراق....,0
صح :),0
محافظ القاهرة: إزالة العقارات المخالفة بالقرب من   المحكمة الدستورية  لحماية المواطنين,0
جبران تويني بعدك معنا ،فالأبطال لا يموتون 🌿,0
مش قصدي عليك يا سلامة,0
رُب دعاء خالص صادق ترفعه إلي السماء يجلب لك الخير و يأتي بفرج و يُزيل الهم يا رب,0
ممكن تكون ضد مبارك ومرسي ممكن تكون مع مبارك ممكن تكون مع مرسي ،، بس الاكيد كلنا لازم نكون مع المساواة والعدل أما…,0
الانقلاب حرق برادعى وصباحى ابو الفتوح وحزب النور الضحية القادمة من عيار ثقيل,0
ياخى الفجيكات دول يتحبوا من غير مقدمات كده :)  نوبة,0
اعتراف انهرده كان يوم عالمى وكله بان على حقيقته,0
درس العربي في الأرياف بيدعيلكوا  محمد محسن ومستر ممدوح بييدعيلكوا برده :) :),0
روسيا و  الصين تستخدمان الفيتو مجدّدًا ضد السوريين، برفض مشروع قرار يطالب بهدنة مدتها سبعة أيام في مدينة  حلب. سوريا,0
أن أكون وحيدًا معك، في نهاية اليوم،ألا أرى سواك، بينما المساء يمضيفقط ليؤكد قليلة هي المسرات،ومسرتي الوحيدة: أني وحيد معك.* بوب ديلان,0
انه دائماً من الرائع أن تكسب الجوائز لأن هذا يعني انك قدمت موسماً جيداً  تشلسي  تشيلسي,0
جسدكِ : غيمةٌ ،جسدكِ : مطرٌ من الضوء ،جسدكِ : غابةٌ في قصيدة سحر ،جسدكِ : عطرٌ حيٌّ ،جسدكِ : صلاةٌ ،جسدكِ : موسيقى ! أحمد الشيخ علي,0
أسماء الجناة والمتهمين بالنيابة العامة وهي تباشر تحقيقاتها نحن سنكشف الحقائق بالكامل للرأي العام وسنحمل جميع الأطراف مسئولياتها للتوضيح,0
إطلاق النار الذي سمع قرب حاجز  قلنديا قبل قليل، نتج عن إطلاق جنود  الاحتلال النار صوب مستوطن كان يركض باتجاه الحاجز ظنوا أنه فلسطيني.,0
أدين بشدة تقديم كل صاحب رأي أو ناشط سياسي للمحاكمات العسكرية علي المجلس العسكري الالتزام بتعهده بعدم إحالة المدنيين لمحاكمات عسكرية,0
قد ترى الأمور مستعصية عليك بعض الشيء لكن اذا ما نظرت من ذاك الباب الذي لا ينظر إليه احد سوف ترى الأمور متجلية واضحة ومفهومة لديك  حاول,0
أطالب بكليب بوورد ونص تنبؤي بالكمبيوتر. مو معقول وصلنا ويندوز 10 ومش موجود واحد فيهم ع الأقل.,0
وكل مدينة سوريه دخلتها القاعدة (جبهة النصرة) او جند الأقصى او داعش تعبث بها وتقتل من اهلها اكثر مما يقتل بشار ثم تسلمها للنظام مدمرة جداً,0
توفني مسلماً والحقني بالصالحين   فلا تعش بعيداً عن  الله وتطلب  السعاده,0
بالفيديو | الجوهري : مصنع أسمنت تيتان اعتداء على حق مواطني وادي القمر في الحياة   كفاية  اوقفوا الفحم,0
بحب بلدى و بكره الدم والظلم  سأنتخب السيسي  تحيا مصر,0
د علاء الأسواني: ما هي آليات التحول الديموقراطي الذي تحيد عنه السلطة الحالية ؟!> أقرأ المقال كاملاً >> … … …,0
زمكان -  مصر | أخبار مراسلينا | ابراهيم  حماد يمنع استخدام عربيات ربع النقل فى نقل الركاب فى  اسيوط اسيوط -,0
لمن كان يسأل عن عنوان  ديوان شيبان الذي يقام فيه  درس الاثنين  الفحيحيل قطعة 9 شارع المخفر  انشر  الكويت …,0
قرارات مرسي إهانة للذات الشعبية والقضائية من اجل الذات الإخوانية,0
ستبقى حلبما بقيت لا اله الا الله تزلزل عروش الطغاه,0
فلتقل خيرا أو لتصمت  خلق جميل,0
أبو الفتوح : لا يوجد الأن مواطن مصرى شريف لا يذهب الأنتخاب بعد الأن,0
اطاح الاستفتاء بمبدأ تكافؤ الفرص حينما لم يسمح بالتصويت لكل المقيمين بالخارج الا من قام بالتسجيل في الانتخابات,0
أول مرة أعرف ان أمازون ممكن أشتري من عليها حاجة مستعملة زي أولكس,0
لو اقدر اخليك جنبي ع طول ♡',0
شجرة النجمة الذهبية ..ذهبية   نوال الزغبي,0
مصر العربية |مقالات| مروة رخا تكتب: مونتيسوري مصر  4  لقراءة المقال من هنا,0
٧ بعض الحضور في المنتدى من المصريين المؤيدين لجماعة الإخوان هاجمني وانتقد آرائي، ولكن دون تطاول أو عنف لفظية,0
فى لفتة جميلة من د عبد المنعم ابو الفتوح قام بالأمس بزيارة مفاجئه للمتطوعين فى مقر الحملة بشارع رمسيس,0
الولايات المتحدة 🇺🇸 عاجل |  ترامب يختار الجنرال المتقاعد جيمس ماتيس وزيرا للدفاع,0
يارب عونك ونصرك ورحمتك قبل كل شيء لسكان حلب ،، يارب ارحم ضعف صغيرهم وشيبة كبيرهم وفجع الثكالى والمقهورين 🙏,0
شكرا على مشاعرك الطيبة,0
فنجان قهوه+ ايس كاب+هاند فري+صوت مروان خوري+ماجد المهندس+رامي عياش+سريرك+بطانيتك+كلسونك 😂😂اللهم ارزقنا الخير بعدد قطرات المطر❤,0
يسألنيوش رايك كيري جاء للسعودية مُهرولا؟أجبتهما فعلته دول مجلس التعاون في قمة البحرينكان ضربة معلمإعلان التحالف مع بريطانيا أيقظ أمريكا,0
مدارسنا مختلطه من الابتدائي للحين  ماذا لو المدارس مختلطه,0
نجران: إطلاق صلية صواريخ على تجمعات لـ  الجيش السعودي وآلياته في موقع الهرم محققة إصابات مباشرة  لبنان الآن,0
عادل اماممن اخر حلقة في مسلسل مأمون و انا حاسس انك هتموت السنادي,0
كلمة بوتن ولمس كانت قوية وفيها تحدي كبير للغرب بخصوص ليبيا قال حرفيا( سنتصدى للارهاب المصنوع في كل العالم ولن نسمح بتدمير ما تبقى من ليبيا ),0
نهنئ الدكتور عبد المنعم أبو الفتوح بتأسيس حزب  مصر القوية ، وندعو له بالتوفيق وبأن يكون هذا الحزب خطوة نحو بناء,0
قرار كويس وهايل و مستنيينه من زمانلكن  السادة المحترمون,0
لافروف : سنستمر في تقديم المساعدات اللازمة للحكومة السورية لتأمين المعابر في  حلب.,0
مصر القوية |11-حذرنا من خطر تحول سلطات الدولة لمجرد سند لسلطة عسكرية لا تفهم سياسة ولا تعي معنى الدولة ومهامها وحدودها خارج فكرة حمل السلاح,0
معركة حلب لا شك بأنها المعركة الأقسى والأهم في كل  المعارك التي اندلعت في إطار الحرب التي يشنها العدوان الفاجر  على  سوريا ستبقي حلب,0
استشهاد جنود مصريين على الحدود بنيران صهيونية جريمة غير مقبولة دماء هؤلاء الشهداء تستدعى موقفا جادا حفاظا على كرامتنا وصيانة لحدودنا,0
مؤلم أن ترى العدو يفتك في  اليمن و  سوريا و  العراق ثم يستحي أئمتنا من قنوت النوازل أو المطالبة به !الدعاء أساس العدّة .,0
أبو الفتوح أعمل مع مجموعة رائعة من شباب الثورة وأقول لهم أحب ان تقودوني للعمل وأن نعمل كفريق ومن يجرح فين,0
جبران تويني ١٥ سبتمبر ١٩٥٧ - ١٢ ديسمبر ٢٠٠٥ . الله يرحمك,0
يجب ووقف فورى للعنف ومحاكمة المتورطين فيه علناً,0
عاجل|  ليبيا.. اصوات اطلاق نار كثيف في مناطق المشروع - ابوسليم - صلاح الدين - في  طرابلس.,0
في علاج العنف لاتكفي الحلول الأمنية لابد من حلول  لأزمة الفكر العربي والغربي على السواء  الكرك   هجوم الكرك   روسيا تقضي على حلب  امريكا,0
كوبر يطلب تقريرا عن  احمد الشيخ  قبل إعلان قائمة أمم افريقيا 2017,0
هيئة مستشارى قضايا الدولة ترفض تعديلات الدستور مؤكدة انه يفتح الباب للفساد وشهد شاهد من اهلها,0
انا لست روميو ?يرونا اقف مشدوها عاجزا و انت تطلين علي من شرفة،انا أحبك و لن اذهب،انا أحبك و سأمد يدي اتلمسك لنبقى فلقد خلقنا لأحبك  مصر,0
عفاش ينتصر على مؤامرة شق الصف برعاية  كيري بموافقته على الاتفاق بين انصار الله و السعوديه،بعد الموافقه تنصل كيري والسعوديه من الاتفاق,0
رجل تقتل ابنته ويسجن هو ورفاق دربه ثم يبتسم يوم القبض عليه انه الحق اصحابه دائمأ مطمئنون …,0
قسيس يرفع الأذان في  فلسطین  القدس تحديا للاحتلال الصهيوني. هذه هي فلسطين واهلها,0
لافروف: هيئة المفاوضات السورية ترفض تنفيذ قرارات مجلس الأمن,0
هنا في مدينة تصمد..تبدأ من جديد دائمآ .. تنزف وجعآ وتبتسم.. قتلونها وتحيا..يهدمونها وتبنى..عيش أنافي مدينة لا تعرف الإستسلام بنغازي,0
مسيرة جبران تويني مستمرة مع النهار في انارة كل خطوة على طريق تحقيق السيادة والحرية والاستقلال دفاعاً عن لبنان العظيم,0
شكرا لدعمك,0
حظوظ المرشح الرئاسي الامريكي عن الحزب الجمهوري دونالد ترامب تتقدم على مرشحة الحزب الديموقراطي هيلاري كلنتون بعد مناظرة البارحة ، والآتي اعظم,0
يارب اجعلها لليلةة فرح لعشاق العالمي بالتوفيق ي نصرنا  النصر الشباب,0
اللهم ارزقنا نعيم الجنه آمين,0
المرأه شريك أساسي في مشروعنا للوطن يكفي ما تعرضت له من تمييز وإقصاء بسبب موروثات إجتماعية سيئة وفهم خاطئ للإسلام,0
جهزوا سواعدكم اتى عهد التغيير ، اتى  بيّ التحرير : فخامة الرئييس  الجنرال ميشال عون,0
عندي وحده تشبه هاري بوتر يا انها كيوتيه😨!😭💗,0
إبراهيم محلب يعلن افتتاح خط طيران  القاهرة -  إنجامينا عاصمة تشاد أول أغسطسويكلف وزير الطيران باتخاذ الإجراءات,0
كثيرة هى المتاجرات  .....لكن المتاجرة بدم شخص واتهام ناس بيه هكذا ...تدل على قذورات اﻹخوان والمقاتلة ... طرابلس بنغازي ليبيا,0
سلام رامي . أنا كنزا من الجزائر راسلتك كدا مرة لكنك ما رديتش عليا فادا كنت رامي عياش الحقيقي رد عليا و لو بكلمة أرجوك .,0
فخور أني مصري اولا و اخيرا,0
ستولتنبرغ| سنعمل مع الرئيس الأمريكي المنتخب  ترمب لتطوير حلف  الناتو مباشر  تركيا,0
ابتسم في وجه الناس فإنها صدقة,0
نهنئ إخواننا الأقباط باختيار الأنبا تواضروس بابا الأسكندرية وبطريرك الكرازة المرقسية بناء وطننا يحتاجنا جميعاً معا نبني مصر,0
أصدقائى لاتنظروا للوراء وإنسوا التجربة الاخوانية بما لها وعليها لنبدأ مرحلة جديدة لمصر بيد واحدة نبنى ونعمر والكل يشارك,0
استهداف النازحين بحلب .. جريمة حرب على مرأى ومسمع الجميع، متى يتحرك ضمير  العالم تجاه مأساة  السوريين ؟!! أنقذوا حلب سوريا,0
على فكرة الخطاب ماكانش طائفيو هو بيتكلم عن الاخوان كجماعة سياسية تستخدم الدين على حد قوله في لاغراضها،الطائفية لما يهاجم دين,0
الكرملين: الرئيس الروسي بوتن تحادث مع الرئيس الإيراني روحاني وبحثا الملف السوري  لبنان الآن,0
الدنيا مش ابيض يااسود دنيا كل الالوان حط لوني على لونك نوصل ابعد مكان كل حلم وله بداية بس شرط تكون معايا  كاريوكى,0
فالانتقاص من صلاحيات البرلمان المنتخب واعطاء صلاحيات تشريعية لمجلس استشاري معين هما أمران ينبغي على كل مؤمن بالديمقراطية أن يرفضهما,0
سليمان خاطر بطل,0
السيدات حجّه وعائشه ومريم بنات أحمد الشيخ من النساء اللواتي يمثلن المرأه الرشيديّه الأصيله الفاضله والكريمه فلهن كل معزه وتقدير بقلمي,0
قالت لنا العصفورة : في أول زيارة خارجية له منذ تسلمه منصب رئيس الجمهورية في لبنان الرئيس ميشال عون الى دمشق قريباً للقاء الأسد,0
كيري يعلن تجديد الهدنة ويطالب كل الأطراف الالتزام بوقف الأعمال القتالية و  السعودية ومرتزقتها يعلنون إستئناف العمليات ..!!,0
طال  غيابك عني  ليه ؟؟ معقول  نسيتني و لا  ايه !!,0
وفشلت  ثورة الانترنت زي ما فشلت ثورات كتير,0
حلب تحرق حضارة  روسيا  الصين  أمريكا  أوروبا يتشدقون بحقوق الإنسان من ببنودها  أخراج المسلمين واستباحت دمائهم أعراضهم دورهم ديارهم (وأعدوا),0
العهد الجديد في ظل فخامة الرئيس ميشال عون سيشهد مشاركة كافة المواطنين لحقوقهم وواجباتهم وعدم تهميش اي شريحة ولا سيما ابناء بعلبك الهرمل .,0
الى الشيخ احمد الطيب انا مسلم سنى وانت لا تمثلنى احترم الازهر لكننى احتقرك جدا,0
اللهم انصر اخواننا المسلمين  العراق سوريا فلسطين بورما,0
أزف الوقت لإنهاء الاستقطاب البائس الذي نعيشه بأسلوب عقلاني، وأن نتحلى بروح التسامح، لنبدأ في البناء بسواعد كل مصري ومصرية,0
اعجبني رأيكوان رفضت التعميم سلبا اتفق معك ان موروث مصر الحضاري هو نواه مشروع الوسط للبناء عليه,0
ثمان غارات بالطائرات ل  النظام على مدينة  دومة وخمسة عشر على  المليحة في  الغوطة الشرقية نسأل الله أن يرد كيدهم في نحرهم وأن…,0
ما يجرى فى سيناء إرهاب يروح ضحيته عشرات الشهداء وخيانة لأمننا القومى ، وما يجرى فى رابعة والنهضة ظهير سياسى له,0
الخارجية الروسية: محادثات حول سوريا في موسكو غدا بمشاركة وزراء دفاع وخارجية تركيا وإيران.,0
طبعا لسه متفائل، بل أكثر تفاؤلا بخروج المكبوت إلى النور أي جراحة لا تخلو من ألم؟,0
إنتا فرحة جات لِ عندي بعد دنيا من التعب السعادة إللي بعشها يَ حبيبي إنتا السبب ضحگتك عقلك جنونك والحنان إللي في عيونك  شير…,0
ماحدش له دعوة بيا انا و جيمي اتنين اخوات بيتكلموا ماحدش له دعوة,0
احمد شفيق لن يعود !== بني سويف ارحل بامر الشعب تيران صنافير مصرية مصطفى بكري سامح شكري مجلس الوزراء مسرح مصر هشام جنينة,0
أنا أبكي !! وأدري أن دموع العين خذلان وملح !!  محمود درويش,0
رحم الله جمال البنا أتاح مكتبته الضخمة في العباسية للشباب وحرص على مساعدتهمالمكتبة عنوانها 195 شارع الجيش بالقاهرة أتمنى أن تظل تعمل بعده,0
الناتو : ضباط اتراك طلبوا اللجوء في بلدان تنتمي إلى الحلف,0
في رايي الشخصي ... انه بعد تألق احمد الشيخ مع المقاصة كدة السنه الجاية الاهلي هيودي ميدو جابر اعارة للمقاصة و يأخد احمد الشيخ....  😂 😂,0
ميشال عون... رجل لن يكرره الزمن  جهزوا سواعدكم,0
الدوري الإسباني جولة 151- ريال مدريد 37 نقطة2- برشلونة 31 نقطة3- إشبيلية 30 نقطة4- فياريال 26 نقطة5- ريال سويداد 26 نقطة,0
اى والله :)  اسلوب حياة,0
المعنى الحقيقي للوطنية المعنى الحقيقي للضحكة الصافية  باسم,0
شكرا ياشباب على محبتكم ربنا يجعل كلامنا خالصا لله والوطن ده رابط تحميل المعصرة مقالة أحمد زكي مهمة تصبحوا على خير,0
فيك عن ميثاقك الوافي جنوح لا انتحيتي كالخيول الجافله من يؤمن في رجوعك به تروح للهموم أللي بسنيـنك حافله  محمد الشمري,0
مقال رائع لخالد منتصر,0
الاحتفال بعيد  الاستقلال خيانة عظمى بظل استمرار  الاحتلال !,0
لم تختار  حماس 😍,0
الي مو عاجبه مبدأ التعايش مع مختلف اشكال الناس.. عنده حلين.. يا يصير امريكي و يصوت حق دونالد ترامب.. او ينتحر.. الخيار الثاني اشرف لك..,0
إنما المؤمنون إخوة  علي شعار رابعة خلفية الزعيم  أردوغان في منظر ولا أروع  مرسي رئيسي,0
اوعى تنسى انو احسن هدفين لعام 2014 وبكل صدق تم تسجيلهم بالدوري الاردني,0
الله يرحمك يا جبران تويني ١١ سنة يا صديقي وبعدك بالبال رجل كلمته حرة. وبعد بالبال آخر لقاء لنا ضحكنا ع ردة فعل جان لويس قرداحي امام مي شدياق,0
اخيراً خلصوا الحراره لاعبة لعبها بس لازم نختم كلام اليوم😰واعتذر عن  حزب الاعاده✋🏻سبحان اللهالحمد للهأستغفر الله😴😴  زد رصيدك37,0
مصر رائدة التحولات الكبرى حسمت التحديات التي واجهت كل المنطقة كالغزو المغولي والبريطاني وستضع حداً للتيارالعلما…,0
الله يخرب بيت اللى اقتراح استيراد الفحم قولوا امين  أوقفوا الفحم,0
قروب المحبه والموده قروب فيدرر للدعمعبارة مُريحه :إن الله لا يَنسى قلبًا لجأ إليه.,0
ندعو الشباب المؤمن بمبادئ الوسط والراغب في المشاركه الفعاله للتواصل معنا واستكمال الاستمارة المرفقه,0
مردخاي يحمل  حماس  مسؤولية  التصعيد قرب سياج  غزة,0
شوقي : ولد الهدى فالكائنات ضياء وفم الزمان تبسم وثناء/ اللهم صلي وسلم على سيدنا محمد وعلى اله وصحبه وسلم  بكفي حصار  اضبطوا شركاء المخلوع,0
كيري: أطالب كل الأطراف بالالتزام بوقف الأعمال العدائية الذي سيسمح بتوصيل الإغاثة الإنسانية وسيساعد على استئناف مباحثات السلام. 2/4,0
خمس الاف  الامارات  الهلال  النصر  السعودية  الكويت  قطر  الرياض  مكة  رتويت    دبي  الشارقة    غرد بصورة 168,0
كل يوم يزداد ايماني ان ربي حبيبي معي يارب لك الحمد جميع الامور ميسره بكل حب,0
اللهم أستودعك أهلي وأحبتياللهم أستودعك بلادي  ليبيا وأهلها وشبابها اللهم أنعم علينا بالأمان والاستقرار وحسن المعيشة والتغيير للأفضل,0
خلق جميل الحياء/ الرجولة,0
يا من اذا قلت ي مولاي لباني يا واحداً ماله ف ملكه ثاني أعصي وتسترني أنسى وتذكرني فكيف أنساك ي من لست تنساني لا اله الا انت  …,0
«الهلال الاحمر الكويتي»: وقعنا اتفاقية مع «الهلال القطري» لتوزيع المساعدات الإغاثية على النازحين السوريين من حلب,0
اكتب عبارة على باب قلبك ' فراق وجهك ضيق ومواجهك عيد والوقت قاسي والتقاليد قـــشرا,0
الشعب هو البطل الوحيد!,0
ثمه شعله حنين مشتعله في جوفي حرقت كبريائي حتى الرماد ومزجته في كوب زجاجٍ شفاف وسكبته على أزهار الذكرى حتى أرتوت وينعت  اعترا…,0
اللحين هو انا بس اللي شايف ان بيونسيه مو كوين ولا شيء ؟,0
الرضا بماا كتبه الله لك~ يجعل لك الحياة كما تريد♡,0
من الذي زار مرسي في مخبئه السري؟! دعلاء الأسواني يكتب مقاله بعنوان :   كيف للرئيس أن ينام ؟!   على هذا الرابط >>,0
رفع الشعارات السياسية في الحج حرام شرعاً وخيانة وطنية …,0
جمهورية مصر الطبيعية جمهورية ديمقراطية حقيقية جمهورية مدنية تحمي حقوق المواطنة و المساواة و العدل,0
اريد اخبارالمشاهيرالعرب بختصار(نوال الزغبي)ارجوكم,0
4 للتوضيح: تماما كما سجلت رفضي في اجتماع سد النهضة لغياب الشفافية في مسألة سيناء وفي كلمة علنية فخرج البعض مدعيا شكري على الشفافية في سيناء,0
كنا في احتلال اليهود ل  فلسطين و الآن أربع عواصم   عربية محتله من  إيرانليتنا بقينا على واحدة ولم نفرط في اربعه.,0
انا كنت في سيرتك أمبارح مع قلبي وحنيني لك ❤ 🎼🎤  اليسا,0
اكبر تناقض عاشوا لبنان كان بين ثورة كبيرة وكرسي غالية ومبادئ انكتبت بدم شهدا غاليين للأسف صارت ملف بجارور رخيص  جبران تويني,0
وفضحت  حلب العرب والغرب  المتشدقين بحقوق الإنسان والحيوانحلب كشفت عور العرب  ولكن يقين بأن النصر لهم  حتما سننتصر ستبقى حلب ستنتصر حلب,0
غدًا الثلاثاء ٢٢ نوفمبر الساعة ٧ مساءً في  معرض الكويت الدولي للكتاب سأقدّم ندوة الكتّاب بين أفق التجريب وممكنات النجاح أتشرف بكم ❤️,0
: يضاف اليهم البرادعى ضمير الثورة  طبعا,0
نحيي شباب حزب الوسط على مجهودهم الرائع فى الانتخابات والذى كان سببا فى حصول الحزب على ما يقرب من مليون صوت ممن صوتوا لنا عن اقتناع,0
اشتباكات بين  الجيش السوري والمسلحين عند محور كباني في ريف  اللاذقية الشمالي وسط قصف مدفعي وصاروخي يستهدف نقاط انتشار المسلحين في المنطقة,0
صور للشاب عوني مازن الشخشير الذي اعتقله  الاحتلال قبل قليل، على حاجز زعترة جنوب مدينة  نابلس.,0
رائيكم  بقيام  الكتائب الارهابية بضرب الحافلات التي تنقل المدنين والجرحى في حلب الشرقية,0
نهضة الغرور والأنانية يدعمها النفاق,0
المجد للمبتسمين  المجد للمبتسمين صباحا,0
كانت طائرات الناتو تقصف مواقع الشعب المسلح ف المعسكرات والجبهان مع لحظة ارتفاع ادان المغرب ف شهر رمضان لقد كانوايقتلون الرجال ويستهزون تبع,0
نظرة هادئة لمشهد ملتهبمقال اليوم أجيب فيه عمن يسألونني دائما عن الحل ويتهمون الكتاب عامة بعدم الحديث عن الحلول,0
الأرجنتين في أرضها و بين جمهورها خسرانه من البارغواي حتى الآن، يقولون الأرجنتين منتخب في لاعبين كبار حتى بدون ميسي راح يوصلون الثلاث نهائيات,0
اللى بيتولدوا وبيعشوا فى العواصف 💪 ما بيخافوش من الريح 👌 ✊ مشتاق اسمع جمله عادل امام كلمه لحبيب قلبك حب أعمى ولسه يامصر هشوف فيكي,0
الاهلي  اسلوب حياة,0
"ملايين فى الشوارع قبل العاشرة صباحا مشهد لم يره بلد فى العالم, كم أنت عظيم يا شعب مصر",0
اسألوا البرادعي عما فعله في العراق  باسم طلع حرامي …,0
مشكلة اليسار مش اللي قاله العريان مشكلته إن رغم كونه الفصيل الأكثر فاعلية ونضالية في الثورة المصرية لم يستطع طرح شكل,0
تبقى مناظرة اخيره بين المرشحين للرئاسة الامريكية. اظن بل اجزم ان الفوز سيكون من نصيب هيلاري كلنتون. والعلم عند الله لكن المعطيات تقول ذلك,0
10-أخيرا فإن تدخل الأمريكان جاء لإيجاد موطئ قدم وضمن استراتيجية-إعادة التمركز-،وهو شبيه بتدخل الناتو في 2011 إذ لا علاقة له بالأهداف المعلنة,0
خبر عاجل : وزراء دفاع روسيا وايران وتركيا يبحثون الازمة السورية في موسكو غدا الثلاثاء,0
لقد قامت الثورة وضحى الاف المصريين بحياتهم من اجل استعادة كرامة الانسان المصري داخل مصر وخارجها اين وزير الخارجية اين عصام شرف,0
لن تعيدونا إلى   الظلام .. ب الأحضان  نبني  ليبيا.. رغم   المُفخّخات  و   الانفجارات .,0
ديميكليس هذا مفترض لا يلعب ، صديق ميسي .موساتشيو ليس مدافع يسار ومايدانا وغاراي افضل،لا اعرف لماذا ميسي مستبعد غاراي.,0
اي أمرأة تصنع الحب والايثار والاهتمام والعطف والحنان مؤهلة ان تصبح أم مثالية,0
يا عزيزي حاولت اكثر من مرة من سبتمبر اللي فات وكان موافق ثم اكلم من حوله فلا اجد اجابة شافيةدلوقتي برنامجي خلص خلاص,0
الوطن | رئيس المجلس المصري للشؤون الخارجية يغادر إلى  نيويورك  مصر  اخبار,0
بعض الاعلام الغربي يستخدم مصطلح  الحرب السورية  لتفادي حقيقة أن النظامين السوري و الروسي هما الذين يذبحان الشعب السوري,0
هيلاري كلنتون لم ولن تنسى خيانة زوجها لها وسر تمسكها به لأنهم من جيل لا يعرف الطلاق.,0
الرضا  خلق جميل,0
هو فيه واحده جديده دخلت الاسلام اسمها نورهان ابوبكر ؟,0
يطلبون السلاح من الغرب ويلومونه لماذا يمنعه عنهم؟.بالرغم انه زودهم بما يكفي منه باستثناء النوعي لكن جبهة النصره واحرار الاخوان سرقوا اسلحتهم,0
: أنا أنتظرك لأنني لا أجد شيئاً آخر يُسليني في غيابگ عنّي !  اعترافات ليلية,0
محمود درويش,0
بعد قليل ننشر لكم فيديو من ندوة دعلاء الأسواني من ساقية الصاوي بتاريخ 14-6-2012 ويوضح موقف دالأسواني من انتخابات الإعادة الأدمن,0
قصه قصيرة : عرف ربه فأحبه فعاش سعيداً,0
وبعدين ميريام فارس حلوه اوڤر كدا ليه😍,0
لازلت معترضا على تشكيل الجمعية التأسيسية لانه يجعل دستور مصر في يد اغلبية تنتمي الى الاسلام السياسي الدستور يجب ان يمثل المصريين جميعا,0
ماذا لو المدارس مختلطه اغغلب المدارس فيها بويات تعتبر مختلطه؟؟؟؟,0
الذهبية نوال الزغبي ❤   توبر قلبي,0
القدس-شرطة  الاحتلال تعترف بإطلاق نار على قواتها قرب  معبر الزيتون فجر اليوم ووقوع أضرار دون إصابات,0
السيسي يلوم  الخطاب الديني غير المرتبط بالعصر  على ما لحق من ضرر بقطاع السياحة في  مصر  مرسي  الاخوان  السعودية  الامارا…,0
النظر إلى وجه الأم عبادة…,0
لماذااي قرار سياسي داخلي وخارجي في  السعودية أول من يعلم عنه ويتحدث عنه الاعلام الغربي . والاعلام السعودي والشعب السعودي مجرد أدوات تطبيل .,0
الواتساب معلق,0
إبراهيم محلب هايدخل التاريخ وهايحل مشكلة سد النهضة وإبقو إفتكرو إن مدرستى دى لاسال قدمت هدية لمصر من أحد خريجيها الناجحين,0
الاشتباكات اللي حصلت يتحملها الجميع لكن الخطأ السياسي كان القرار بالدعوة لمظاهرة مؤيدة للرئيس في نفس مكان وزمان مظاهرة معارضة,0
بطاقة دعوة  زواج حلوه لـ  الواتس اب من تصميمنا رتويت ي حبايبي :$,0
طقس العرب ما بالغت هاي السنة بس الشعب قرر ياخد مكانها و يبالغ! حكوا انه تساقط و فش تراكمات و الناس قاعدة بتناقش اذا في عطلة ولا لا,0
الصلح خير قوم نتصالح  المشير,0
اسكندرية : محطة الرمل زمان أو دلوقت دايما جميلة :),0
أعتقال الناشط اليساري هيثم محمدين يكشف بوضوح أن العسكر يستهدف المد الثوري أي كان لونه أو شكله أو إنتماءه وأن …,0
جمله من معلق رسخت ببالك حطها ف شبكة ، قطع الشبكة،  جيبها من الشبكة يا ايكر،  تعليق عصام شوالي ف ضربة سد لميسي على ريال مدريد🙊.,0
لا شيء يبرر إحالة المدنيين للقضاء العسكري حتى البلطجية القضاء المدني كفيل بهم,0
سأتجه الآن إلى الملتزم (بين الحجر الأسود و باب الكعبة) هناك يستجاب الدعاء و هناك لصق النبي جسده بالكعبة و دعا الله كثيراً سأدعو لكم كثيراً,0
إستخدام المساجد في العمل السياسي ونشر العنف,0
احد قد جرب يشتري قهوه من اي هيرب ولا امازون يتفضل يساعدني 😓,0
هذة مصر عز و فخر لهذه الامة,0
اغنية رامي عياش اللي بحكي فيها على عيني و راسي والله عنك لحظة ما أتخلى كتير حلوة,0
ليه ميبقاش في مدرسه لتعليم السحر زي هاري بوتر ؟؟ 😟,0
أمريكا قبل روسيا والنظام تريد القضاء على فصائل المعارضة لأنها لم تلزمهم بالانفصال عن جبهة النصرة وهي قادرة على ذلك لتبرير لروسيا موقفها.,0
ع منطق حقير ولا يتبعه سوى الجبناء هذه نفس تقتل عارف يعني ايه؟ يمكن لو أخوك أو أمك كنت تفهم,0
التعادل فى نهاية اللقاء قلل فرحة الاهلى لكنه خير لأنه سيجعل لقاء الاياب فى القاهرة حاسما ودور المصريين خلاله حاسم لاعلاء اسم بلدهم وفريقهم,0
التنظيم الدولي للإخوان تعلم على يد رامسفيلد يقوم بحربين في وفت واحد او  كلام و كلام  يوسف الحسيني  …,0
شياو يان من بيت الوسط: سنواصل مساعداتنا وسنبقى على تواصل مع لبنان بشأن سوريا,0
افضل ﻻعب في العالم رونالدو لم يستطع التسجيل بوجود الصخرة حمد المنتشري!  اسطورة  كانيدا يحتاج لحمد المنتشري,0
26- لم يغرّر أوباما بالمعارضة السورية وحسب، بل فاجأها بتفرجه على تدخل حزب الله اللبناني والحرس الثوري الإيراني ثم المليشيات العراقية وغيرها.,0
لسنا ضد من عارض مرسي بل لسنا ضد من دعم الانقلاب لكننا ضد من دعم القتل وفوض القاتل,0
ناخد من الرسول عليه الصلاة والسلام قدوة لما كانوا بيشتموه كان هو كمان بيشتمهم تفتكروا؟ كان زماننا بوذيين,0
مصر تستجدى روسيا لاعادة السياح بكره تشوفو مصر,0
قوات  الاحتلال تقمع المشاركين في مسيرة كفر قدوم المناهضة للاستيطان، قبل قليل، وتطلق قنابل الغاز والصوت بكثافة صوبهم.,0
ليبيا||القبض على زوجة  مختار بلمختار القيادي  بتنظيم القاعدة شرقي الجبل الأخضر.,0
استفدت كتيير اوي من حلقة انهردة معلومات اول مرة اسمعها بارك الله فيك ^^  مصطفى حسني على طريق الله   روح العبادة,0
سوريا  الجيش السوري يسيطر على أحياء الجزماتي والسكن الشبابي والبحوث العلمية شرق  حلب,0
رسميا .. القبض على زوجة مختار بلمختار القيادي بتنظيم القاعدة شرقي الجبل الأخضر.  ليبيا,0
لدي رغبة عارمة في الانتقام لو جاءتني الفرصة سأكون اكثر شراسة منهم  اعترافات ليلية,0
ونقوم ولا شيئ يوقفنا لا أبو جهل جهله يحرفنا ولا أبو لهب هيخوفنا ماحناش ضعاف قلالات حيلة آه ياجميلة  عمار وسيد,0
خطاب عاجل إلى وزير التعليم: مدرسة الشهيد أحمد كمال في طنطا مأساة التعامل مع أسر شهداء الثورة:,0
682  الراتب مايكفي الحاجة  الاتحاد  الهلال  النصر  الاهلي  مرسي,0
تهنئة لكل طالب وطالبة قضوا ما يزيد عن 150 يوماً معتصمين وواجهوا كل انواع التنكيل  جامعة النيل,0
ايه اكتر اغنيه عجبتكم من الفنانه  غادة رجب في برنامج  احلي مسا مع النجمه  فيفي عبده و النجم  هشام عباس ؟,0
اللي يشوفك يتمنى يكون مثلك واللي يعرفك يحترمك ويحبك واللي يسمع عنك يتمنى يقابلك !  حاول,0
الأقصر مدينة خضراء,0
فى  عظمتك ملقتش كتييييير  بتكسب و تفرح  الملايين  الاهلى,0
ولا يفتح الباب للفوضى والفراغ إن نحن أحسنا إدارة عمليات وضع الدستور وانتخاب الرئيس,0
لماذا نتمسك بانتخابات تحت اشراف دولي ؟! أقرأ المقال كاملا …,0
باعلان الهدنة يعني ان الحكومة بدات التعاطي مع افكار  كيري وتحديد مدة الهدنة ب48 ساعة يعني اختبار للذهاب لتنفيذ الخطوات الاخرى .. اليمن,0
كل الناس شيفنا حبايب إلا عنيكى وأنا من خوفى لتبعدى عنى بخبى عليكى  عمرو دياب,0
اللهم🙌🏼انصر  حلب  سوريا المظلومةوانتقم لأطفالهاونسائها من ظالمهم وشتت شمل عدوهم  ايران و  روسيا و  حزب الله وجنودهم اجمعينوانصر من يذودعنها,0
العثور على عنكبوت  الباب المسحور  النادر في الصين  المطبخ الاخباري  فلسطين,0
شكرًا فرنسا لما فعلتيه من اجل حلب ولما تفعليه من اجل سورية . مواطن حلبي,0
حبس الصحفي اسلام عفيفي بتهمة إهانة الرئيس امر مشين ومرفوض وهو أسوا ما يمكن ان يبدأ به الرئيس مرسي ولايته اين وعود الرئيس عن حرية الصحافة,0
روسيا تطوق مشروع باريس بشأن حلب بفيتو ومشروع جديد,0
براءة مبارك في قتل المتظاهرين كانت في جلسة 15 أبريل 2013 يعني في عز حكم الإخوان ولم يتم الإستئناف,0
المتحدث باسم الخارجية الاميركية جون كيربي: جميع جيران  العراق ينبغي ان يحترموا سيادته والقوات التركية ليست جزءا من  التحالف الدولي.,0
ان كان  سكوت  العرب هو ما  يبيد   حلب فما الذي أباد ويبيد مدن  العراق  ليبيا  اليمن سوى الأنظمة العميلة في  الخليج؟؟ حلب تباد بسكوت العرب؟؟,0
مشاهد مؤلمة لاستمرار الجيش المصري في تفجير منازل اهالي رفح شمال  سيناء  حسبنا الله ونعم الوكيل,0
في حالة تشاور مستمر حول الخطوة القادمة من اجل توافق وطنى على حكومة الانقاذ مع السيد حمدين صباحي ود البرادعي,0
الى من يعتبر الاخوان سلميين شاهد الان ضحايا اعتداءات الاخوان الوحشية على الابرياء في بين السرايات مع الاستاذ وائل الابراشي اخوان مجرمون,0
التهديدات التي تواجهها دول حلف الناتو ودول الخليج العربية هي تهديدات مشتركة منطلقها (ايران ) فلماذا لا نتعاون مع الناتو ؟,0
اللهم اجعله غيثا نافعا وارحم الشهداء وارفع عن بلادنا البلاء يارافع السماء 👐 بنغازي,0
فلسطينقبل قليل:مصرع مواطنة جراء انفجار اسطوانة غاز في منزلها بيطا جنوب الخليل.,0
في  لبنان وزارة للمرأة يترأسها الوزير جان اوغاسبيان. 😊😎😁,0
تركيا تنفي عقد اي صفقة سرية مع موسكو حول مستقبل سوريا وتشدد على موقفها بشأن رحيل الاسد!,0
كيف تتشدق بهذا الدستور؟,0
الحمد لله على نعمة الإسلام وقائد الحزم سلمان 💚فالاختلاط لا يطعم فقيرا و لا يحمي ضعيفا و لا يستر عاريا بل يفضح !  ماذا لو المدارس مختلطه,0
السيدة  فيروز 81 عامًا,0
صحى عيون الناس محبوبى قبل الكل ❤🙈  فيروز 😍😍,0
عقبالنا :))),0
راسي يعورن ابي ايفون ٧,0
انا مستعد للقيام بأي دور لخدمة الوطن حفاظا على التضحية التى قدمها الشهداء وحماية لمطالب الثورة,0
الرئيس سعد الحريري :  في ذكرى اغتيال الصديق جبران تويني، نظل على قسمه بأن نبقى موحدين دفاعا عن  وطننا، وفاء لـ 14 آذار ولكل شهدائنا. لبنان,0
كوز درة مشوي مكمورة في الغيط وعبد الحليم بيغني جانا الهوى,0
د عبد المنعم أبو الفتوح على قناة الحرة: أنا ضد مظاهرات ماسبيرو و ضد المظاهرات أمام الكنائس,0
اعتراف انا مبخفش من اى حاجة تتخيلها  حقيقة  اه والله,0
الجوف و  الحدود الشماليه امطار هذه الليله وصباح الغد ... وثلوج محتمله على بعض مناطق المملكه ..   طقس العرب,0
ﺷﺎﻳﻒ ﺍﻟﺒﺤﺮ ﺷﻮ ﻛﺒﻴﺮ؟ ... ﻛﺒﺮ ﺍﻟﺒﺤﺮ ﺑﺤﺒﻚﺷﺎﻳﻒ ﺍﻟﺴﻤﺎ ﺷﻮ ﺑﻌﻴﺪﺓ؟ ... ﺑﻌﺪ ﺍﻟﺴﻤﺎ ﺑﺤﺒﻚ فيروز 🎁💝🎂 من قلبي سلام لفيروز,0
باحييكي من كل قلبي على الكتاب الرائع المهم الجميل والغني بتفاصيله الحزينة والموجعة والمدهشةلو كان عصير الكتب موجود كنت احتفلت بيه,0
عميد بلدية  سرت مختار المعداني يناشد المجتمع الدولي تقديم الدعم وتوفير المعدات اللازمة للفرق المختصة في انتشال الجثث من تحت الركام.,0
حياتنا عباره عن قال شيخ الإسلام ابن تيمية رحمه الله تعالى   القلوب الصادقة والأدعية الصالحة هي العسكر الذي لا يغلب . ستبقى حلب,0
قرار رئيس الجمهورية بعودة البرلمان للانعقاد صحيح و التنفيذ الصحيح لحكم المحكمة الدستورية يكون في الإنتخابات القادمة,0
ابو الفتوح علي التحرير الان حوار قوي جدا,0
الحمد لله حققنا مستهدف حملة ال21 يوم لمحو الأمية شكرا لشباب صناع الحياة و لكل شركاء الحملة يا رب أعنا على,0
يا غنوة مبتكملش يا دمع يا محبوس ليه كل ما أحلم حلم بقى يتقلبلى كابوس  محمد محسن,0
الاصلاحيون فرحو ع سحل القذافي وشجعو الناتو والطائرات الاماراتيه والقطريه وهي تقصف قواته والان مايدرون عن الشعب الليبي اللي يعاني من داعش,0
أكلاشيه رقم 4 : تمكين الشباب و كنداراجع نتائج انتخابات بريطانيا و أمريكا و النمسا,0
لغز الحياة  مصطفي محمود  البرنس,0
سوري الرابط اهه,0
ربي إني استودعتك حياتي فلا تجعل مرها يسقيني و لا حلوها يلهيني,0
ابراهيم عيسى سيحاكم بتهمة ازدراء الاسلام ؟ عيسى قدم فهما عميقا للدين لا يتوفر عند المرشد من يزدري الاسلام هو من يكذب ويزور ويظلم يا بديع,0
ريال مدريد هو نادي الكُرة الأرضية ! 😍😍 انشيلوتي ❤طبعا و الاهلي 💕 😍,0
الأمم المتحدة تنتظر موافقة  دمشق و  موسكو على هدنة جديدة في  حلب.,0
حسيت بيقين جوها ممرره زي اغاني جستن بيبر بس كل ما سمعتها كذا يرجع لي حماس الافلام لأن الايقاع الاساسي نفسه.. صوت جونقكوك جميل فيها,0
دستور يتوافق عليه الشعب حقوق انسان ثابتة دولة مدنية جيش جزء من السلطة التنفيذيةما لم نتفق على تلك الأساسيات لتوحدنا كمصريين فكلنا خاسرون,0
الأسواني: لهذا لا يوجد فرق بين إرهاب الكنيسة الكاثوليكية في الأندلس على يد الراهب بليدا وإرهاب أسامة بن لادن>>,0
أمل الجمل: عن  الشتا اللي فات  وشتاءات أخرى مقبلة,0
نبض نيوز اا  جمعة الغضب اا بالفيديو موقع أمريكي يرصد مذبحة رمسيس بجمعة الغضب حجارة معارضي الانقلاب في مواجهة …,0
يهنئ حزب الوسط الدكتور عبد الفتاح ماضي بتعيينه رئيسا للمجلس القومى للشباب ويتمنى له التوفيق,0
لا تثقل يومك بهموم غدك فقد لا تأتى هموم الغد و تكون قد حرمت نفسك من سرور يومك صباحكم سعادة و سرور :),0
أسف يا ريس،رغم إنتمائي للأخوان إلا أنني إبن ثورة الحرية لذلك ارفض السلطات المطلقة للرئيس مهما كانت السبب وأي كانت المدة,0
تعا كرمالي ، تعا بالليالي، تعا بالصدفة، تعا بخيالي  اليسا 🎵.,0
يينكسر ملاذ الصواريخ علي اصابعنا كالفخار 🙌🏻  قروب فلسطيني  فلسطين,0
7 ماله سمك إسكندرية يافندم؟ طب والله من غير مبالغة لفيت العالم مالقيت مثيله وأتوسل إليكي ماتحطميش أسطورتي الخاصة,0
عيد ميلاد الغالية النهاردة دا يوم خير ان شاء الله  فيروز ❤️,0
اللهجة التونسية فعلا من احلى اللهجات في العالم العربي ومش صعبة,0
هذا الارجنتين الي وصل ثلاث نهائيات ورا بعض ميسي ساتر عليهم,0
اشتباكات بالاسحلة المتوسطة الان في محيط فندق الريكسوس وقصور الضيافة بالعامصة  طرابلس الان  ليبيا,0
وين سارح؟ فاقد الإحساس واضح كنت ترسم ما كتبت وكانت عيونك  مسارح  كان يا ماكان،فيك الشوق فاضح  سري,0
مصدقية من جوجل ونسبة الربح كبيرة أانا حبيت افيدكم اكتبو في جوجل🌱 رب,0
خطر في القدس... يزداد الخطر بزيادة الغفلة واللامبالاة في قضايا  القدس وآخرها صوت مآذنها الذي يقاوم  الاحتلال,0
كل شى كتبته غلط كل شى حسبته غلط فى  الامتحانات,0
حق شهدائنا يضيع بشكل منظم نظامنا القضائي عاجز عن القصاص والجهات التشريعية والتنفيذية لم تدعمه، ومحاسبة كل من قصر في جمع الأدلة ضرورة,0
نائب منسق الشؤون الإقليمية لمكافحة الإرهاب بوزارة  الخارجية الأمريكية ماري ريتشارد:  الولايات المتحدة تراقب عن كثب   تنظيم الدولة  خارج  سرت,0
أنت من أستلذ بأحلامي بك واستطعم الحب بحضورك مقتبس من [    ]  تصميمي  ميسي  97,0
مش عارفة اذا لسه رح نشوف ابشع!!! غير قلة الحيلة المستحية قدام اللي عاش وجرب.  يا رب  شوية أمل  فلسطين  سوريا  اليمن  بورما  الجوع ب  افريقيا,0
المرحلة اللي تمر فيها مصر محتاجة رجل مثل  أحمد شفيق,0
الورقة التي لم تسقط في فصل الخريف: (خائنــة) في عيون أخواتهـا (وفيــــة) في عين الشجـــرة (متمردة) في عيون,0
حان الان وقت صلاه المغرب لــ  واشنطن  أمريكا 4:51,0
اغنية جونقكوك تحسوها زي كونسبت اغاني جستن بيبر من كثر مايحبه ويسوي كوفرات له اغنيته طلعت زي اسلوب جستن في اخر البوم له,0
أوباما يعلن حالة الطوارئ في ساوث كارولاينا بعد تعرضها لإعصار ماثيو خلال الأيام الماضية وسقوط المئات من الضحايا,0
واشنطن: الكويت وسّعت فجأة صفقة مقاتلات «إف - 18».. كانت 24 مقاتلة وأصبحت 40 بزيادة 7 مليارات دولار الكويت,0
أشارك في وقفة صامتة بالإسكندرية يدعو إليها شباب مصر تضامنا مع ضحايا التعذيب وإدانة لتلك الممارسات,0
شاركوا معانافى الهاشتاج ده  محبي حازم عبدالعظيم ضد الخونه عايزينه تريند  ريتويت  جيش تويتر  سأنتخب السيسي  باسم طلع حرامى  ا…,0
مصر عمرها ما كانت هيبة في عهد مبارك ده كلام رخيص مصر كانت هيبة في ال18 يوم هيبة بجد والعالم كله وقف يتعلم وده كان الشعب,0
حملة شباب  ضد النقطتين ،  ضد النئطتين ،  ضد النجطتين ،  ضد النغطتين بجميع الألسن كي يفهم الجميع وسلامتكم  بكفي حصار  اضبطوا شركاء المخلوع,0
أعفيك من متابعتي لأنك إما لا تحفظ لسانك أو لا تحفظ لي حقي في الاختلاف لكني سأدافع عنك دوماً إذا ظُلمت شكرًا,0
صدق من قال لاتستطيع شراء الاخوان لانهم قوم لاسعر لهم لايبيعون آخرتهم بدنياهم لايرضون بغيررضى الله بديلا لله درهم وطوبى لهم  انصاف الاخوان,0
لافروف :  واشنطن سحبت مقترحها حول  حلب لسحب المسلحين  روسيا,0
يخي ويندوز 10 عنجد فخم 👏👏,0
صحيفة روسية : حزب الله دفع ب 5000 مقاتل الى سوريا استعدادا لمعركة ادلب بسام جعارة  سورية,0
عقيلة صالح يشكل لجنة من عمد ومشايخ وحكماء برقة لتتجه الى مدينة  سبها بشكل عاجل للمساهمة بفض النزاع المسلح في المدينة.  ليبيا  المرصد,0
الولايات المتحدة🇺🇸عاجل|  واشنطن تحذر رعاياها من هجمات إرهابية محتملة في  أوروبا,0
وزير الخارجية المصري يصل مقر الجامعة العربية ويليه وزير الخارجية الفلسطيني ليبدأ اجتماع اللجنة العربية المعنية بإنهاء الاحتلال الإسرائيلي,0
رُبّ من أنضجت غيظاً قلبه *** قد تمنى لي موتاً لم يطع مهداة لمن يقف في أعلى شجرة جوز الهند محاولا اخراس ذكائي لأتوقف عم…,0
سهرنا يا ليل 💕🎵🎶  اليسا,0
هو اللي عيونه ندوني مالعالم كله خدوني,0
انا الآن اعاني من اقسى انواع الطفش  فكرة جميلة يحطون غرفة نوم بالجامعة اروح اخذ غفوه بالبريك,0
مشاكل العمال تتفاقم ضرورة حوار ثلاثى عاجل بين الحكومة وأصحاب الأعمال و النقابات العمالية لوضع إطار متوازن يحفز الإنتاج ويضمن حقوق العمال,0
: عاجل: القضاء الإداري يقرر وقف الانتخابات البرلمانية، وتحيل القانون إلي المحكمة الدستورية,0
3 عجز الحكومة المصرية المتواصل عن التعامل بفاعلية مع الأزمة وإخفاقها في إدارة ملف المفاوضات مع الصندوق بشفافية,0
بهدف قاتل في اللحظة الاخيرةفالنتين ستوكر يحسم قمة سويسرا المجر  لبلاد روجيه فيدرر,0
افضل طقم لروجر فيدرر نهائي الماسترز 2012 للاسف ماعندي صوره 😬,0
منذ عامين وحتى الآن كل ما قدمه أنصار تيارات الشعارات الإسلامية لمصر مجرد مشاريع خناقات مع العالم والكون وأبناء الوطن,0
يالله فورا أول ما أستعيد السيطرة على الدي إم نتفق بالكتير على يوم الأربعإنت واحشني جدا,0
2-والمواقع مثل امازون   جولي شيك   شيئين   علي اكسبريس   حجوزات الفنادق  بوكيق  والطيران كلاً من الامراتي والقطري والكثير,0
ده مش جيل 54 زى ما هيكل كان فاكر ده جيل 25 يناير ورابعة جيل العزة والكرامة والصمود صورة للأسود في الزنزانة …,0
لا  للمداخلة السلفيين في  ليبيا,0
كل من يظن انه ربما يكون مرصود الحيطة و الحذر و عدم المبيت في المنزل اليوم  شارك  انشر  حذر,0
تم تقسيم شعب مصر أخلاقيا احرار وشرفاء ومتسامحون ومؤمنون مع الشرعية والعكس بالاضافة لجهلاء واغبياء مع الانقلاب,0
السعاده ؟ ان تجد روحآ تشبهك بكل شي,0
لافروف : امريكا سحبت مقترحاتها لحل في  حلب ووعدوا بتقديم غيرها .....😆😆,0
شاهد - آخر كلام: سد النهضة ما ينبغي على مصر فعله,0
ان اللون الرمادي ليس له محل من الاعراب يا ابيض يا اسود  علمتني الثورة,0
قالها شبل من أشبال حلبإذاكنتم جيش الأسد فنحن جيش الواحد الأحد ثورتنا كالصلاة تبدأ بالتكبير وتنتهي بالشهادة ستبقى حلب ستنتصر حلب حلب تباد,0
الشعوب لا تنهض بالكلام والظواهر الصوتية لم ولن تحدث فارقا يذكر عبر التاريخ!,0
ما بتحييش العلمطب ريح تكتب الدستور ليه إنتو بتشتغلونا بقى!!  السادة المحترمون,0
المواطن | صور مراحل حمل النجمة  ميريام فارس,0
عن يوم  حلو مع ناس بتحبهم عمرك ما هتقدر تنساة ツ,0
نحن وغيرنا ننتظر من الاخوان الكثير، ننتظر ان يغيروا الصورة الذهنية المأخوذة عنهم فى الفترة الأخيرة، ننتظر ايادى ممدودة يتبع,0
خلق جميل نقول الحمد لله على كل حاجة لأن ربنا مش بيعمل حاجة وحشة أبدا,0
انتخاب مرسي بالقطع ليس سبة ولدى اصدقاء لا اشك في ثوريتهم انتخبوه لكني ببساطة لم انتخبه وقاطعت وان كان هو الان الرئيس الشرعي,0
جبران تويني كان الوحيد يلي بيقدر يخاطب الجميع اصدقاء و اعداء  هوا الحرية,0
كنت أتمنى أروحه وكان عندي بصيص أمل لكن التوقيت والأختبار حال بيننا 💔🚶🏻  معرض الكويت الدولي للكتاب,0
الملك سليمان يصل الاثنين الى  بيروت على رأس وفد سعودي لتهنئة ميشال  عون بانتخابه رئيساً للجمهورية.,0
أمير العمري:  الشتا اللي فات : شهادة سينمائية بليغة عن الثورة,0
9سبتمبر عيد الفلاح الذى ظلمته السلطة واهملته المعارضة نحتاج لاصلاح زراعى جديد و نقابة مستقلة للفلاحين لا تغيير بدون الجماهير وفى قلبها الفلاحين,0
دعوة الصائم لاترد اللهم طمئن قلب  امي واشفها مما تعاني وارفع عنها ماألم بها اللهم فرج هم  أمي ويسر امرها واكتبها في علي,0
انا مع خريطة طريق وجدول زمني للانتقال الديمقراطي ونطمئن من ثم المواطنات والمواطنين بأن مصر لن تكون مع حكم مجلس عسكري يستمر إلى ما لا نهاية,0
جعل الغياب اللي خذاك يموت ويحيا بداخلك وصل غاليك  يوسف  بوح,0
ادعوا الى إتفاق القوى الإسلامية والليبرالية واليسارية على تداول السلطة في إطار الالتزام بمبادئ الشريعة الإسلامية كمصدر أساسي للتشريع,0
"التويتة السابقة:ايوه العريان قال كل ده مابين جرايد و احاديث صحفية,بطلوا تقرفونا بالبرادعي بقى",0
أرسل المغني بوب ديلان الفائز بجائزة نوبل للأدب رسالة  يشكر فيها الأكاديمية السويدية و وصف هذا المنح بأنه شرف يضاهي  الوقوف فوق القمر,0
1 العنف مدان، ضد منشآت عامة أو خاصة، ضد مجمع محاكم أو أقسام للشرطة أو مقر إعلامي حزبي كإخوان أون لاين، من الأجهزة الأمنية أو من المتظاهرين,0
الحياة برس:  حماس تنظم تظاهرة في  جباليا تنديدا بقرار الاحتلال منع الاذان,0
بعد الانفاق في معسكر اعداد وملابس وكتيب المشاركة في العاب الفرانكفون وقبل 24 ساعة من السفر الغى طاهر ابو زيد,0
عاجلبدء مقابلة  المسيرة مع الشيخ  نعيم قاسم  نائب الأمين العام لـ  حزب الله بمناسبة المولد النبوي الشريف,0
غرد بذكر الله  اذكر الله  حصن المسلم,0
سبحان الله وبحمده  ريال مدريد,0
2 وقوى وطنية توقع على وثيقة الأزهر المتوازنة لنبذ العنف فيزايد عليها بعض جمهورها وفورا يبدأ بعض قياداتها بمكيافيلية في التنصل من الوثيقة,0
مُحبَط،يائس،حزين؟تابع شباب فلسطين،رفع الأذان، شوف بنات وأطفال الحجارة بيعملوا ايه، اقسم بالله إحنا اللي مُحتلين ومافيه دولة حرة غير  فلسطين,0
مقترح خليجي ب  الجامعة العربية يعتبر ممارسات بشار  جرائم حرب      حلب تباد,0
احنا اسكندرانية ونعجبوك,0
بمناسبة المولد النبوى الشريف نهنئ الامة الاسلامية و ندعو المسلمين الى صحيح الاسلام و ان الاسلام دين الجماعة الواحدة دون تشيع او تفرق او عنف,0
قوات  الاحتلال تجري عمليات تفتيش في قرية  حزما شمال شرق مدينة  القدس المحتلة بعد رشق حافلة للمستوطنين بالحجارة قبل قليل.,0
اليوم اختبار حقيقي لمجلس الشعب اما ان يكون على مستوى المسئولية فيكتسب الشرعية و احترام الناس وأمان ان يتواطا مع العسكري فيخسر كل شيء,0
اصعب احساس    لما يوحشك حد   مات   سو,0
إلى المصريين الأحرار إلى شعب مصر العظيم حانت ساعة الاتحاد و الاعتماد على النفس لا بد أن نقف وقفة رجل واحد ضد الإرهاب و داعميه بالخارج,0
بسمة أمل - جزاء مَنّ يسخر من الناس,0
المصري اليوم  علاء عبدالفتاح:  مصر لم تشهد حكمًا مدنيًّا حتى في عهد  الإخوان,0
ما حجم اعمال الشاطر وكم تبلغ ثروته وما مصادرها وهل دفع الضرائب طبقا لنفس القانون الذي يطبق على ساويرس التطبيق الانتقائي للقانون فساد فاحش,0
يقول رسول الله صلى الله عليه وسلم:  يُقال لقارئ القرآن اقرأ وارتق ورتل كما كنت ترتل في الدنيا، فإن منزلتك عند آخر آية تقرؤها,0
ميريام فارس 😍💜,0
عنان كان دفاع جوي مع ان دايما رئيس الاركان مشاة او مدفعية الله يرحمك يا ابو غزالة، عبقري المدفعية في القرن العشرين,0
الفيلم دا كان لازم ياخد  الاوسكار بجد,0
الجميل في المسلسل ان ماحدش فيكو بيحاول يقلد الشخصيات المثلت الفيلم,0
عايش معاك ايام مفيش فى جمالها زى  الملاك دى اقل كلمه بقولها  بحبك  عمرو  دياب —,0
رونالدو هو أعظم لاعب في تاريخ  ريال مدريد  رياضة,0
يجب أن نبدأ حملة توعية لحث الناس على التصويت بكثرة لأن ذلك ف,0
جيد أن تتنوع الآراء حول السياسة وقضاياها وضروري أن يتم التعبير عن هذا التنوع في الإعلام التقليدي وشب,0
رئيس الحزب شايف ان اليمين المتطرف ممكن ينفر الناس من الحزب و ممكن يقلل سلطته ، و شبه كل الأحزاب ممثلينها بيدعوا للانفصال من الاتحاد الاوروبي,0
الوطن | العزل والرئاسة | عمرو حمزاوي:,0
فيديو : د عبد المنعم أبو الفتوح فى حلقة القاهرة اليوم الثلاثاء 16 أغسطس 2011,0
أثق في رؤيةأحمد سعيد وأعلم التزامه بمبادئه وأنا معجب بتصريحه أن الحزب يستطيع أن يكون حزب الأغلبيةوأتمنى فوزه في الانتخابات لتحقيق تلك الرؤية,0
حلب أول بلد بالشام خرجعن طاعةالعبيديين سنة462 هـ وأقام الخطبةللسلطان السلجوقي السني والخليفةالعباسي واقتدت بها  دمشق بعدذلك ستبقى حلب,0
اذا ابدعو فيه مثل هاري بوتر بتصير سلسله عظيمه,0
الصحافة العالمية ومحاكمة مرسي او جلوبو البرازيلية: مرسي متحديا ومعلنا نفسه الرئيس الشرعي الوحيد ويرفض ارتداء زي,0
4 ايام بدون فيسبوك تقييم يا شبب ؟ 😎,0
بيونسيه دي حلوه فاهشخ يا ديني,0
في كل شتاء يمر على النازحين السوريين ينهش البرد أجساد شعوب الخيام..كي نكون جزء من الدفء..,0
انشلوتي: في ريال مدريد النتائج هي الأكثر أهمية.,0
حكيك يخلق من العدم فرحه ♡'  م,0
ألف مبروك,0
ليبياارتفاع للعملة أختفاء للمواد الاستهلاكية,0
الماظة:لابد من تسليط الضوء إعلامياً على مشكلة تملك المساكن وتحقيق العدالة بوضع نظام لتملك الشقق يراعي البعد الاجتماعي والمادي للعاملين,0
من أجمل ذكريات الطفولة أنك تنام في أي مكان في المنزل وتستيقظ وأنت في سريرك  ربِ ارحمهما كما ربياني صغيراً,0
يآجعل دربكَ تسآهيل والفُوز فآلك  النصر الشباب  نصراوي لاتكلمني,0
يا صباح الخير يا صباح النصر احنا ملوك كل حاجه فى مصر :))  الأهلى,0
ورداً على تساؤل فيما خص ترشحه عن  دائرة مصر الجديدة  اجاب دعمرو ان الجامعات هى مساحة للعلم و ليست مساحة للدعاية الانتخابية,0
ما هى أفضل وظيفة فى الحياة ؟ ( مدير شركة - رئيس مؤسسة) ؟ لا والله أفضل وظيفة فى الحياة ان ربنا يشغلك عنده تدل الناس على الخير,0
اردوغان :   تركيا تقف سداً بين الإرهابيين ودوّل الحلفاء في  الناتو,0
كلمة حلوة *اصرف ما في الجيب يأتيك ما في الغيب * إن للحسنة نورا في الوجه وضياء في القلب وأثرا في الخلق  مما راق لي,0
عمال مصر هم عماد الوطن، تكرار الإعتداء على العمال يؤكد ان دولة مبارك لم تسقط وان تغيرت الوجوه,0
لما الموب بتاعي يبوظ  بس الايام مش سيباناااااا مش سيباناااا في حالنا :) :) 2,0
4 الشريعة وأحكامها كتبت بعد وفاة الرسول ولذلك غلط تربطها بشخصه مش خوف ولكن حرص على أن المعلومة تكون صح,0
بايدو آي  نظارة صينية ذكية تنافس الأمريكية  غوغل,0
ضمن دوري الدرجة الثانية /الوسط سلواد 1:1 الموظفينالعيسوية 1:0 بيت لقيا,0
2050 بص يا سيدي انا ضد فض أي اعتصام بالقوة وأعلنت ده بعد الحرس الجمهوري وأيضاً غلق المحطات ولكن هذا لن يجعلني ادعم طفاسة قيادات فاشلة,0
المحنة اخرها فرحة  الاهلي الافريقي,0
عاجل : عرسال :عاصفة ثلجية تهدد حياة الالاف النازحين السوريين في منطقة  عرسال.  ماسة الثورة السورية,0
ألف رحمة ونور عليك يافنان مصر العظيم ياأعذب الناس وأجملهم وأطيبهم,0
123 هنا خطأ مننا نحن الأحزاب المدنية فلقد وافقنا على هذا لعدم خبرتنا,0
علوم الإمارات - | العثور على 3 خادمات هاربات عبر حساباتهن في فيس بوك  الإمارات,0
مفيش  باسم :(,0
عاجل ؛ هؤلاء هم أشراف  مصر ، وكلام خطير في صميم  الاخوان !! أنصحكم بسماعه ?,0
فقط في  معرض الكويت الدولي للكتابفي السابق .. كنا نقابل الأحبة في الممرات وكنا جميعاً قراءاليوم .. صار كل من نصادفهم هناك كُتّاب !,0
جزيل الشكر والتقدير لمحمد يحيى احمد الشيخ وسيد أحمد أحمد الشيخ على كرم الضيافه وحسن الوفاده  بقلمي,0
مصر التاريخ مصر الرياده لن تركع الا لله وربنا معاك يا سيسى وان شاء الله مصر هتعدى  مصر لن تركع,0
حاجات بتفرح في مصر اللمه الحلوه مع اصحابي,0
اهو دا اللي صار: رائعة  سيد درويش بصوت الجميلة  دينا الوديدي,0
قال صلى الله عليه وسلم: «أقرب ما يكون العبد إلى ربه وهو ساجد، فأكثروا الدعاء» [رواه مسلم].  ريال مدريد,0
مع هطولات المطر الغزيرة والحرارة المتدنية للغاية .. لا ننسى ملايين النازحين السوريين ممن فقدوا بيوتهم ولا يملكون اليوم أي وسيلة للتدفئة ..,0
قال رسول الله ﷺ:من لم يهتم لأمر المسلمين فليس منهم .عجبي لمن يقول وماذا عساني أن أُغيّر ؟ جاهد ولو بالدعاء ستبقي حلب حلب في قلووبنا,0
فيدرر ونادال خارج التوب ٤ في التصنيف العالمي للتنس لاول مرة من ٢٠٠٣نهاية النجمين وبداية تنافس يديد بين جوكوفيتش وموراي,0
وائل جمعة صخرة الدفاع المصرية,0
الليلة11مساء نستمرفي كشف إغراض الجزيرة وحملتها الداعمة لتنظيم الاخوان الإرهابي مستخدمين تقاريربعدسة الجزيرة نفسها  مصر  الإمارات  لبنان  قطر,0
مختاريان >> احمد الشيخ 😭,0
كابوريا  اللبان  يوسف رجالة بمعني الكلمة بجد شباب جدعة جداا درونا  نكمل  لن تركع امه قائدها محمد,0
1:  عبدالله شعبك يحبك  الملك اسأل من هو في ملكه مقيم ، وفي جلاله عظيم وعلى عباده رحيم ، وبكل شئ عليم ان يشفيك,0
متحمسين جدا للشخصية الجديدة على  حمد العماني بعد نجاحه في شخصية  يوسف في  توالي الليل الجمهور ما راح…,0
عادل امام ربنا يديله الصحة,0
تقريبا دي اكتر حاجة قريتها جسدت المذبحة اللي حصلت لاقرب ما يمكن  مذبحة بورسعيد,0
تبرعات الهلال الاحمر الكويتي لن تسلم للهلال الأحمر السوري وإنما لبعض المنظمات الدولية الداعمة للمسلحين وللهلال الأحمر القطري أي(جبهة النصرة),0
البيان ذكر بالنص: · اثق في اخلاق الاخوان برفض هذة التصرفات من بعض افرادهم,0
ماذا لو المدارس مختلطه                   وناسه اسرق حبيبي البنت الي اكرها مافي انذل من كذا😂😂😂😂💔,0
"من فضل الإسلام أنه كرم المرأة, وأكد إنسانيتها وأهليتها للتكليف والمسئولية والجزاء ودخول الجنة",0
ﺍﻧﺖ ﻣﻬﻤﺎ ﻛﺒﺮﺕ مش هنسي اي لاعب لبس تيشيرت  الزمالك و لعب علشان الزمالك مش علشان الفلوس و حب الزمالك و جمهور الزمالك من قلبه ^ ^,0
سفر رئيس الجمهورية ورئيس الوزراء إلى الخارج في هذا التوقيت استهانة بالشعب المصري 25,0
شكرا لكل من جاوبنى,0
سعدت بلقاء أهالى المنصورة و فخور بأعضاء حملتي بالدقهلية الذين اتاحوا لي هذا اللقاء ورتبوا زيارة الكنيسة ولقاء القوى السياسية,0
طقس العرب:  موجة باردة تندفع لشمال المملكة مساء الإثنين، وتوقع ثلوج في  الحدود الشمالية بإذن اللهأجواء باردة مغبرة في  الرياض يومي الثلا…,0
موقع  اتحاد مكتبات  الجامعات المصريةحاجة مبهرة وخدمة عظيمة للباحثين واضافة رائعة للمحتوي العربي علي الانترنت,0
حسينية باقر العلوم احد اهم أوكار  حزب الله في أفغانستان  كابولفيها يتم الشحن الطائفي و المذهبي لتحريض شيعة افغانستان للقتال في  سوريا  حلب,0
ما هو حجم المأساة التى ستحرك الشعور بالمسؤولية والإحساس الانسانى لدى من هم في السلطة ليظهر أحدهم ويخاطب الشعب بشجاعة ومصداقية ؟,0
أحبك الذي أحببتنى فيه :),0
الدكتور أبو الفتوح:  محتاجين مصانع محتاجين مزارع محتاجين شقق للشباب لكي يتزوجوا، و لسنا نحتاج لمساجد أو كنائس فهي أكثر من الحاجة,0
🔹الثقافة القرآنية🔘 الله يريد منا أن يكون محمد حياً في مشاعرنا، ووجداننا.💚ذكرئ.المولد.النبوي.الشريف,0
نجيب ساويرس يتحكم ف النادي الاهلي! احمد سعيد رئيس حزب  ساويرس اصبح نائب رئيس  الاهلي بدل من محمد عبد الوهاب صاحب التاريخ الكبير!,0
انتهيت من أداء العمرة فإنه منظر عظيم أن تجد الملايين يستغيث ون بالله تعالى يا رب انصرنا و احفظ بلادنا و افتح,0
الشعب السعودي الآن مثل خزان الوقود ينتظر عود ثقاب فقط مثل بو عزيزي في تونس وشبه مؤكد ان الثورة ستكون بع…,0
عاجل|  سامنثا باور مندوبة  واشنطن لدى  الأمم المتحدة تحدّد أسماء قادة تابعين للنظام السوري متورطون في  جرائم  ضد المدنيين(جلسة لمجلس الأمن),0
أشاهد الآن  أوتار القلوب على شاهدنت عبر,0
-  المصيبه اللي تقربك من  ربنا احسن من  النعمه اللي تنسيك  فضله,0
كلمتين وبس أحبك جدآ  الى احدهم,0
أكبر خسارة خسرناها في ظل نظام مبارك هي الثروة البشرية,0
إهداء إلى أمى الغاليه,0
شكراً :),0
مفيش حاجه اسمها  عيب فى حاجه اسمها  حرام الخوف بيكون من  ربنا مش الناس !,0
لأول مرة منذ 712 اسبوع بالتحديد في 17/2/2003يشهد تصنيف التنس الصادر اليوم عدم تواجد  فيدرر او  نادال في التوب 5 !! نهاية هيمنة !؟ تنس,0
"البنك المركزى التابع للانقلاب يعلن أن ديون مصر ارتفع لمستوى بشع غير مسبوق وتجاوزت 1,8 تريليون جنيه كارثة لا يشير لها اعلام العار",0
تحية لقضاة مصر الأجلاء لدفاعهم عن حقوق الشعب المصري وحرياته وتمسكهم بمبدأ استقلال القضاء,0
مع زيادة تدخلات ايران في شئون المنطقة هل نسعى لإيجاد علاقة أمنية مع الناتو ؟     اجمل بلد زرته بحياتك حدث في ٢٠١٦,0
بيتي انا بيتك وما الي حدا  فيروز,0
اختيار الدكتور عمرو خالد، ضمن أكثر 10 شخصيات تأثيرًا في العمل الاجتماعي في مصر لعام 2012,0
اقل هديه يقدمها جماهير المايسترو روجير فيدرر له هو تصويتهم له ليضل الاعب الأكثر شعبية للمره 14 على التوالي رغم ابتعادة معظم فترات هذا الموسم,0
برومو حلقة (بائع الليمون) - ثاني حلقات الأنيميشن من برنامج بسمة أمل انتظروا الحلقة الساعة 7 مساء الخميس,0
اشارككم قلقكم من حالة الاستقطاب السائدة في الحياة السياسية الآن وقد طالبت بعودة التوافق الوطني بين كل التيارات,0
ننعي الي الانسانية رمزا متألقا للنضال في سبيل الحرية والنهضة والكرامة الانسانية القائدوالمجاهدوالمفكر العربي احمد بن بيللا زعيم ثورة الجزائر,0
مرفق بالمحتوى لينك للفيديو,0
بلاغ للنائب العام مطلوب صاحب هذه الصوره الذى هدد نجيب ساويرس بالقتل والاعدام,0
👈🏻 .. ﻓﻲ ﺳﺠﻮﻥ ﺃﻓﻐﺎﻧﺴﺘﺎﻥ ﻭﻓﻲ ( ﺟﻮﺍﻧﺘﺎﻧﺎﻣﻮ ) ﺑﻛﻮﺑﺎ .ﻭﻟﻢ ﻧﺠﺮﻡ ﺍﻟﻤﺴﻴﺤﻴﺔ ﻭﻻ ﺍﻟﻴﻬﻮﺩ ﺑﻤﺎ ﻧﺸﺮﺗﻪ ﺻﺤﻴﻔﺔ ( ﺩﻳﻠﻲ ﺳﺘﺎﺭ ) ﻣﻦ أن ﺇﺳﺮﺍﺋﻴﻞ ..👇🏻,0
أنا سعيد جداً بما أنجزه شباب أكاديمية الداعية المعاصر في سيناء في يومهم الأول، فقد التف حولهم أهل سيناء الذين,0
إلى زملائي المحامين الراغبين في الانضمام لمبادرة(سامعين صوتك)التى تهدف لدمج متحدي الاعاقه في المجتمع يسعدنا اشتراككم,0
مندوبة  الولايات المتحدة في  الأمم المتحدة: نرحب بأي هدنة في  سوريا لكن دون أن تكون مقدمة للعودة للقصف الوحشي,0
أعطي رسول الله  المرأة مكانة عالية وجعل لها دور كبير في المجتمع شاهد لتعرف   يوم المرأة العا…,0
اعتراف من نقابة الصحفيين الفاسدة: هناك مناخ معادى لحرية الصحافة بعد الانقلاب أكثر من إى وقت سابق، الصحافة اتهانت,0
لافروف:  واشنطن سحبت اقتراحاتها بشأن تسوية الأزمة في  حلب,0
مع اشراقة كل شمس نبدأ عملنا بروح نشيطة وهمة عالية ويد واحدة ونية متجددة أحلى صباح لأجمل متطوعين فى اعظم حملة,0
ﻭﻓﺄﻯ ﻣﻜﺎﻥ ﻭ ﻓﺄﻯ ﺯﻣﺎﻥ ﺑﻘﻮﻟﻬﺎ ﻟﻴﻚ ﻭ ﺑﺎﻋﻠﻰ ﺻﻮﺕ ﻏﻴﺮﻙ ﻣﻠﻴﺶ ﻋﺸﺎﻥ ﺍﻋﻴﺶ  ﺍﻻﻫﻠﻰ فى قلبى ﻟﺤﺪ ما  أموووووت,0
من تونس  سوريا فى القلب,0
عزام الأحمد: ملف المصالحة بين   فتح  و  حماس  في يد  قطر,0
لم أهاجمه بل أحترمه ولو كان له أخطاء فهو بالتأكيد شخصية تحترم,0
🔴  مرسوم العقيدة الخارجية الروسية:  روسيا تهتم بعلاقات منفعة متبادلة مع  الولايات المتحدة,0
افتخر بلغتي 😍😍  اليوم العالمي للغة العربية,0
أفضل لاعب يالعالم يرد على المشككين بهدف آخر من ماركة  رونالدو و يعلن نفسه من الشهر الرابع أقوى المرشحين للكرة الذهبية,0
أحمد الله العلى القدير على ما شاء وقدر، واشكره سبحانه شكراً جزيلاً على تقديره نجاتى,0
ماذا لو المدارس مختلطهكل ممنوع مرغوب اذا من البدايه اتعودنا على هالشي ماكان تصير هالمشاكل كلها,0
الجيش السوري يدمر 3 جرافات ويقتل من فيها جنوب مقبرة حوش نصري في  الغوطة الشرقية,0
ألرب واجد,0
لماذا استسلم  الإخوان لفكرة التحول من مقموعين إلى قامعين,0
كل يوم قهااجاباتاساڤوعاش يا  عمرو اديبارجع لي ابو قديمو,0
يا بركان الغضب يا موحد العرب .. !!😔 القدس ❤❤,0
ثمة موجة سياسية تعم العالم الغربي تحديدا امريكا وأوربا..لايمكن عزل تاثير توجه امريكا على اوربا نحو اليمين المتطرف...دواعيه الشعور في تاكيد/١,0
تحدثنا عن هذا الكتاب الجميل عن خروج المصريين على السلاطين في وقت كان الحديث فيه عن خنوع المصريين موضةهذا الجزء الأول,0
ما مشروعية الثورة وما الموقف من أولي الأمر بين الطاعة لهم والخروج عليهم وما أساس الخلاف بين فقهاء الثورة وفقهاء السلطة؟,0
الجيش السوري يحرر بشكل كامل  السكن الشبابي المحاذي للبحوث العلمية في الأحياء الشرقية,0
الرجوع للحق فضيلة حمد الله على سلامة أحمد السيد النجار,0
الذين يدعون ان هذه الثورة العظيمة هى انقلاب عسكرى يجهلون او يكذبون وفى الحالتين يهينون الشعب المصرى ويستهينون بتضحياته وبدم شهدائهم الأبرار,0
واحد من ابطال هارى بوتر جاى فى فلاش,0
ولغايه ماتبنوا الكنايس جوامعنا وبيوتنا وقلوبنا وعيوننا مفتوحه ليكوا تنوروها وتنورونا,0
إجتماع ثلاثي ف  موسكو ، بالنيابه عن أهل السنه  تركيا هي ممثلنا .,0
الى  الاخوان أردتموها معركة دون وجه حق فدبروا لكم مذبحة دون وجه حق اقرأ المزيد هنا:,0
هل توافق علي تبكير الانتخابات الرئاسية و الاسراع بنقل السلطة من المجلس العسكري ؟؟ للاشتراك فى الاستفتاء يرجي,0
لن تأخذ سوريا قصراً ، لن يرجع للعرش يزيد ، فالشام حسمناها نصراً ، لو يسقط مليون شهيد ..يا جنود المنتظر ... انتم حزب الله,0
ستولتنبرغ يعلن طلب عدد من الضباط الاتراك اللجوء في بلدان في  الناتو الامم المتحدة  تركيا  اللاجئون  اللواء,0
خلق جميل غض البصر,0
الضباط الفرنسيين الذين يتحدث الجعفري عن تواجدهم في حلب المحاصرة مثل تواجد مصنع أحرار الشام للاسلحه الكيماوي بصفحة فيسبوك مواليه ونقله عنها,0
فرنساالقضاء الفرنسي يدين مديرة صندوق النقد الدولي كريستين لاغارد بتهمة  الإهمال,0
تنظيم  داعش يعدم فتى  في مدينة الطبقة في ريف الرقة الغربي بتهمة التعامل مع ’’التحالف الدولي’’  لبنان الآن,0
ادعو المصريين الى مشاهدة توثيق مذبحة الاتحادية التى جمعها الاستاذ عمر طاهر سحل وضرب رصاص وتعذيب البنات لن تفلتوا من الحساب أيها الاخوان,0
مارب  عاجلبطاريات باتريوت تعترض صاروخ بالستي في سماء مأرب أطلقته مليشيات اليهودي المخلوع،عيسى الشفلوت  اليمن,0
2) بعضهم يتحدث عن ديمقراطية وتعددية، بينما آخرون يقاضون مبدعين انضمت لقائمتهم مؤخرا رسامة الكاريكتير دعاء العدل,0
الفلول والثوار يقولون الان نفس الكلام لكن يجب الا يختلط الامرالثوار ضد الاخوان من اجل الثورة والفلول ضد الاخوان من اجل السلطة لا يلتقيان,0
مد العمل بقانون الطوارىء: استمرار للقمع وانتهاك لحقوق الإنسان والحريات الأساسية يوم حزين التغيير حتمي,0
الحرية للإخوان  انصاف الاخوان,0
الأسئلة التي هربنا منها أيام المجلس العسكري لا زالت تطاردنا وستظل إلى أن نواجهها ونجيب عليها,0
الوفاء الشهامة العفو قصة من روائع الحضارة الإسلامية - استمع لحلقة جديدة من حلقات بسمة أمل,0
تغريدة قديمه:تم ضرب الجيش الليبي من قبل الناتوقبل اصدار قرار من مجلس الأمنس/ من الذي تآمر مع برنارد شو لتدمير ليبيا وجعلها وكر لداعش؟,0
حلبالنصر على  الإرهاب هو نصر للإنسانية جمعاء وليس في  حلب الشرقية فقطو  الجيش السوري سطر بطولات أكبر من  صلاح الدين سورية روسيا إيران,0
مراسل الميادين :جثث المختطفين  خالية الاحشاء والسبب هو الاتجار بالاعضاء البشرية قبل قتلهم على يد جبهة النصرة والزنكي   حلب تباد بصمت عربي,0
لأول مرة في حياتي بشعر بعدم الرغبة بمشاهدة هاري بوتر لآخرو,0
هل الفرح حرام ؟ كان الخطأ الأول لزملاءنا الإنقاذيين وإعلامهم ، هو امتناعهم عن المساهمة فى إنقاذ وتحرير جنودنا من,0
الاعتداء على التظاهرات السلمية مسؤلية من بيده السلطة ،و لا يمكن ان يقال انه  خطأ غير مقصود  التعامل الآمنى هو استمرار  لمصر القديمة   !,0
صباح الخير اليمين المتطرف اتهزم في النمسا عقبال باقي اوروبا,0
نصر محروس,0
نوال الزغبي شو بتعملي ؟؟,0
نهنئ الشعب المصري والأمة العربية بشهر رمضان وليكن هذا الشهر فرصة للمصالحة ولتوحيد الصف وحقن الدماء,0
طاح القدر يا  ليبيا عارفين,0
2 كما أدنت عنف الإخوان أمام الاتحادية وأمام مقرهم العام قبل أيام، أدين أيضا العنف ضدهم وضد منشآتهم بالأمس، لا يصح الاحتجاج على العنف بالعنف,0
الغاء المكمل والتغييرات في قيادات الجيش قرارات تستجيب لقاعدة مستقرة في الدولة المدنية وهي خضوع المؤسسة العسكرية لإشراف المدنيين المنتخبين,0
اخخخ يا فيدرر ❤️❤️❤️ .... عطوني افاتارات له,0
عايز اقولك بحبك من زمان جدا  محمد محسن,0
عاجل |  أردوغان أمام الجمعية البرلمانية لـ  الناتو: نريد منكم أن تضعوا حدا لتحركات أعضاء المنظمات الإرهابية في بلادكم ولأنشطتهم الدعائية,0
أكتر شيء يهمني معرفته هل ده مشروع إستقلال حقيقي ولا كارت مفاوضات في نفس التوكيل؟,0
الاحتلال يعتقل 4 شبان عقب اقتحام بلدة الرام شمال  القدس المحتلة.,0
روسيا:وزراء خارجية روسيا وإيران وتركيا يجرون محادثات غدا في موسكو.. بشأن  حلب,0
استمرار مأساة غرق شبابنا في محاولات يائسة سعيا وراء  لقمة العيش ما هي أسبقياتنا وأين نحن من أهداف الثورة : عيش،حرية،كرامة إنسانية ؟,0
القادة الاوروبيون و  اوباما يدعون الى مواصلة التعاون في  الناتو  لبنان الآن,0
لان الجيش السوري يبيد  حلب، الاهالي في الاحياء الشرقية يطالبون بنقلهم الى مناطق تخضع لسيطرة الجيش العربي السوري بحبو يتعذبوا  حلب تحررت,0
جمال  خيال  حقيقه  جميل  درر  حكم  أعجبني  حكمه  بقلمي  شوق  بوح  شعر  قصيد  رتويت خمس الاف متابع بـ 200 ريال 132,0
الحب هو اهتمام، تنازل، كلام، احترام، فعل، دعاء، تغاضي، عتاب، تسامح !,0
رامى عياش ( قلبي وجعني ) 😔,0
الشيخ حافظ سلامة يؤكد فشل مؤامرة أمريكا لإسقاط الجيش المصري  السادة المحترمون,0
حدا فات ع غوغل و سأل قديش الشيعة بالعالم؟!قديش الشيعة بالهلال الشيعيقديش الشيعة بلبنانولى ولى ولى مين قارينا 😂😂😂😂😂😂😂,0
أسال عن حالي ايه اللي جرالي..ولا لحظه ابدا انا هنساكياما ليالي سهرت الليالي ..شاغلني انت وهمي رضاك ....رامي عياش 😍😘  افصل واسمع,0
على  محكمة الجنايات الدولية المطالبة بجثة البشير من الحكومة السودانية تنفيذا للاحكام القضائية العادلة. الأمم المتحدة مجلس الأمن,0
عاجل سوريا نحو 5 ألاف ما بين مسلحين وعائلات تمّ اخراجهم من الاحياء الشرقية لمدينة  حلب ادلب,0
مكتوُبة ليك إنّي أنا اللي تعيش لهامكتوُبة على إسمك حيااتي كُلهاأول ما قلت بحبّ كانت ليا انا ()مين تستاهلهاا غيري او تتقال لها !💕🎹 إليسا💕,0
اكتب رساله لشخص دون ذكر اسمه الحياة ي صاحبي أجمل من بشاعة الحزن لا تحزن ابتسم وتفائل دائما ، وكن على يقين لن يصيبنا إلا …,0
14/ ...السلام تعقد اجتماع تشاوري على المستوى الوزاري، بمقر الجامعة العربية...,0
لما قلبنا جمد عليهم معرفوش ان السبب فيهم 👌 مشتاق اسمع جمله عادل امام كلمه لحبيب قلبك حب أعمى ولسه يامصر هشوف فيكي علي هوي مصر,0
٣. وفي المقابل يحرض الجماعات على الارتباط ب  تركيا  الناتو التي قادت يوما ما أشرس حربٍ صليبية. الشام,0
بقالي سنين مكسله اكتب في جوجل ايه هو مشروع ليلي ؟مش عارفه ليه مش عايزه اعرف,0
كل التضامن مع ثورة شعبنا العربى فى اليمن من أجل الحرية والديمقراطية والعدالة والوحدة ثورة الشعب العربى ممتدة من المحيط إلى الخليج حتى النصر,0
سوريا  ريف اللاذقية اشتباكات بين  الجيش السوري و الأرهابيين عند محور  كباني وسط قصف مدفعي وصاروخي يستهدف نقاط و مواقع الأرهابيين.,0
٩-تقرب من جبهة النصرة ولم ينتقد بغييها بحق فصائل الجيش الحر، وترأس اللجنة المشتركة بين الأحرار والنصرة,0
ولا أشعر بأدنى تعاطف مع مبارك ونظامه الذي أوصل هذا الشعب إلى ما صار عليه، يستوي في ذلك الإسلاميون وغير الإسلاميين، تد,0
2 لا مواجهة ناجحة للتطرف ولا إنقاذ للتعايش إلا بتفعيل سيادة القانون وحماية حقوق الأقلية قبل الأغلبية والمحاسبة الناجزة للمتورطين في العنف,0
ﻷنك انت كل حياتي مهما بالدنيا يصير ♡  كلمة حلوة,0
أخبار الآن | ا ف ب:  مصرع سبعة اشخاص في  حريق غابات في جنوب  الولايات المتحدة,0
اول ما شغلوا بيونسيه كرايزي ان لوف فطست ضحك 😭😂,0
وعلى قولة  فيروز ..وينن وين صواتن وين وجوهن وينن؟صار في وادي بيني وبينن ..بيوجعني قلبي من هالمنظر..حىتى لو عالتلفزيون ..بحس بالغربة  دمشق,0
حلب تبادكل ما تفعله ايران للوصول للسعوديه تملك خلايا في الشرقية و القطيف كبيره جداً دمرت سوريا و العراق و الآن اليمن حاصرونا بكل اتجاهه,0
قاومت وكنت الشوكة في حلق التنين أرهبت الدبابات العزل بالسكين !  جنين,0
الدولة تلتزم بتيسير سبل التراحم والتضامن والتكافل حسن لو خاصم ليلي الدولة لازم تصالحهم علي بعض,0
كنت واثق ان احداث  رابعة والدماء التي سالت سوف تكون لها اثارلكني لم اتخيل ابدا انها تصبح وقود يلهب مشاعر الملايين وتحي…,0
عيد ميلاد سعيد يا سيسي اعترف اني السعوديات ثالث اجمل نساء الكون ثايرون لن نستسلم هل تتزوج وحده تكشف وجههاالنهارده الخميساحمد الشيخ,0
البابا شنودة الثالث كان وطنيا مخلصا ومصريا عظيما رحمه الله,0
الإبتسامه لم تفارقها حتى بعد موتها اللهم تقبلها من الشهداء أسماء صقر,0
أحياناً يكون الألم النفسي أصعب و أشد ألماً من الألم الجسدي ٣٤  مذبحة بورسعيد  المجد للشهداء  إفتكروهم,0
رضاك يارب  كلمتين وبس,0
شكرا إن حضرتك دورت على المعلومة واقتنعتأنا ليس لي مصلحة وأكتب مايرضي ضميري والعلم عند الله,0
عاجل اليمنتصعيد وهجوم عنيف وغير مسبوق للجيش واللجان في مختلف جبهات   تعز,0
والله خلاااااص تعبنا راه 💔 بنغازي,0
يقدّم هذا القرار الذي رفعته فرنسا استجابة أولية لحالة الطوارئ الإنسانية في حلب ومن شأنه أن يتيح إجلاء المدنيين تحت مراقبة الأمم  المتحدة 2/3,0
لم ولن أتخذ أي موقف يؤيد قتل أبرياء تحت أي ظرف من الظروف ما أقوله عن الإخوان لا يعني تأييدي لقتل أي بريء مهما كان,0
و فجآه تقفل كل شي عن بوكيمون قوو😂,0
ماذا لو المدارس مختلطهارتفاع التحصيل العلمي لصفوف الإبتدائية,0
حيث إن أصل استخدام الكلمة كان للمجند حديثا في الجيش العثمانلي، ودا كان غالبا فلاح، ودي كانت بتعتبر شتيمة  أصل كلمة مصرية  لغةمصري,0
ياسر أبو عمّار في  سياسة في دين : غيّرت موقفي من حزب  النور بسبب مواقفه المخزية مع الرّئيس  محمد مرسي ووقوفه مع,0
قدوم هيلاري كلنتون يعني استحالة تسليم غولن إلى تركيا، وذلك لأنّ جزءا  كبيرا من الأموال التي تملكها الجماعة يذهب لتمويل السياسيين الأمريكيين.,0
صباح حنون وهادى بصوت  ماهر زين على كل فولورى الحلوين :)  سمكة بتصبح ☺,0
النفاق أصبح أحد أركان المجتمع !  اه والله,0
اخر  ساعة  يوم الجمعة اللهم اني اسألك عيش السعداء وموت الشهداء والفردوس الاعلى بجناتك جنات عدن اللهم امين,0
الديمقراطية هي السبيل الوحيد للانتقال من النظام الحالي الذي يقمع الحريات الي نظام يحمي حرية الشعب ويصون كرامته قد حان وقت التغيير,0
28 اجدع الجدعان  جيكا  جيكا ياولد الحريه بتتولد  محمد محمود 2,0
دعوات  لإضراب عام  في جميع مدن  ليبيا، بسبب ارتفاع أسعار المواد الغذائية وانعدام السيولة وانهيار الدينار الليبي.,0
عمرو اديباللواء كامل الوزير ...الجيش يتكفل بمحطه قطار اسوانالريس يشاهد البرنامج 👍 👍 👍 💐,0
عودة لسجون مبارك,0
لولا هاري بوتر عليا بس❤️😳,0
كانوا رجال  مرسى رئيسى  كانوا رجال  الشعب يرد تحية الرئيس  أنا حازم  سنحيا كراما,0
قال رسول الله ﷺ(أيما عبد أبق، فقد برئت منه الذمة) رياض الصالحين  ريال مدريد,0
لانني في الوسط فساقف في مواجهه اي سعي لاقصاء اي تيار شريطه الا يكون ذلك التيار نفسه ا,0
جنايات المنيا : تصدر حكماً بإعدام 37 إرهابيا اخوانياً وبحبك 492 لمده 25 عاما في قضيه اعمال العنف بمطاي بعد عزل الرئيس الخائن  محمد مرسي,0
عاجل | قوات الاحتلال تطلق النار باتجاه صهيوني عند حاجز قلنديا ظناً منهم أنه فلسطيني. فلسطين,0
ريال مدريد فاز و تصدر تشلسي فاز وتصدر ووسع الفارق روما انتصر .. باقي الجمعه ويارب ماخاب من قال يارب هلالية زرقاء 💙.,0
كيزاد أفضل منصة لتأسيس الأعمال في المنطقة   الإمارات  بالعربي,0
دعبد المنعم ابو الفتوح يتحدث عن ذكرياته لواقعة المشادة الكلامية بينه وبين الرئيس السادات,0
(إذ قالت امرأت عمران رب إني نذرت لك ما في بطني محررا فتقبل مني إنك أنت السميع العليم) [آل عمران:35]  ريال مدريد,0
تحية لصوت القلم في ذكرى استشهاده  جبران تويني,0
كلام أم الشهيد محمد مصطفى بيجيب من الآخر: مرسي كذب في وعوده,0
اخخ ودي لو اروح للمعرض ، كل الشعار منزلين ديوان 😭😭😭😭😭😭😭💔💔💔💔  معرض الكويت الدولي للكتاب,0
أوباما: ميانمار لن تنجح إذا استمر قمع الاقلية المسلمة  العرب  مسلمي الروهينجا,0
تطمن آنت المقصود بكلامي ، آنت الوحيد اللي قلبي يحبه..💕💙,0
السنين الحلوه بتعدى قوام و آنتآ آسمك فى آلتآريخ بالنور مكتوب  أبو تريكة,0
وهاب عبر تويتر: وجود سليم جريصاتي في العدل مع دعم الرئيس عون قد يسمح بتنظيف القضاء وهاب  لبنان  اللواء,0
قالولي العيد بعيوني على درب بعيد دلوني غمضت عيوني تشوف العيد لا شفت العيد ولا درب بعيد 😥😢 اليسا,0
نبكي الطفلة فتحية التي باتت بلا بصر أم ضحايا تفجير بنغازي أم اغتيال الشيخ نادر . بنغازي طرابلس قنفوذة ليبيا وطني يؤلمني,0
قد ﻳﺒﻄﺊ ﺍﻟﻨﺼﺮ ﻷ‌ﻥ ﺍﻟﺒﻴﺌﺔ ﻻ‌ ﺗﺼﻠﺢ ﺑﻌﺪ لإ‌ﺳﺘﻘﺒﺎﻝ ﺍﻟﺤﻖ ﻭﺍﻟﺨﻴﺮ ﻭﺍﻟﻌﺪﻝ ﺍﻟﺬﻱ ﺗﻤﺜﻠﻪ ﺍﻷ‌ﻣﺔ ﺍﻟﻤﺆﻣﻨﺔ سيد قطب,0
اللى حصل مع محمود شعبان فى التحرير أفترا عليه لأنه ضعيف,0
كورسيرا أكبر موقع عالمي يحتوى على مناهج جامعات عالمية هي الأفضل في تصنيف 2013! نتعاون معهم لتعريب المناهج، شاركونا! …,0
الرئيس مرسي المسئول الاول عن حقوق المصريين وكرامتهم اما ان يوقف الرئيس الخطف والضرب والتعذيب والمحاكمات العسكرية للمدنيين واما ان يرحل,0
منافسة كبيرة بين  نوال الزغبي و  أمل حجازي  ومشاكل وغيرة متبادلة من هي نجمة شركة  لايف ستايلز استوديوز توقعات2017,0
ياولاه الامر نحتاج الهييهيقول الله :{ والله يريد أن يتوب عليكمويريد الذين يتبعون الشهواتأن تميلوا ميلًا عظيما}. ماذا لو المدارس مختلطه,0
لو أنت من الناس اللي لم تؤيد أو تسكت عن ظلم أو فشل سواء في فترات  مبارك أو  المجلس العسكري و  مرسي و  السيسي، قول,0
بيت لحم- الاحتلال يطلق سراح الاسير عبد الهادي طقاطقة من بلدة  بيت فجار بعد ان امضى مدة محكوميته البالغة ١٠ سنوات وشقيقه دعيس بعد ٤ شهور,0
يوم الجمعة هو أحب الأيام للمصريين الأحرار يلتقون معا فى الشوارع بلا موعد ولا ترتيبات يهتفون للحرية وللشرعية ولخير مصر وسقوط الانقلاب,0
أَلَمٌ أَلَمَّ أَلَمْ أُلِمَّ بِدَائِهِ ...... إِنْ آنَ آنٌ آنَ آنُ أَوَانِهِ كوت ريتويت بمعني بيت الشعر دة للمتنبي بدون ما تبحث في جوجل,0
انا مش عايز اخش في مناقشات وافندالهجوم و اثبت منطقي في المقال اذا فيه حوار اتفتح، فده بالنسبة لي شئ رائعمش عايز اكتر من كده,0
حماس تختطف أبا ذر  المقدسي من شارع النصر غرب مدينة غزة صباح اليوم المقدسي من قادة التيار الجهادي في بيت المقدس وهو مطلوب  لإسرائيل,0
قال رسول الله صلى الله عليه وسلم :«الصلوات الخمس، والجمعة إلى الجمعة، ورمضان إلى رمضان، مكفرات ما بينهم إذا اجتنبت الكبائر»  نشر سيرته  ﷺ,0
بغض النظر عن نتيجة الاستفتاء سيظل هذا الدستور غير شرعي لانه خرج من لجنة تأسيسية باطلة تم تحصينها بإعلان دستوري باطل سوف يسقط دستور المرشد,0
انت بتحور يا مغير، انا و انت متفقين على خطأ استعمال دور العبادة سيبك من دي و جاوبني،فين التحريض على الحرق و العنف,0
الشوكولاته والقهوه ، فيروز وحليم ، الشتا والليل ، وانت  حاجات بتفرح,0
ريف حماة  الجيش السوري يستهدف بالرشاشات الثقيلة تحركات الأرهابيين في قرية حربنفسة جنوب  حماة مما أسفر عن مقتل وإصابة عدد منهم.,0
من قام ليلة القدر إيماناً واحتساباً غُفر له ما تقدم من ذنبه قف بين يدى الرحمن وأطل الوقوف وقل يا رب أتيتك بذنوب كثيرة و أنت العفو الكريم,0
هي دي  الحياةالطموحالعزيمةالاصرارالتحديواخيرا .... الحلم حمااااااااس جديد - يشعر بـالحماسة,0
حبيبان نحن الى ان ينام القمر !    جوهرة  محمود درويش,0
د عبد المنعم أبو الفتوح : (الخلافة المنشودة) هي العدل والمساواة والحرية ومكافحة الفساد السياسي والاجتماعي وهي,0
تزامن الزحوفات على  ميدي  البقع  تعز  صرواح من الساعة الأولى التي حددها  كيري لإيقاف الحرب دليل على أنها مكيدة  امريكية ولكن سلاحنا صاحي,0
البطل لا يُهزَم عندما يخسر، بل يُهزَم عندما ييأس ويُغادر لا تترك حلمك,0
في جنة الخلد يا بطل العبور، في جنة الخلد يا شاذلي في قلوبنا ستبقى    25,0
اسمعو هالاغنيه روعه  غلطت م الأول رنا سماحه  9     اللي أهم من شكلك,0
موسكو: اللقاء الثلاثي حول  سوريا سيضم وزراء الدفاع إضافةً إلى وزراء خارجية  تركيا و  روسيا و  إيران  لافروف  شويغو  ظريف  جاويش أوغلو,0
السعوديه تقنت لحلب «فورين بوليسي»: روسيا تتدخَّل في انتخابات أكبر دول الغرب.. ألمانيا في الطريق بعد أمريكا,0
الضبطية القضائية فى الجامعة مشينة لسمعة جامعات مصر ومهينة لطلابها ونقيصة فى وجه المجتمع الجامعة علم وحرية وحركة أجيال,0
مندوبة  واشنطن: خلال يومين تم قصف مستشفيين، والان كل المستشفيات لا تعمل في  حلب بسبب هجمات النظام السوري و  روسيا  عاجل  أخبار  سوريا,0
لفيروز من قلبي سلام  جارة القمر  سفيرتنا الى النجوم  فيروز 81ىسنهفيروز اخر عهدي بيها انها كانت بتايد بشار من 2011-2012 تقريبا,0
انا عندي حنين ما بعرف لمين ..ليلي بيخطفني من بين السهرانين💔 فيروز,0
حسبي الله ونعم الوكيل 😥😥😢 بنغازي 💔,0
أن  حلب كانت القاعدة التي انطلقمنها عمادالدين سنة 539هـ وسحق دولةالرها الصليبيةووضع بداية النهايةللوجود الصليبي في بلاد الشام ستبقى حلب,0
نصائح مهمة ورائعة لقروبات الواتس اب انشروها  رتويت  واتساب  السعودية  الكويت  قطر  درر,0
رضا عبدالسلام: كلام دعبدالمنعم أبوالفتوح الاقرب إلى الناس وهو علامة من علامات مصر هو شخصية مصرية مضحية حتى النخاع,0
كلما اقترب موعد بدء الحملات الانتخابية، كلما تغيرت لغة الحوار والخطاب بين الأحزاب والسياسيين وأصبحت أكثر عنفا لفظيا,0
سيطرة البلطجية المسلحين على الشوارع ليلا قتلوا ملتحيا أمس فى جسر السويس كارثة أمنية غير مسبوقة,0
سعيد جداً بزيارة الجزائر بلد جميلة فعلاً!,0
قال الاستاذ علاء عبدالفتاح على الجزيرة بصراحة نحن نعرف ان خالد على لن يكسب الم يكن الافضل ان ندعم مرشحا ثوريا واحدا بدلا من تفتيت الأصوات,0
خلق جميل ثقافة الحوار وتقبل الرأي الاخر,0
ثم يصل الاستعلاء إلى مداه بإنهاء الحوار و الكلام معكم ما فيش منه فايدة  هكذا ينظر أحد أطراف حرس الاخوان الحديدي للديمقراطية وللحوار,0
لا إله إلاَّ اللَّه وَحْدَهُ لا شرِيكَ لَهُ، لهُ المُلكُ ، وَلهُ الحَمْدُ ، وَهُوَ عَلى كُلِّ شَيءٍ قَدِيرٌ  غرد بذكر الله  كنز المسلم,0
عاجل | اندلاع مواجهات بين شبان وقوات الاحتلال في بلدة  عنبتا شرق  طولكرم قبل قليل فلسطين,0
دور رائع ومفاجئ لنساء مصر فى المظاهرات شبابنا ونساءنا يستحقون الصدارة ان شاء الله بعد سقوط الانقلاب,0
نبض رابعة |  شاهد معتقلين المنيا في قاعة المحكمة يهتفون ساخرين من القاضي و من فضيحة زوجتة مع مدرب الكراتيه (,0
اللهم إنك رزقتنا الإسلام من غير أن نسألك فلا تحرمنا الجـنة ونحن نسألك .. آمين,0
سنفعل كلّ ما نستطيع لإسقاط هذا الدّستور الباطل,0
ومجتمع نريد استقراره وبناءه ديمقراطيا يعاني ومجلس عسكري تآكلت شرعيته ويصر على أخطائه التي باتت تهدد تماسك الدولة وتعيدنا للوراء,0
ك  ماذا لو المدارس مختلطهلن يكون هناك اختلاط فدولتنا حفظت لناالكثير باتباع شريعة المصطفى صلى الله عليه وسلم .دعوكم من المزمرين والمطبلين.,0
يوم للنسيان في  بنغازي,0
لابد من الإسراع بنقل الوعي الانتخابي للمواطنين، الكثير من الناس لا يعلمون القواعد للانتخابات وكيفية اختيار القائمة الحزبية والفردي,0
هو ممكن ت  نزل صلاح :(  ليلة الابطال,0
| بحرية الاحتلال تهاجم مراكب الصيادين قبالة بحر  غزة ولا زالت  حماس تلاحق المجاهدين وتعقل السلفيين.. حماس تعتقل السلفيين,0
في جولتي اليوم بمدينة بدر أسعدني بشدة لقاء المواطنين من عمال المصانع الذين يمثلون قاعدة عمالية حقيقية تسهم بشكل فعال في تنمية الدائرة,0
الولايات المتحدة🇺🇸 عاجل |  الكونغرس الأمريكي يمدد العقوبات على  إيران لـ 10 سنوات أخرى,0
هل تعرف معنى اسم الله الصمد ؟  الصمد  الذى يُقصد إليه فى قضاء الحوائج  الصمد  لا يحتاج إلى أحد و يحتاجه كلُ أحد,0
هل تعلمون أكثر شئ تلمسته أن  عاصفة الحزم و  السعودية جعلت الروافض في  العراق يلطمون على الحوثي و عفاش و قبلهم  أمريكا و  أيران و رمم المتحدة,0
2 فقط جلسة ودية، موقفي من رفض الحوار مع الرئيس وجماعته وحزبه كما هو وملتزم بموقف الشارع الرافض للحوار بدون ضمانات وهو موقف جبهة الإنقاذ,0
عامل كهربائي يستغل وقت فراغه في عشر ذي الحجة في قراءة القرآن كتب الله أجره وغفر ذنبه  عشر ذي الحجة,0
97: ههههه عادي مالها ال14 سنه :)  أجدع ناس و فخور جداً بيكم,0
إخلاء سبيل  سما المصرى وتغريمها 20 ألف جنيه فى قضية بث قناة   فلول,0
لو صح خبر مبادرة قيادات الجيش بالاعتذار لمرسي واعادة هيكلة الجيش ومحاكمة الانقلابيين والقتلة سيكون ذلك أفضل حل للازمة وانقاذ لمصر من الخراب,0
كارلو انشلوتي : لم أكن قلق حول رحيل ليفاندوفيسكي إلى ريال مدريد أو أي نادي آخر كنت أعلم رغبة اللاعب والنادي.,0
كل من ينزل مظاهرة بسلاح أيا كان انتماءه السياسي هو مشروع قاتل يجب محاكمته,0
السيسي مش رئيسي ، اقرأ بهدوء و تعقل قبل ان تأخذك عواطفك لسب الكاتب او مدحه  مصر  فلسطين  الإمارات  السعودية  لبنان,0
البرنامج - الحلقة 12 كامله:,0
أشكرك,0
الخطأ القومي عندنا هو التبجيل,0
الجيش السوري يتقدم في أحياء كرم القاطرجي والحلوانية وطريق الباب شرق  حلب.مشاعل النور بحلب.,0
الأسواني : اذا قارنّا نسبة التحرش الجنسي في السعودية بالدول الأوربية كألمانيا وبريطانيا نفاجأ أن >المقال كاملاً>>,0
ودي البس عباءة الإخفاء حقة هاري بوتر واروح اعيش يوم مع اللي احبهم اشوف كيف يقضون يومهم واشوف ما وراء الكميرا .😩,0
مشاعري، حبي، حياتي، شوقي، ولهفتي، متصدقين مني لاني مصدقاك😭💙🎶. اليسا,0
د علاء الأسواني: هل نذكر معاً المطالب التي خرج من أجلها الملايين ؟! أقرأ المقال كاملاً على هذا الرابظ:,0
دوي اطلاق نار فى محيط قصور الضيافة  ريكسوس   بالعاصمة  طرابلس. ليبيا  المرصد,0
قال رسول الله ﷺ(إذا سمعتم الطاعون بأرض، فلا تدخلوها، وإذا وقع بأرض، وأنتم فيها، فلا تخرجوا منها) رياض الصالحين  ريال مدريد,0
المندوبة الأمريكية لدى الأمم المتحدة  سامنثا باور  :  النظام السوري لم يكن ليدخل شرق  حلب لولا استعانته بالقوة الروسية   روسيا  سوريا,0
88 أعترض على الطريقة والمضمون والتوقيت لا يجوز إصدار مبادئ دستورية ملزمة بدون استفتاء الشعب أصلاً,0
الناتو سيجتمعون من اجل مراقبة تحركات  تركيا مؤخرا وتقاربها مع  روسيا في حال تتطور سيتم اقصائها مرحليا,0
معااااااااااااااااااك يا ريسنا معاااااااااااااااااااااااك  تحيا مصر  السيسي حبيب الملايين  سأنتخب السيسي,0
المملكةالعربيةالسعودية  جدة  جده  الرياض  الدمام  الخبر  ينبع  الشرقية  مكة  المدينة المنورة  راقت لي [2138449],0
باسم يوسف لذيذ,0
يا شعب مصر العظيم أيها القائد والمعلم ؛ كم أنا فخور بشرف الانتماء لك,0
نفسك فى أية فى الجنة  ؟ أرتاح بدون نوم آكل بدون هم أضحك بدون نهايه أبي أحط أول رجل فيها أقول هذا الحلم المنت,0
اللهم يارحمـــن أنزل  لطفك ورحمتك على أهل السنه في  سوريا و  اليمن  العراق  بورما,0
إستبشروا خير,0
اهلا بيك فى وطنك تشرف اى حد يابطل  أحمد شفيق,0
علاقة النائب بالناخبين لابد وأن تراجع سنويا في جمعية عمومية مثلما تفعل الشركات مع المساهمين العقد بيننا هو البرنامج والعقد شريعة المتعاقدين,0
تحياتي يا بلد,0
في حفل جمعية رسالة   رد الجميل   لتكريم سيدات مُسنات من جميع محافظات  مصر بمناسبة  عيد الأم على مسرح سيد درويش - أكاديمية…,0
: النِعمة تحتاج للشكر،، وَالبَلاء يحتاج للصبر،، وَالذنَب يَحتاجُ للإستغفار،، (فمْن شكرَ و صَبر وَ اسْتغفَر نَال  السعادة) 50,0
بصير حد يحكيلي شو هي  جبهة النصرة ؟🤔,0
يقال أن إمبراطور  الصين كان يختبر موظفيه مرة واحدة كل ثلاث سنوات، لجس نبض مستواهم الفكري و النتيجة واحدة من اثنين إما الترقية أو الفصل !!!,0
أخص بالشكر د محمد البلتاجى الذى المت به أزمة صحية لجهوده فى تجميع الصف الوطنى لتأسيسية الدستور وأسألكم الدعاء لرجل وطنى بحق,0
الخارجية الإيرانية :  الولايات المتحدة مسؤولة عن تنفيذ إلتزاماتها الدولية الاتفاق النووي  ايران  واشنطن  يونيوز,0
باﻷحضان يا غالية  الجونة,0
ما يتحدث عنه المجلس العسكري من تفعيل لحالة الطوارئ مرفوض شكلا وموضوعا,0
نطلب المجتمع الدولي اخراج الشيعة من المدن السنية في العراق وسوريا وتسليمهاالى اهلها السنة وعدم تغيير جغرافية المدن السنية وعلى الشيعةالخروج,0
الكتائب في ذكرى جبران تويني: نجدد قسمه في خدمة لبنان ورفض المساس بسيادته، وهو القسم الذي رفع لواءهُ شهيد ثورة الأرز ورفاقه,0
حقك تتعملى كإنسانة  مش ساكتة,0
للمعلم كتاب موجز وممتع عن التعليم الالكتروني  معرض الكتاب  معرض الرياض للكتاب 2020 …,0
ليبيا |  عاجل: إشتباكات مسلحة بالقرب من فندق  ريكسوس بالعاصمة  طرابلس.,0
ومازال الأستاذ جمال عيد حتي الأن ولأكثر من 14 ساعة مابين قسم عابدين ونيابة عابدين دون اي سبب واضح إلا التكدير والإرهاب فقط,0
الناس في حلب الشرقيه تتهجر والان سكان حلب الغربيه يحتفلو في الشوارع  حلب  حلب تباد الغضب لحلب,0
في الواقع  إسرائيل و  الولايات المتحدة وحدهما من يسيطران على المنطقة بكاملها.,0
انت حر وماحدش زايد عليك لكن احنا بتكلم في حلول برة تويتر مش حل انك تهاجم اللي بيحاول حتى لو ثبت خطأه,0
عم بحكي عن الاستقلال اللي تعمد بالدم وحما لبنان من الخطر الإرهابي وعن تحرير الجنوبعن حزب الله عم بحكي   عن اي استقلال عم تحكي,0
تنويه هام رصد طامحعصابات أمن  حماس المرتدة تنصب كمين بالقرب من محطة البنزين منطقة ظهرة النويري شارع البحر مخيم النصيرات اﻵن خذوا حذركم,0
:  تركيا كبير القضاة يتهم  أردوغان بـ  فساد الضمير  ويتعهد صون كرامة الأتراك وحرياتهم,0
مدري ليه امازون هم الوحيدين اللي عجزت احفظ الباسوورد حقي عندهم🙄حرفيًا كل دخول اطلب استعادة 😂,0
جمعة مباركة :),0
بتعرفني انا يا حبيبي قلبي معلق فيك و صدقني انا انا بنسى حالي و ما بنسيك و ايام الهنا يا حبيبي عشت بقربك انت ما انت  نوال الزغبي,0
كن شريفاً امينا ً لا لأن الناس يستحقون الشرف والأمانة بل لأنك انت لا تستحق الضعة والخيانة  عباس العقاد,0
سلاماعلى شهداء الانتصارالعربى ، وتحية الى قواتنا المسلحة التى عبرت بمصر من الهزيمة الى النصر (إن ينصركم الله فلا غالب لكم),0
1 فكرة المقالة حلوة وأسلوبك في توصيل الفكرة حلو كان ناقصها بس شوية أمثلة لتأكيد المعنىبس الله ينور عليك,0
لا ولن أوظف أبدا عمل الخير للانتخابات أو السياسة دعوت للتبرع للخير قبل رمضان واستخدمت تويتر وفيسبوك كوسيلة للتواصل وليس لمغازلة مصر الجديدة,0
اجرأ سيدة فى مصر تعليقا على مجزرة رابعة العدوية,0
أشكركم جميعاً على وقتكم الثمين والساعة لا تكفي معكم,0
الارهاب لادين له ولا ارض  الارهاب سوس ينخر فى عظام الوطن وجب علينا جميعا محاربته,0
كاسترو يجمعنا,0
الاتحاد الاوروبي يمدد رسميا العقوبات الاقتصادية على  روسيا لمدة ستة أشهر جديدة لتاريخ ٣١ تموز يوليو ٢٠١٧  موسكو  بروكسل  عاجل,0
لا للمحاكمات العسكرية,0
سواق ميكروباص مؤدب,0
مخاوف المسلمين من الاخوان لا تقل عن مخاوف الأقباط ولولا تواطؤ الاخوان مع العسكري لما وصلنا الى هذه الورطة الطائفية قضت عليها الثورة نهائيا,0
"الإسلام شيء غير هذا المعنى الذي أراد خصومه أن يحصروه فيه, الإسلام عقيدة وعبادة ووطن وجنسية وسماحة وقوة وخلق ومادة وثقافة",0
ياربّ كلما رفعت أمي يدها لك أبسِط لها كنوزك و أسعدها و أطل عمرها ❤️..,0
أنا ضد الرقابة الإدارية على الإبداع الفني و الثقافي,0
بطل نميمة و غيبة  انكما قد اغتبتما و من اغتاب مسلما فقد اكل لحمه   حاول:'),0
القنوات القاقلة لمباراة ريال مدريد وكلوب امريكا بث مباشر فى نصف نهائى كأس,0
عندما يغيب العقلأ وأهل الحكمه ويظهرصغار القوم ليقودو الناس فا المصير سيكون الدمار والدماءوالله أن القلب ليقطر دم على حالنا اليمن تعز نهم,0
تواجدي خارج المملكة منعني مشاركتهم في تجهيز التيفو واعرف حجم التعب واﻻرهاق اللي يعانوه حالياً ويارب ﻻتضيع لهم تعب  الالتراس,0
على سبيل  السعاده انا صديق مجدى,0
حلوان وروكسي وعين شمس بورسعيد وبنى سويف والمنيا والفيوم والسويس شكرا حشودكم شعب مصر عظيم,0
لبنان/ وزير خارجية  كندا ونواب كنديون من أصل لبناني في  بيت الوسط  عاجل بابليك برس,0
الله يبركلك يا دكتور ابو الفتوح,0
النوم لا يجافيني . جميع افكار وتخيلات  هاري بوتر   تقبع الآن في دماغي !!,0
شعور جميل لما تكون فاضي وتفتح برنامج  اوبر وتقعد تخدم الناس بغض النظر عن المادة اللي تحصلها ويركبون معك ناس فلاوويه 😂,0
عبد المنعم ابو الفتوح اعداء المصريون فى الخارج والداخل يدبرون مؤامرات لاجهاض ثورة يناير,0
مادري منو قايل حق البنات انه كشه ميريام فارس حلوه ولازم تسونها كل يوم وتلوعون جبدنا فيها يا اختي سويه كبه اذا ماتبين تسوينه يعني,0
تكثير وهدم  محطة قطارات اسوان دون الانتهاء قبل الموسم السياحي هي مؤامرة واضحة للعيان لضرب الموسم السياحي الشتوي  اسوان  عمرو اديب  مصر,0
الرمز الانتخابى لل  السيسي  السيسي رئيسي 2014,0
من بارز الله بالمعاصي خاب وخسر دنيا وآخرة، وكفاه هذا الهاشتاج وفضائح معاونيه  انتخبوا العرص,0
:))  باسم يوسف  البرنامج,0
88%  من قضايا الابتزاز في السعودية سببها مقاطع وصور البنات  الجوف  دومة  القريات  سكاكا  سكاكا ال…,0
كرستيانو رونالدو يفصله 75 هدف ليصبح الهداف التاريخي الاول في ريال مدريد  اسطورة,0
بالصور كارثة عقارية جديدة بالاسكندرية عقار جديد يميل بدرجة 10 سم و يهدد العقارات المجاروة,0
الأسواني:لماذا تصر الولايات المتحدة على استمرارها في دعم مرسي للنهاية رغم قتله للمصريين وقمعه للتظاهرات,0
بعد قليل  الجبير يلتقي  ابوالغيط في الجامعة العربية ب  القاهرة  مصر  سوريا  السعودية,0
ربما اسىء فهم اشارة فى النص متعلقة بالحوار مع البرلمانات و انا لم اطلب التدخل مع هذه البرلمانات و لكن بالحوار بين المنظمات,0
حسب غنية نانسي الجديدة عم حسها بدها تسرق لون  اليسا بالأغاني,0
عن  الفرح  اللمة  الخروج  ضحك السنين  الغني  التصوير  اللف بالعربيه  الشارع  للصبح  الخبرة  عمر المسخرة  الانبساط يوم فشيخ,0
قل لا للدستور تنقذ مصر من العنصرية والدسكتاتورية والتقسيم,0
ريال مدريد يلعب كأس العالم والبرشا مع الاهلي السعودي هنا نجد الفرق بين أفضل فريق بالعالم والأندية الاخرى,0
الاسلام يحتاج للميديا بشتى انواعهامن افلام واخبار وكتبلتوضح الصورة المشوهة من قبل الاعلام الغربي  منظمه التعاون الاسلامي,0
احمد الشيخ🙈  احتفظ يااهلي بالصداره,0
المشكلة هي في أنصار الجدل العقيم، المشكلة هي في أحزاب وتيارات تريد دستورا رجعيا بنتقص من الحقوق والحريات باسم خطر متوهم هو مخالفة الشريعة,0
تصدى نور الدين للقوات النصرانية المتحالفة ضده والتقى بهم في رمضان سنة 559هـ غربي حلب عند حارم وهزمهم جميعا ستبقى حلب,0
لا تجبر الإنسان ولا تخيره يكفيه ما فيه من عقل بيحيره اللي النهارده بيطلبه ويشتهيه هو اللي بكره ح يشتهي يغيره عجبي !!  صلاح جاهين,0
قال النبي صلى الله عليه وسلم الإسلام أن تعبد الله ولا تشرك به شيئا وتقيم الصلاة وتؤدي الزكاة المفروضة وتصوم رمضان   - صحيح البخاري ﷺ  ﷺ,0
انا فعلا نفسي تحصل منظره بين  حمدين و  السيسي,0
يوم 7/7، يوم هام في مشروع (العلم قوة) وهدفه جذب وتسكين 100 ألف أمي داخل الفصول، في يوم واحد، عن طريق 10 ألاف,0
اول مرة من عرفت معرض الكتاب زحمة ومن جهات المعرض كلها  معرض الكويت الدولي للكتاب,0
احببت فيك هذا الضني الناطق المعبر انها الانسانية كلها في قلب رجل  مصطفي محمود  ضي,0
لا اعرف الدكتور هشام قنديل و من عدم الإنصاف ان نحكم عليه قبل ان يبدأ لننتظر التشكيل الوزاري و نعطيه فرصة ليعمل ثم نقيم اداءه,0
3 شكرا للتعديل,0
أنت وَطن بنيتُ فِيه جَميع أمنِياتي ، وجَاء ذات ليلةٍ مُظلمة أحتل ذلك الوطن ومِن بعدها أصبحتُ غريب يتسكعُ بين الأحرُف باحثًا عن مَلجأ  سري,0
بوابة  اليمن الاخبارية | تعز اشتباكات هي الاعنف بالاسلحه المتوسطه والمدفعيه في مديرية الصلو .اللهم احفظ الابرياء والمواطنين.,0
إستفتاء:هل تشبه شقيقة ميريام فارس النجمة إليسا؟,0
د عبد المنعم أبو الفتوح : يشرفنى ويسعدني في أول عيد بعد الثورة أن ابعث بتحياتى وتهنئتى لأسر الشهداء فهؤلاء,0
محاربة الظلم بالظلمستنتهي بظلم الطرفين  اخوان  عسكر,0
رصد| العاملون بإسعاف  دمنهور يهدّدون بالإضراب الشامل هدّد عدد من العاملين بإسعاف دمنهور، اليوم,0
مشهور يستاهل الشهره  بيونسيه ✋,0
هااااااااااااام. لافروف.. في حال رفض الارهابيون الخروج طوعا من  حلب سيتم تدميرهم.,0
سلام اناابنة استاذايمن شويقي أوصاني أبي بان أوصلكم رسالته وهو بخير وصحته جيدة ومعنوياته مرتفعة ويشكر كل من سأل عنه ويبشرك…,0
ستبقى حلب ستنتصر حلب(فدعا ربه أني مغلوب فأنتصر)والله لتنصرن ولو بعد  حين,0
و انت طيب يا شاعر يا رائع,0
نادى الاسير في  جنين يدعوا الى مساندة الاسرى الإداريين المضربين عن الطعام رفضا لسياسة الاعتقال الادارى الغير مبني …,0
الإصلاح يدعو المجتمع الدولي لإسناد الحكومة الشرعية في كشف ومحاصرة بؤر الارهاب  يمن شباب الفضائية |  اليمن,0
ما اجمل ليل القاهرة الساحرة مع موسيقى رائعة و كتاب شيق  مصر  لبنان  الإمارات,0
في ناس واقفة بشوم عند الشوارع المؤدية للتحرير بتوقف الناس بشكل عشوائي وقفوا العربية ال قدامي واتجمهروا عليها بدون داع …,0
حرية التعبير لا تتضمن التحريض على العنف و الفتنة الطائفية بل هو خطاب كراهية,0
عمري في حياتي كلها ما اعتبرت اي شيء كتبته؛ كتابات ادبية.بوب ديلان,0
آه الناس حواليك بتحب مرسي وماله؟ بس مرسي ماهواش أغلى عند الناس دي من رزق عيالها ومن مستقبلها ولو حست إنه فاشل مش عارف يحل هتقلب عليه وعليك,0
مرسي محبوس وخاين ومش هيرجع والتصالح مرفوض  السادة المحترمون …,0
"يا مرعبهم يا مدمرهم :)  محمد صلاح ,  العب يا صلاح",0
ثلاث سنوات و روحه معنا معياراً للمبادئ اللهم ارحم محمود عوض و أدخله فسيح جناتك,0
لعل من حكمة الله اعتقال قيادات  الإخوان الان قبل ان تتسع ثورة  مصر ويتصاعد غضبها ليطهر البلد من كل خائنساعتها لن يقال ال…,0
ربنا يديك الصحه يااسطوره  عادل امام,0
اذا كانت رسالة البرنامج الوحيدة هي كشف التجارة بالدين و كشف قنوات الفتنة فده يكفينا، تاني، يتحرق البرنامج المهم البلد,0
اتمنى ان تكون القوى الإسلامية والليبرالية واليسارية راغبة بالفعل في تشكيل قائمة وطنية موحدة لخوض الانتخابات البرلمانية القادمة,0
الذين اتهموا الثورة بانها مكنت الاخوان من مصر هؤلاء ننتظر منهم الان اعتذارا الثورة حررت إرادة الشعب فاختبر الاخوان وتخلص منهم الى الأبد,0
تنور !,0
النهاردة ومرسي في القفص عرفت ان محافظ سوهاج لسه مسماش اكبر ميدان هناك باسم الشهيد الحسيني ابو ضيف لعل المانع خير يا ب…,0
خطاب الرئيس يعني أنه صار مجال يسمح لدبلوماسيتنا ودبلوماسيينا بلعب سياسة واستخدام أوراق الضغط المختلفة,0
ان ﻛﻧت ﻣﺎﭠﺑﻳﻧي لآﭠﺟﺎﻣﻟﻧي خلک قدهٱ ﻗۈل ﻣﺎﺑيک وﺎنا ﺎوعدک  ﺎرﺣل,0
إيران: أول اختبار لـ  روحاني بعد رفع سعر  البنزين,0
رامي عياش - الحق معادك 😻🔥,0
محمد علي خير  :قرار الرئيس  عدلي منصور بتحصين قرارات الحكومة من الطعن عليها أمام القضاء غير موفق  مساء الخير,0
أحمد موسى معروف بقربه من  أمن الدولة | أخبار الموجز …,0
اللهم انصر المسلمين المستضعفين و قوّي شوكتهم إلى يوم الدين ..  فلسطين  سوريا  العراق  اليمن  ليبيا  اراكان,0
اللهم يا مجيب الدعاء يا مغيث المستغيثين يا راحم الضعفاء أجب دعوتنا وعجل بقضاء حاجاتنا يا أرحم الراحمين,0
من بريطانيا الى النمسا وايطاليا ثم لاحقا فرنسا اوربا تتجه نحو اليمين المتطرف .. يجب علينا ان نرصد ذالك ونعمله حساب .,0
كنا     بـ   ديمستوراصرنا بـ   لافروفاللهم اكفيناهم بما شئت,0
مهما بلغت لحاجة وخلقنة غوتشي الا انها مازالت اشيائها انيقة ,0
اعرفوهم انقلاب مصر يسقط حكم العسكر  الداخلية بلطجية  شهداءالحرية   الشهيد محمد فتحي 20 عاماً  بني سويف,0
نشط الأن في  لبنان  روحاني  لافروف,0
مؤتمر ناجح لحزب الوسط بالسويس وكلمة عصام سلطان التي قاطعها الحضور بالتصفيق عدة مرات,0
محتاجة حد يخاف عليا مش أبقى خايفه معاه إليسا,0
الهجوم المتوقع على كرداسة متى يتوقفون عن قتل الاحرار؟ الانقلاب يمارس ويزرع الارهاب,0
كلما اختلف اثنان او ثلاثة في الشرق يكون على حساب لبنان   استقلاليات  جبران توينيبعد قراءتك للصفحات الأولى من كتاب تويني تدرك من هو قاتله.,0
أنصار مرسي يحرقون محكمة ومتحف  ملوي  بالمنيا وأعمال سلب ونهب واسعة بالمدينة,0
صباح الخير عليكي يا مصر يا حلوة و لابسة جديد إن شاء الله هيكون أحسن يوم في اللي فات و كل اللي جاي أحلى,0
ﻛﻞ عام و انتم بخير تعرفوا علي مظاهر فرحه عيد الفطر المبارك من خلال البوم صور ﻟﻴﻮﻡ العيد من جميع انحاء العالم,0
الحمد لله ان حقن دماء المصريين وأصلح بينهم وعقبال القوى السياسية 3,0
الحل السياسي يهدف للبدء في بناء الاقتصاد ولا يعني التصالح مع من تورطوا في عنف  السادة المحترمون …,0
اه يالقهوه مٓ شاء الله😢❤️ حزب الاعاده,0
وقد كان ذلك مثالاً صارخاً للتداخل الذي حصل بين  الامم المتحدة و  الولايات المتحدة، وتعبيراً عن ملامح مرحلة جديدة اخذ تتبلور عالمياً,0
ستبقى حلب دولة الباطل ساعه ودولة الحق الاقيام الساعه,0
البطل الشرقاوى أحمد الشحات يجدد ذكرى سليمان خاطر وسعد ادريس حلاوة وأيمن حسن تحية لأرواح شهدائنا ونضال المقاومين المستمر ضد العدو الصهيونى,0
من لا يعرف قدر المستشار مكي وقضاة الاستقلال الأجلاء عليه ان يعود الى معركتهم العظيمة في عام 2005 ضد نظام مبارك ليعرف دورهم التاريخي للوطن,0
حينما ينتصر الشعب ويشرق شمس الحرية بعد هذه الغيوم الانقلابيه يمكن ان يسترد ما سرق من  ثورة يناير,0
كفاية بعد عن ربنا دى النهاية قريبة,0
خاطره: هي امرأة تنعش فيك قابلية الانتظارلمزيد من العشق ومزيد من الود والحنان..هي امرأة تروي صحراء قلبك لتصبح روابي وواحات خضراء عرب  فلسطين,0
❤❤ عشق  اليسا,0
حاجة تستاهل الحمد كل حاجه ف حياتنا اكيد !!!,0
اللهم لك الحمد حتى ترضى ولك الحمد اذا رضيت ولك الحمد بعد الرضا,0
قصة كفاح حقيقية لشاب مصري من محافظة الفيوم، رغم إعاقته تحدي كل الظروف محمد الكيلاني محمود حميدة، أثناء طفولته,0
إحنا عندنا ثقافة اعتياد للقبح، ثقافة اعتياد للقذارة، آردوغان قدر انه يبدأ نهضته بالنظافة، شيراك لما كان عمدة…,0
بعد خطوبتهما ’  المغني الأميركي ريكي مارتن يعلن عن نيته الزواج من شريكه الفنان المولود في  سوريا جوان يوسف   مثليي الجنس,0
ده فيديو اوضح للناس وهى بتفتح المدرسة علشان تخرج الامن منها,0
اللهم لاتؤاخذ إخواننا في الشام والعراق بذنوبنا  ستبقى حلب,0
ليه بنخاف من الموت و هو الحاجه الحقيقيه في الدنيا !,0
سوريا: مراسل الميادين:  خروج عدد من الحافلات من الأحياء الشرقية لمدينة حلب,0
كريستيانو رونالدو يعتبر ثاني اكبر لاعب من ريال مدريد يفوز بالكرة الذهبية 31 سنة و 10 اشهر,0
أسأل تويتسو لما ادخل في جوالي على جوجل واكتب مثلا سيرة شخص ما وعلى ويكيبيديا الحرة يحمل  ولما اخرج اجده يحمل  واسكر جوال  يروح تحميل,0
رئيس يطبق الشريعة دون أن يكون مسلما ولايسير في مواكب مصفحة ولا يكذب على الناس بحركات إستعراضية ويفتح قصره للفقراء,0
تابعوا الدكتور عمرو حمزاوي على قناة الجزيرة مباشر في تمام الحادية عشر والنصف مساء,0
انا بكره الصبح مسافر ،مدايق وفرحان واحد يقولى الاتنين اقوله اه  افكار ع المخده,0
ياباشمهندس لو الرقم اللي هم بينشروه عشان يبعتولك عليه تهديدات ده رقمك بجد، من حقك تبلغ الأمن الوطني يتتبع أتصالا…,0
انشر للفائده عشبه الجنسينج من اكثر الاعشاب فائده في تقويه الذاكره وزياده الاستيعاب والحفظ والتركيز يفضل استخدامها للطلاب ك…,0
حينما تجد الفرصة لاحتضان أمك أو تقبيل يد أباك فلا تضيعها فقد يأتي عليك وقت تحتاج لاحتضانهما أو تقبيلهما ولا تجدهما,0
باقي بس ثلاث ايام عن اول عرض لفلم فانتاستيك بيتس ان وير تو فايند ذيم * قيل قصة هاري بوتر بـ 19 سنة 😭 اخخخيراً.,0
رحمة الله على المناضل العظيم مصطفى عبد الجليل أحد أعمدة الثورة الليبية,0
أرشح صاحب هذا الحساب كأفضل مغرد لإفادتي في مجال ( لعبة 14)  تدوين,0
تكبيررررررررررررررررر مسيرة احرار  المعادى الان,0
سبحانك يالله وفي ساعة المطر تستجيب لدعواتنا،،،  عادل,0
ستظل ذكرى استشهاد البطل عبد المنعم رياض تخليدا لملحمة مضيئة من أنصع صفحات التاريخ المصرى ورمزا لبطولات معركة الاستنزاف تحية له فى ذكراه,0
علي فكرة عبد الله السعيد صانع الاهداف الثلاثة الماتش الاخير,0
استياءه من الحرية الزائدة المعطاة للوزير جبران باسيل من قبل الرئيس ميشال عون للتدخل في ملف تشكيل الحكومة,0
القصف الخاطئ الذي شاركت به طائرات من  الدنمارك و بريطانيا و استراليا استهدف  الجيش السوري في  دير الزور وفق التحقيق الاميركي,0
طقس العرب صايرة توقعاتهم دايما غلط 😒😒,0
حاجات بتفرح في مصر لمة رمضان,0
افضل مباراة تنس شاهدتهابدون ترتيبفيدرر مونفيس امريكا2014فافرينكا نوفاك رولان2015فيدرر نوفاك امريكا2015نادال مونفيس مونتي كارلو2016,0
تنفيذ اتفاق حلب المتعلق بخروج المسلحين وعائلاتهم من الاحياء الشرقية بالتزامن مع خروج مدنيين من كفريا والفوعة,0
12 مليون مصرى لم يدفعوا فاتورة الكهرباء الانقلاب ساقط اصبروا وثابروا واحشدوا واهتفوا سلميتنا سلاحنا,0
ألقاكم بعد ربع ساعة من الأن في برنامج (الحياة اليوم) على قناة الحياة، للحديث عن قضية الإساءة لرسولنا الكريم، صلى الله عليه وسلم,0
الجيش السوري ينفذ كميناً لمسلحين حاولوا عبور منطقة   جباب الشعاير  في الريف الشمالي لـ  درعا باتجاه  اللجاة ما أسفر عن مقتل وجرح عدد منهم.,0
لماذا جبنة  كيري مربعة و ليست مثلثة,0
اسماء شهداء الثورة  المجد للشهداء  ريتويت كتير جدا بقى,0
وبحبك يا  زمالك,0
مرة أخري ولكي لا نحبط، انتخاب رئيس بالإعلان الدستوري المبتسر يحمل معه بذرة الخلاف بين السلطات دستور ديمقراطي جديد هو مفتاح مصر المستقبل,0
تطهير الداخلية الآن وفورا,0
جيل الوسط هو الذي شغلته أسئلة ومشكلات عصره باحثين عن الحقيقة,0
اختيارلجنة المائة يجب أن يتم وفق معايير واضحة تراعي تمثيل كافة قطاعات المجتمع من رجال نساء عمال فلاحين مسلمين مسيحين وأهلنا في سيناء والنوبة,0
الاعتداء على الفنان خالد يوسف من قبل بلطجية ابو اسماعيل يدل على ان مرسي وجماعته قد انتقلوا بمصر من الدولة الى العصابة ستسقطون كما سقط مبارك,0
..كوريا وديبالا. أغويرو دعه يعتزل ياخي واذا رفض ميسي ومانع تخلص من ميسي . لكن الاتحاد يمنعه لان ميسي يتحكم بهم كلنا نعرف ذلك.يتبع,0
3 الدم المصري كله حرام، أدين الاعتداءات على مقار الإخوان والحرية والعدالة وكافة أشكال العنف، جميع الضحايا مصريون لا فرق بين إخواني وآخر,0
ابن مصر مفيش كلام  جدو  الاهلى  مبرووك,0
عادل امامالزعيم وكوميديان مصر الاول,0
وش صار على بوكيمون قو؟,0
في حاجة صح ان الجيش المصرى قوى ومتماسك,0
بي وجود جنرتل ميشال عون الله يحميك  جهزوا سواعدكم,0
شاهد - آخر كلام: قراءة في رؤية ناعوم تشومسكي لسياسة الولايات المتحدة تجاه مصر,0
القدس   في   خطر,0
معلومات وخبريات كتيرة تكشف عن  جبران تويني المرة الاولى بتقرير خاص في  هوا الحرية  مين قتل جبران؟,0
ابتسم فإن هناك من يحبك يعتني بك يحميك ينصرك يسمعك يراك هو الرحمن الرحيم,0
المرصد المعارض:  الجيش السوري يتقدم في القسم الجنوبي من أحياء  حلب الشرقية ويسيطر على منطقة المعصرانية وعلى الأطراف الشرقية من حي باب النيرب,0
إصرار الشعب التونسي على الوصول إلى الكيلومتر الأخير ثورة أخرى في حد ذاته وأهم درس من بين دروس كثيرة,0
تنمية محور قناة السويس يعد مشروعا قوميا  السادة المحترمون,0
أنا بعد ما عشت المعاناة السنادي لا يمكن أخلي ولادي يكرروها مالها صناعه !  ثانوية عامة,0
محمد الذهلي:ثقافه تنفع القريه ورزانه يعني بإختصار لو يحطونه واجهه القريه والله انه يشرف ماشاء الله ولا قصور بعيالنا🌚  حزب الاعاده,0
تحذيرات قوات الأمن لسكان رابعة والمتظاهرين قبل فض الاعتصام  السادة المحترمون,0
لافروف: الهدنة التي اقترحها مجلس الأمن أمس هي  استراحة للمسلحين,0
البعض يواجه مشكلة في تغيير نسبة الإضاءة في نظام ويندوز 10المشكلة موجودة بكثرة قبل تحديث ميكروسوفت السنوي اللي صدر قبل فترة ليست بالطويلة.,0
أنا  أردني وأفتخر ببلادي 😌,0
انتهاكات الانقلاب القمعية فى جامعة الاسكندرية وصلت مداها باصابات واعتقالات انقذنا يا عزيز يا جبار من طغمة الاستعمار,0
انا بحب أخويا,0
🔹الثقافة القرآنية🌹✨🔘 استهداف الرسول الأكرم استهداف للأمة الإسلامية في اهم ركائز قوتها.💚ذكرئ.المولد.النبوي.الشريف,0
ترامب حاول يبرر فضيحته ب ان بيل كلنتون فضيحته اكبر منه ؛هيلاري تعجبني شخصية و قوة ثبات رهيبه 🌸,0
الجيش السوري يستعيد مدينة  التل بريف دمشق بعد خروج المسلحين وتسليم اسلحتهم,0
نقسم بالله العظيم على أن لا نعترف لحظة واحدة بالإنقلاب العسكري وأن لا نتوقف عن مقاومته و أن لا يهنئ أو يستقر حكم مصر للإنقلاب…,0
اللغة تراث,0
14. ايش بتقول  نوال الزغبي ؟,0
إن كان من عادوا للتأسيسية يرون في هذا عملا وطنيا فهذا لهم ولا يحق لا لي ولا لغيري رغم اختلاف الموقف والتقدير المزايدة على وطنيتهم,0
تشوركين ينتقد بشدة  فرنسا و  بريطانيا و  الولايات المتحدة ومواقفها من الوضع في  سورية,0
لأننى احب مصر والثورة فانا افضل ان يصل خصومي السياسيون الى الحكم عن طريق انتخابات نزيهة عن ان يحكم انصاري السياسيون بدعم من الاستبداد,0
الأمين العام لحلف شمال الأطلسي: على الاتحاد الأوربي و حلف الناتو تعزيز التعاون والتكامل من أجل مواجهة التحديات  الراية,0
مصنع الرجال وعرين الأبطال صدعوا بكلمة الحق وجاهدوا بالنفس والمال  تعظيم سلام للاخوان المسلمين  حسن البنا …,0
صحفي ألماني يروي تفاصيل ليلة مرعبة من التعذيب والإهانة بين المعتقلين المصريين في الأقسام والسجون,0
رحم الله السيد منصور حسن ، غفر الله له وألهم أسرته الصبر والسلوان,0
كونوا على يقين أن هناك شيء ينتظركم بعد الصبر ليبهركم فينسيكم مرارة الألم و الحزن و التضحيات,0
كيف تختار البطيخة الحلوة و الجيدة😘  غرد بمعلومة  غرد بصورة,0
ﻭﺍﻗﻮلك ﺍﻳﻪ ﻃﺮﻳﻖ ﺍﻟﻜﺮﻩ ﺍﺧﺮﺗﻪ ﺍﻳـﻪ ﻭﻫﻲ ﻗﻠﻮﺑﻨﺎ ﻣﺎﺗﺖ ﻟﻴﻪ ﻟﻔﻴﻦ ﻫﻨﺮﻭﺡ ﻣﺎ ﺑﻴﻨﺎ ﺷـﻴﻄﺎﻥ ﺍﻣﻠﻨﺎ ﻳﺎﻭﻃﻦ ﺧﻠﺼﺎﻥ ﻣﺤﺪﺵ ﻓﻴﻨﺎ ﻣﺶ ﺧﺴﺮﺍﻥ ﻭﻻ ﻣﺠ…,0
دراسه عن التاريخ السرى لجماعه الاخوان المسلمين تحت عنوان الاغتيال منهج حياه من دراسه الكاتب  يوسف الحسينى اكتر من رائع…,0
عاجل *الدنمارك تقرر سحب مقاتلات إف-16 من التحالف الذي تقوده  الولايات المتحدة. مدري شرد اكول وما ايامكم الا عدد عايشين بزمن,0
الجمعيات والمؤسسات الأهلية  تملأ دول العرب من المحيط للخليج وتمولها  الولايات المتحدة ودول  الإتحاد الأوروبي، لماذا؟,0
الصلاة في  الأقصى تعادل ١٠٠٠ صلاة هذا ثواب الصلاة فقط لكن ثواب الوصول والجهاد ومقارعة اليهود لا يماثلها ثواب وأجر,0
أياكس يسعى لخطف الموهبة المغربية الأصل  مستور  من معقل ميلان  ميلان  اياكس,0
بلغ التدني بالبعض حد وضع صورتي واسمي على حسابات تويتر مزيفة وإستخدامها للتطاول على حبيبتي وزوجتي وللخوض في عرضي، وتداولها عبر مواقع غير جادة,0
مذبحة ميدان رابعه العدويه جريمه نكراء وسيحاسب الشعب المصري مرتكبيها  رابعه العدويه,0
متش ناااااااااااار..... فينك يا ميسى 󾍀 - يشاهد مباراة الارجنتين وباراجواي,0
خلق جميل الاحسان الى الجار,0
شعب مصر الالفية واع وشجاع ولا يخدعه الاعلام ليس هو شعب جمال عبد الناصر الذى خدعوه بهيكل واعلامه,0
يوسف الحسينى يتابع منذ ايام مايحدث للاقباط فى دلجا ويطالب المسؤولين بالتدخل واليوم سيطرت الشرطه والجيش …,0
مسؤول في الخارجية التركية: وزراء الخارجية التركي والروسي والإيراني سيجتمعون في موسكو يوم غدا لاستئناف المحادثات بشأن  حلب,0
اليوم السابع | سلاسل بشرية لأنصار  حمدين صباحى بـ  السويس لتأييده للرئاسة,0
لجنة فاروق أبوزيد مثال صارخ لنظام يقوم على وأد الحريات سنكسر حاجز الخوف,0
الواد احمد الشيخ شغال زى النحلة يا جدعان مبيقفش ما شاء الله  مش ممكن والله كدا,0
هدير طلاب الجامعة يشكل فيضانا لن توقفه سدود الانقلاب الشرعية ستعود ان شاء الله,0
الواحد كل لما يركب مترو ويجي ينزل منه بيبقي نفسه يكتب ع المترو وهو خارج البؤساء,0
فيسبوك هيستوري دي هتبقي حاجه مرعبه كمان 20،30 سنه .. لما تلاقي هيستوري ليك بالبعد الزمني ده هيبقي الوضع مأسوي والله,0
عاجل  الغوطة الشرقية: الجيش السوري استهدف قبل قليل مواقع للمجموعات الإرهابية في بلدة  الزريقة بعدة ضربات مدفعية.,0
إلي المجلس العسكري ووزارة الداخلية : أوقفوا القتل وسفك الدماء فورا الدم المصري خط أحمر,0
إن ذكر الرحمن يُذهب الأحزان  أحبك ربي,0
مراسلنا من  الاسكندرية :  صدقى صبحى :  القوات المسلحة ستظل دائما  الدرع الواقية لهذا  الشعب العظيم,0
أخشى أن الضرر و الدمار الناتج من طريقة و أسلوب إدارة البلاد منذ الثورة حتى الآن لن يمكن إصلاحه !,0
انا  مسلم وبفتخر,0
واضح من كلام الناس ان مدرب الارجنتين بوذا .. اسوأ من تاتا مارتينو المدرب ده اول ما لاعب ميسي وهو عارف انه مصاب قولت عليه ملوش فيها,0
يَوْمَ يَفِرُّ ٱلْمَرْءُ مِنْ أَخِيهِ * وَأُمِّهِ وَأَبِيهِ * وَصَٰحِبَتِهِ وَبَنِيهِ * لِكُلِّ ٱمْرِىءٍ مِّنْهُمْ,0
صدور قانون تشكيل الأحزاب دون أي حوار ونفس الحال بـالنسبة لقانون مباشرة الحياة السياسية يقلص مضمون أي حوار وطني ويفقده جانب كبير من مصداقيته,0
شكرا لكل من شارك في البرنامج انتم شركاء في هذه الفرحة احسن فريق اعداد و اخراج و انتاج و كتابة فخور بشغلي معاكم,0
الحمد لله تملأ الميزان,0
أثبتت تجارب علمية أن مضموناً كالذي يقدمه رامز جلال يفسد الأطفال و ينخفض بمستوى ذكائهم و لهذا تمنعه دول متحضرة,0
نعم ستظل  بنغازي قلب  ليبيا النابض شاء من شاء,0
المجلس العسكري يعيد إنتاج مصطلحات صفوت الشريف وأنس الفقي من جديد وكأن المطلوب تكميم الأفواه,0
مين اللي انا عنها حكيت ماتقولي يالله ياريت انا اموت انا ناقص اقولك انا 😰✨💕 لو اقولك  اليسا,0
سهران على جولة البيرميرليج وبكرة الظهر مونديال الأندية مع ريال مدريد 😊و أنت نام وراك دوام ياعزيزي 🌹,0
الا غصب يخلون ميسي هو صانع امجاد الارجنتين,0
مؤتمر  المفكرين  في أبو ظبي :العالم يعيش ثورة العلم والتكنولوچيا والتواصل الإنساني ونحن نعيش حقبة الجهل والكذب وغياب القيم حزين عليك يا مصر,0
احناا الصوت ساعة لما تحبو الدنيا سكوت  كاريوكى,0
بعد جلسة الجمعيه العامه للامم المتحده من اجل مساعدة ارهابيي جبهة النصره في حلب والاستماته في اخراجهم منها نستطيع القول العالم يتكلم ارهآب,0
ناجح إبراهيم:  ثورة يناير  فككت  الدولةوالفيوم وبني سويف معاقل للفكر التكفيري  أخبار  مصر,0
أمير قطر السابق يشارك في جنازة  كاسترو و يشكره على مواقفه التاريخية بموضوعي  فلسطين و ثورة  الجزائر..طيب نحنا على شو فينا نشكر سمّوه؟!,0
حرب مغردا: صديقي جبران تويني ١١ سنة على غيابك وما زلت ملتزما بالمبادئ التي استشهدت من اجلها، والوطن الذي حلمت به هو الوطن الذي نعمل من اجله,0
الابتذال ملا الشوال!  شبرا  القاهرة  مصر  افريقيا  كوكب الارض  مجرة درب التبانة | شبرا,0
لا تجعل الطريق يأخذك حيثما يتجه بل إذهب حيث لا يوجد طريق و اترك آثارك,0
اللهم فرج همهم اللهم اهلك عدوهماللهم نفس كربهم اللهم انصرهم اللهم امين🌷 ستبقي حلب شامخة✌️  الدعاء لك ياحلب,0
بدوره المجتمع الدولي و  الأمم المتحدة في جلسه الان قال مسؤول الامم المتحده للاغاثه ان المجتمع الدولي غير قادر على انهاء مأساه حلب,0
قلمين عقب أسبوع من محمد محمود المجد لأبطال محمد محمودهتفضل مصر شايلة جميلهم دائما وأبدا,0
عندى قمر بسهر معاه :) عندى معاد وحبيبى لغاه :( —  كاريوكى,0
صورة من كواليس إحدى حلقات برنامج (قصة الأندلس) المنتظر عرضه في رمضان القادم يمكنك مشاهدة برومو البرنامج على,0
زوجة إبراهيم حسن تكشف تفاصيل محاولة قتل نجلها على يد  سائق  شركة  اوبر خلال محاولته سرقة هاتفه الجوال  مصر  جريمة,0
كتير ب  لبنان عم يقولوا ان الحكومة الجديدة ل  المستقبل إدارتها ول  حزب الله قرارها!,0
وظني بك يارب ظناً جميلاً   جمعة مباركة,0
خلق جميل الشعور بالغير,0
بعد دقائق يتحدث حبيبنا دعبد المنعم أبو الفتوح على قناة الحياة عن رؤيته للاوضاع الاخيرة فى مصر ومسقبل البلد,0
القصيدة خذيهاأو خذينيودعي لهم الورقة. أحمد الشيخ علي,0
وصلت صالة 5 في هذه الساعة المتأخرة. أخذت  أوبر شاب مواطن، لطف ومهنية، سيارته نظيفة، وقدم قارورة ماء.الله يحفظه لأهله، ويبارك له في رزقه.,0
ربي بلغنا رمضان من غير أن نرى دمعة حبيب، ولا فراق غالي، ولا استمرار مرض لقريب، اللهم بلغنا رمضان لا فاقدين ولا مفقودين رمضان كريم,0
4 أناشد الجميع الابتعاد عن الاقتتال الأهلي والالتزام بالتعبير السلمي عن الرأي، لا تفرضوا لون الدماء على الميادين والشوارع المصرية، انتبهوا!,0
الله الله 😍  حزب الاعاده,0
ماهر فخامة الاسم تكفى,0
مبارك سحبه مرتين بالفعل راجع معلوماتك,0
حلب  القلعة والأصالة باتت عاصمة للصمود وواثقون بقدرة أهل الشهباء على الصمود والتصدي  ستكون حلب المسمار  الذي سيدق في نعش الكفرة  ستبقي حلب,0
اللي ما تاخذها بخشم البندقة والله مانك واخذها بالسياسة ..للمهرولين نحو الحوار مع ثوار الناتو من الخضر .,0
محلي إندلاع حريق هائل في منطقة اللطرون شمال مدينة  القدس وبالقرب من الطريق رقم1 الواصل بين القدس ومدينة  يافا المحتلة. شباب نيوز,0
هتحبك لو تحاول تقنعها باللى انت عايزه بهدوء مش زعيق وخلاص ;),0
أوقفوا الفحم :),0
هل تعلم  أن  حلب قادت مدن الشام ضدالدولة العبيدية الرافضية اليهودية والتي جردت الجيوش لإحتلال الشام خلال أكثر من نصف قرن ستبقى حلب,0
أتممت مهمتي كعضو لجنة تحكيم في مهرجان فينيسيا اليوم شاهدت 20 عرض وراضي بشكل عام عن نتيجة الأوريزونتي التي ستعلن في الختام كمان ساعتين,0
أغيب هذا الأسبوع لا لتحضير مفاجأة ولكن للتركيز في موضوع معقد التفاصيل :),0
ما لا يعرفه الكثيرون حتى السياسيون منهم أن الرئيس الروسي بوتن هو يهودي وليس نصرانياً.,0
صمت بعض الصحفيين والإعلاميين في صحف الأحزاب ووسائل الإعلام الخاصة عن خطورة تفعيل قانون الطوارئ وتقييد الحريات بل وترحيبها به,0
قوات  الاحتلال تعتقل شابا من مخيم شعفاط، وتصادر سلاحا من منزله، الليلة الماضية.,0
ستولتنبرغ|  الناتو يقدم دعماً سياسياً لأوكرانيا ويواصل العمل على وحدة أراضيها  مباشر  تركيا  أوكرانيا,0
الفرسان كورة | اخبار |  محمد صلاح يقود  تشيلسي لاسقاط  ليفربول,0
(وإنما الأمم الأخلاق ما بقيت فـإن هُمُوُ ذهبــت أخـلاقهم ذهــبوا)  خلق جميل  خلق جميل,0
الأمم المتحدة: ننتظر موافقة  موسكو و  دمشق على هدنة بـ  حلب بحلول 24 الجاري,0
مبارك عليكم الشهر!  رمضان كريم,0
يا رب لك الحمد أن جمعت شمل أسرتي,0
عاد جلاّد الأندية ؛ وحاكم الكرة الدائم 😍️  تصميمي  ريتويت  ريال مدريد  كريستيانو رونالدو,0
(ونادى أصحاب الأعراف رجالا يعرفونهم بسيماهم قالوا ما أغنى عنكم جمعكم وما كنتم تستكبرون) [الأعراف:48]  ريال مدريد,0
محبين البرنامج بيزيدوا :),0
لم يترك الانقلاب نقيصة الا وعملها,0
الحمد لله أن لي ربايغفر الذنبويقبل التوب حليمستيرغفوررحيمجبارعليمحكيم تعرف إلى الله بأسمائه وصفاته  أح…,0
احضن اللى بتحبه   بكلامك   ^ ^ ! - قوله كلمة حلوة  فجأة : ) !,0
سوريا فى القلب الله ينصركم يارب ويشفي صدوركم,0
لن أُصدق كتب التاريخ بعد اليوم وقد رأيت الحاضر يُزيف بلا حياء فكيف بتاريخ كتبه مُنتصر ؟  مجزرة رابعة,0
أن تكون علمانيا لا يعني أن تشتم  حسن البنا وأن تحكم على كتب  سيد قطب بانها ثرثرة وأن عبارة  إني اتطبّب بالجوع  للشيخ  ا…,0
المادة التاسعة وأسباب أخرى لرفض مسودة مبادئ الدستور (1) - عمرو حمزاوي - بوابة الشروق,0
كريستيانو رونالدو صاروخ ماديرا او قاذفة اللهب او الدون او التورنادو او السيداو الامراطور و المهم انه افضل لاعب عالمي,0
موقف نفسي اعيشه مع مراتي انى اكون الأمام و نصلى مع بعض!,0
من الأمور الهامة لتنمية  الحب بين الزوجين التفاعل مع أزمات شريك  الحياة فلذلك أثر كبير في بناء المودة بين الزوجين وجعلهما أكثر قربًا ومحبة,0
٥ أعوام قضت من بداية الحرب في  سوريا ولو كان فيه ضمير الأمم احساس لكان أضعف الايمان هو تجهيز جيش من النازحين  السوريين ودعمهم حلب تباد بصمت,0
اليمن  قوات التحالف عسيري انتهاء الهدنة وعدم التمديديا حسافة مشوار  كيري اللي راح خسارة كيري تحركات لانقاذ قطاع الطريقلكن لن يتم ذلك,0
الاعتقالات وباء وانتشر فى مصر والحبس الاحتياطى فيروس يلاحق المعتقلين,0
حلب إنطلق منها نور الدين فضم دمشق للجبهة الإسلامية سنة 549هـ وحقق بذلك توازن قوى مع الصليبيين ليبدأ بمجاهدتهم بكل قوة وإقتدار ستبقى حلب,0
اللهم أنت السلام ومنك السلام تباركت يا ذا الجلال والإكرام  ريال مدريد,0
الكويت / تقدم مليون دولار لعلاج الاطفال السوريين النازحين في لبنان.,0
ما حدث في مصر عكس ما يقوله الكثير هو دليل على الوعي الديموقراطي لدى الشعب مرسي كان جاي بشروط وأول ما هو غيرها الشعب غيره,0
إبطال مفعول قنبلة بدائية الصنع بجوار ميدان محطة  المنيا,0
بنغازي استشهاد الاسير عند الدواعش من سجناء بوهديمه  اسامه جمعه النايلي الذي قتل فى احدى الغارات الجوية ونحتسبه باذن الله تعالى من الشهداء,0
اسحبوا الوثيقة الدستورية المشوهة نريد لجنة محايدة تضع ميثاق شرف نلتف حوله جميعاًأولويتنا هى توحيد الصفوف وليس المزيد من الصدام والفوضى,0
قطر ترفض تسليم 28 شخصا من قيادات  الإخوان المسلمين ما أجملها من تُهمة وما أعظمه من موقف  شكرا…,0
فقدنا ثلاث من العظماء  عبدالله بن غبدالعزيز و  هوجو تشافيز و  كاسترو الموتمر ألسابع,0
يا سنينى اللى رحتى ارجعيلى ... ارجعيلى شى مرة ارجعيلى .. ورديلى ضحكاتى اللى راحت ..💔 فيروز,0
مستشار سابق في  البعثة الإيرانية لدى  الأمم المتحدة يقر بتقديمه إقراراً ضريبياً كاذباً يخفض حجم راتبه وبالتآمر لانتهاك قانون أمريكي للعقوبات,0
ولاد البلد  المنصورة  مصراوي أهالي  المطرية يتضررون من غرق  شارع  مدرسة النصر ورعاية الأمومة بمياه  الصرف الصحي,0
الشبكة زفت  فودافون  اتصالات  موبينيل,0
الحريري استقبل في  بيت الوسط  وزير الخارجية الكندي ستيفان ديون يرافقه نواب كنديون من أصل لبناني,0
ان التفاؤل هو الايمان الذي يقود الى النجاح .. ولا شيء يمكن تحقيقه بدون الامل و الثقة .. هيلن كيلر.  ريال مدريد,0
يجب على  تركيا و  إيران و  الصين و  روسيا أن تُتاجر مع عملاتها. ليست هناك حاجة للتجارة مع  الدولار و  اليورو.,0
كل عام وأنتم بخير وكل منا في سلام مع نفسه ومع الغير وفي وطن يتسع للجميعمازالت قناعتي أن شباب مصر الثورة هم الحل والأمل:فكر خلاق وقيادة فتية,0
حب كل حياتي  اليسا,0
كابوس متى ينتهى,0
(أومن ينشأ في الحلية وهو في الخصام غير مبين) [الزخرف:18]  ريال مدريد,0
موسكو: إرسال مراقبين دوليين إلى  حلب يجب أن يتم بموافقة الحكومة السورية.,0
شعرت بالحزن أثناء زيارتي للكنيسة بعد أن تحدث معي العديد من الأقباط عن إحساسهم بالظلم الواقع عليهم كأقلية في مصر,0
أتقدم بخالص التهنئة إلى الإخوة الأقباط بمناسبة عيد الميلاد المجيد أعاده الله على مصر بالأمن والرخاء,0
رحم الله الحاضر الغائب أيقونة النضال الفلسطينى محمود درويش ، تحية ودعاء فى ذكراه,0
مجلس الأمن يقر بالإجماع على نشر مراقبين دوليين في حلب واحياءها الشرقية…من يضمن حيادية المراقبينولماذا وافقت روسيا على وجودهم لمدةغير محددة,0
الإرهاب خطر عالمي اعتاد أن يستوطن في مناطق تغيب عنها هيبة وسلطة الدولة ويحولها لملاذ له خلايا القاعدة وتيارات عنفية مختلفة ليست بعيدة عنا,0
اييييييييه ع قولت بيونسيه دورنت ورري بيبي دونت ورري😢,0
الى الثوريين المقاطعين لانتخابات الرئاسة المقاطعة ان لم تكن عامة وشاملة ومؤثرة ستصب في صالح الفلول كما ان غيابكم يعنى فتح الباب للتزوير أ,0
نطلب دعم المعارضة السورية بصورايخ والعتاد العسكري لمحاربة المرتزاقة جنود بوتن والمرتزاقة مليشيات.النظام الاسدي والايراني الارهابية,0
لصالح من يُلغى مشروع ( محور قناة السويس ) الذي كان من المقرر أن يرفد الخزينة المصرية بمائة مليار دولار سنويا ؟ الجواب…,0
أوسكار : لقد امضيت سنتان مميزتان حتى الأن، و أريد أن استمر في اللعب هنا لسنوات عديدة مثل تيري ولامبارد,0
1 ده حلم قديم يبدو أنه اقترب تحققه بإذن اللهكان عندي مشروع مسرحية من كام سنة مع الفنانة سهير البابلي بس مااكتملش للأسفيامسهل,0
اردوغان قال لروتانا لااستطيع تأيد الانقلاب فى  مصر والا اكون متناقض مع نفسي و  السيسي لايستطيع تاييد الثورة فى  سوريا والا سيتناقض مع نفسه,0
تحية للراحل العظيم السيد محمد حسين فضل الله العلامة المقاوم المحاور المتسامح المجتهدالمجدالمجدداللبنانى الفلسطينى العربى الاسلامى الانسان,0
من يريد ان يقدم لوطنة سىء لا ينشغل بالدفاع أو إيذاء الآخرين أبو الفتوح يتحدث الآن,0
المستشاره الالمانيه ميركل بسم الله لحمد لله هل يمكننا رؤيت دور حقيقى لالمانيه فى الازمه السوريه واعلان مايدور بشكل حقيقى على المجتمع الدولى,0
عن الروقان اللي كانت فيه  دينا الوديدي فـ اغنيه وحده خيااااال,0
عاجل  حلباشتباكات عنيفة تجري الآن على محور حي   بستان القصر   و  الجيش السوري يرد على قذائف الإرهابيين بالمدفعية الثقيلة.,0
حماة :  طيران  الاحتلال الروسي يشن غارات جوية عند الساعة 10:30 ص على الاحياء السكنية في مدينة  اللطامنة في ريف  حماة الشمالي,0
مقتل سعيد فضة أكبر مورد بلطجية فى  شبرا الخيمة وعميل أمن الدولة,0
اللهم زد أحبتي  عفواً وعافية وتوفيقاًً وسداداً وصلاحاً  وأحفظهم من كل سوء  صباح الخير,0
مصر ثالث أعلى الدول ديوناً في العالم - ربنا ينتقم من العصابة واحد واحد ويورينا فيهم يوم!,0
وزير التموين:  الدعم لا يصل لمستحقيه وعودة  المجمعات الاستهلاكية قبل رمضان || لمزيد من التفاصيل على الرابط,0
فتنة المنيا تثبت أن هناك من يحاول العبث بوحدة هذا البلد المحمى بعناية الله ويقظة أبناءه،تحقيق فورى وعدالة ناجزة تطمئن الشعب لدولة القانون,0
اقبال المصريين على التصويت فى الانتخابات ضمانة لبرلمان يعبر عن الشعب ، وانتخاب ممثلين لشباب الثورة ضمانة لبرلمان يستكمل مهام ثورتنا,0
واشنطنالبيت الأبيض ينذر النظام وروسيا بسبب قصفهم الهمجي على  حلب  روسيا سوريا,0
سورية اكبر عصفورية بالعالمالافراج عن مسلمي الفوعة مقابل الافراج عن مسلمي حلب الشرقية,0
بعدك على بالي 😄   فيروز,0
الشباب المتأثر بالفكر الوهابي يحمل نوايا طيبة لكن ليس هذا حال القيادات تاريخياتحالفت الفاشية الدينية مع مع العسكر دائماً كما يحدث الان,0
مامن غذى قزنت...قزن ضناك ياذيب يالله بنغازي,0
بروكسل — تمديد العقوبات الأوروبية على  روسيا حتى يوليو المقبل,0
انتهت الفنانة نوال الزغبي من تسجيل أغنية جديدة بعنوان  بدك تسأل عليّ  من كلمات أحمد ماضي، ألحان جان صليبا وتوزيع باكيتو باهيم.,0
زوجة  ابراهيم حسن ل  ٩٠ دقيقة سائق شركة  اوبر تعدي على ابني بمطواه طالبا منه الموبايل فرفض مما ادي الي جروح قطعيه في جسده,0
سبحان المعز المذل قصة علي العريض من السجن إلي وزير داخلية تونس,0
اسئل الله أن يردهم اقوى من أول نحن امة اعزنا الاسلام   تكفي يابو فهد نحتاج للهييه,0
كيري وعسيري جداليهود واحد,0
"الشهيد بيموت مرة واحدة و المعتقل بيموت كل يوم ,,, اللهم فك أسراهم  انا مش رقم",0
حركة المرور كثيفة على اوتوستراد  المطار باتجاه الانفاق وصولا الى  خلدة دون عوائق  لبنان الآن,0
مش كده برضه حيث كده خد دي لحد ما أشوفك على خيرصباح الفل,0
غرد كانك في التسعينياتكانتْ نوال الزٌغبي عمْ بيشلٌوها بالسيارة 💖,0
الناتو يعطي الضوء الأخضر لتركيا لامتلاك منظومة دفاع جوي بعيدة المدى  لبنان الآن,0
ولو بتقولوا أن أمن البلد هيتححق بعيد عن الحقوق الأقتصادية والأجتماعية تبقوا واهمين،،~  يوسف الحسينى,0
إذا كُنت تقضي ساعات طويلة على الحاسوب لديك فرصة للعمل مع جوجل بغض النظر عن درجاتك الدراسية,0
سريخيو راموس وقع مع ريال مدريد في آخر يوم من سوق الانتقالات وتحديدا قبل 25 دقيقه من إغلاق المريكاتو !!رجل الدقائق الأخيرة 😍,0
هوا الحرية  جبران تويني   سمير قصير  جورج حاوي أسماء دفعت حياتها ضحية نضالها من أجل حرية لبنان الذي للأسف يحتاج الحرية أكثر من وقت مضى.,0
قلت للرئيس شباب الثورة لفقت ضدهم التهم من اجهزة الأمن وانت تسال اجهزة الأمن عن الأبرياء فيهم هل تتوقع ان تعترف اجهزة الأمن بالتلفيق وتعتذر,0
لبيك اللهم لبيك لبيك لا شريك لك لبيك إن الحمد و النعمة لك و الملك لا شريك لك,0
يشترط لكونك مذيعة تقدمين  مهرجان القاهرة السينمائي أن ترتدي فستان بدون كتف أيمن...!,0
حرب اقليمية ودولية ملامح حرب تلوح في الأفق  الناتو الولايات المتحدة  العراق تركيا سوريا  روسيا ايران الشعودية  السعودية الامارات مصر,0
انفولو بلال مرشح الكنيسة و نصير دولة الفقيه ايوه الاتنين مع بعض,0
د عبد المنعم أبو الفتوح: أبعث بتهنئتى وتحياتي الى شباب الثورة الذي مازال يدافع من أجل استمرار مسيرة الثورة,0
أخر خاطر قبل النوم: اكبر جريمة في حق الثورة وحق مصر هو ان نحرم انفسنا من الفرصة الحقيقية التي دفع شهداء الثورة بأرواحهم من اجلهاو مازالوا,0
مازلنا نعيش عهد اللافعل,0
تكلفه الحج فى مصر خمسين ألف جنيه فى حين ان الرواتب لا تتعدى ألفين يعنى اللى جاى يحج أو يعتمر موفر من اكله علشان فريضة ربناولا سيسي ولا,0
اتمني يكون صباحك كله تفكير وعمل من اجل نادينا العظيم  الزمالك الافريقي,0
رب مسنا الضر وأنت ارحم الراحمين  ليبيا بنغازي طرابلس درنة,0
عيد ميلاد فيروز فيروز شاهدت مسرحية ميس الريم عام 1975 في بيروت قصر البيكاديللي كما شهدت حفلاً اقامته في لوس أنجلوس عام 1981,0
فريق الوعد  إنصاف الإخوان,0
أسم فيلم بتحبه أسف على الإزعاج,0
قاربت السنه علي ابشع مجزرة في التاريخ الانساني  فض اعتصام رابعة و العين مليئة بالحسرة و يمزجها الامل و الصبر علي,0
: عاجل استقالة وزير السياحة احتجاجاً على تعيين محافظ الأقصر   ما زال فى مصر رجال يفضلون الوطن على المناصب  الف تحية,0
ملاك قلبي تكفين ياعمري تكفين والله ماعمري  ابي ايفون 7,0
رحم الله جمال البناكان له ككثير من العلماء آراء صادمة وكان لديه النقاء الكافي لإعلانها والدفاع عنها وتحمل ضريبة الهجوملكن عطاءه أوسع بكثير,0
على الدول العربية والحكام الذي لم يستطيعوا الدفاع عن حلب بالرجال والسلاح فلا أقل أن يدعموها بالمال وحفظ كرامةمابقي من النازحين السوريين  حلب,0
يفضل شرب العصير الطازج فور الإنتهاء من تحضيره..!؟! بسبب زيادة فرص تعرض العصير للبكتريا عند التخزين.  ريال مدريد,0
سائقين اوبر وكريم  يغرقون سياراتهم بعطور مخيسة تجيب التكة ليه ي خي ليه معنا ربو حاد مو ناقصين😾😰 اوبر  كريم   مقاطعة اوبر وكريم,0
شخصيات لن تعوض,0
أعلنا اليوم تأسيس حزب الدستور الجديد في جو مليء بالحماس والتفاؤل وفقنا الله لما فيه خير الوطن,0
يا عمر سيبك من كل دة فى حملة منظمة لتشوية ثورة 25 يناير ورموزها أقرأ مقالة مصطفى النجار فى اليوم7النهاردة وشوف …,0
قروب المحبه والموده قروب فيدرر للدعمسقى الله أجـسَاد المرضى عـافيه ؛ وقبور المـوتى رحمةً واسـعَه ..,0
الجزء الخامس في هاري بوتر معجبنيش السؤال هنا اكمل للاخر ولا هيبقوا زى الخامس 😕,0
سواء اتفقنا او اختلفنا مع الاستاذ خالد صلاح فمن حقه ان يعبر عن رأيه ويقوم بواجبه الاعلامي بحرية كاملة الاعتداء على خالد صلاح ارهاب وبلطجة,0
ماذا لو المدارس مختلطهماعاد توصّي احد على النظافه,0
لازلت في محاربة جستن بيبر واي اغنيه تعجبني اشوف سومو اذا منزلها بصوته💓,0
اليوم مرت ٣ أسابيع على مذبحة  رابعة و النهضة التي تشبه في بشاعتها مذابح صابرا و شاتيلا و سربرنتسيا و ١١سبتمبر لا يفعلها إ…,0
رصدباور:  واشنطن توثق الاعتداءات ضدّ السوريين وستحاسب المسؤول.,0
ندوة دعلاء الأسواني الليلة السابعة مساءً بالمقطم التفاصيل >>,0
الأسواني:ان الجرائم التى يرتكبها الاخوان المسلمون تتزايد كل يوم وبالرغم من بشاعتها فهي تكشف حقيقة الاخوان التي,0
اردوغان في لقاء نادر على الاسرائيلية الاولى: لو اسرائيل أبعدت اسلحتها عن  الضفة و غزة،  حماس لن تصوب سلاحها على  اسرائيل,0
مشاهد مذابح 6 اكتوبر دارت حول العالم وأى أكاذيب او تمثيليات للانقلاب لن يصدقها العالم,0
هل هذه هي الديمقراطية؟ هل وزعت أيضا أموال على طلاب جامعة النيل والقيادات النقابية لزعزعة الاستقرار؟ هل بالأمن والقمع سنتعامل مع الاحتجاجات؟,0
عيوننا اليك ترحل كل يوم.. و انني اصليحين هوت مدينة  القدس تراجع الحب و في قلوب الدنيا استوطنت الحربيا  قدس يا مدينة الصلاة..   ساعة فيروز,0
1 كما سجلت أكثر من مرة قبل٣٠ يونيو وبعده، مصر وقعت فريسة لفاشية دينية محرضة على العنف ولفاشية قمع وإقصاء وعنف زيفا باسم المصلحة الوطنية,0
من أجمل ماشاهدت في حياتي أكبر نجوم هوليود وهما عالمسرح بيتجمعوا لقراية كتاب هوارد زن عن التاريخ الشعبي لتوصيله للناس,0
خطاب مرسي بميدان التحرير كان موفقا وقسمه الرمزي ضروريا وتأكيده على أن الشعب مصدر السلطات وعلى الدولة المدنية الديمقراطية وحقوق المواطنة جيدا,0
بوب ديلان شكله فوتوجينيك جدا ابن اللذينة,0
ألظلم يأتي من أشخاص و جماعة و ليس من البلد و بالتالى بحب بلدى بحب بلدى,0
خبر  بنغازي غارة جوية بطائرة أجنبية بدون طيار على العمارات الصينية في المحور الغربي منذ قليل .,0
بوب ديلان مغني شعبي امريكي اخذ نوبل للادب .,0
باقي على  رمضان 69 يوما تقريباً وتبدا القصه الجميله وتعلو المساجد بأصوات التراويح اللهم بلغنا رمضان لا فاقدين ولا مفقودين ♡,0
بعد قراءة مادة 219 الصوفيين يعملوا إيه كده؟ ليه نقفلها ع  السنة والجماعة ؟ ولا دي تمهيد للحرب مع الشيعة؟ دستور مريب ليس للمصريين,0
نفسي في هيدر و كافر فيه ( الاهلي - مانشستر يونايتد - ريال مدريد - اسي ميلان )وهكون شاكر للي هيعملة بجد ❤,0
نبيل العربي فخر لمصر في علمه و أخلاقه ووطنيته ونقائه ولم يفكر أو يسعي يوماً للترشح للرئاسة لا تزجوا بإسم الرجل في هذا المناخ السياسي الملوث,0
أمي ولك في هذا اليوم دعوه ؛ حفظك الله من كل سوء ياجنتي حفظ الله أمي وأمهاتكم وجميع أمهات المسلمين  عيد الأم …,0
العنف والقتل في محيط مقر جماعة الإخوان مدان ومرفوض بالكامل كما في اشتباكات أسيوط وبني سويف، كل الدم المصري حرام، لا تفسدوا ٣٠ يونيو,0
شيخ المسجد مشغل المكروفون وبيقول بلطجية برا عابزين يموتونا ، وانا واقف برا وشايف بعيني الناس بتحاول تطلعهم وهم رافضين …,0
طلاب الجامعات قالوها اليوم عاليا لا دراسة ولا تدريس الا بعودة الرئيس صدامات واعتقالات وغدا ايقاف الدراسة او فوضي بالجامعات,0
هذه هى المناظره تماما كما أتصورها بين  حمدين و  المشير  السيسى !  الكبير كبير متعملش مناظرات يا مشير  سأنتخب السيسي …,0
ألف صورة لألف شهيد من شهداء مجازر الانقلاب الدموي في  رابعة و  النهضة و  رمسيس و  الدقي …,0
إلى المتخاذلون و المتحولون :يقول مارتن لوثر عندما ينتهي كل شيء لن تذكر شيئا من كلمات أعدائك لكن صمت أصدقائك سيترك أثرا لن يزول,0
انتهى زمن  الرئيس الذي يمنح وجاء زمن الشعب الذي يجد ويعتز بكرامته؛ وما اعتمدته لكم هو بعض حقكم؛ فأنتم الذين تمنحون ولست …,0
نحب اللغة العربية لأنها لغة القرآن ولأن نبيّنا عربي ولأنها لغة أهل الجنة  اليوم العالمي للغة العربية  غرد بصورة,0
تطبيق الشريعة,0
تصادف رحيل د.صادق العظم مع ترحيل أهالي حلب الشرقية، وما عرفنا نقول له مع السلامة وين رايح، مع السلامة يا مسك فايح.,0
تسلم لي عيونك يا آحلى  شيرين ♡   روحي شيرين محمد العراقي الجريح,0
فلسطين  محرقة  الاحتلال الصهيوني بحسب الجارديان محمود عباس:  الهولوكوست أبشع جريمة في العصر الحديث مع من يود,0
الروايات متضاربة ومتناقضة حول احداث طريق النصر الحل تحقيق عادل مستقل شفاف لاستجلاء الحقيقة ولا يجب ان يفلت من أجرم من العقاب مهما كان موقعه,0
الى كل مشجعي المايسترو روجير فيدرر في شتى بقاع الأرض الي ما صوته إلى الآن رجاءً يصوت له على الرابط في التغريدة السابقة و شكراً ❤️,0
هذا الإعلان لصالح مجموعة وسيعرض بالفواصل في رمضان ان شاء الله صوره من الإعلان    رمضان,0
نفسي اوى اشوف مسلسل  يوميات ونيس :),0
هل الرئيس مرسي شرعي ومنتخب هل الشعب قادر على اختيار ما يفيده هل هدف الثورة ان نتخلص من حكم العسكر اذا الاجابة بالنفى فلماذا قمنا بثورة,0
اليوم السابع | نائب رئيس  جامعة المنصورة: الدواعى الأمنية سبب تقديم موعد  الامتحانات,0
عن انك تصاحب باباك ومامتك وتحكيلهم عن كل حاجة من غير ما تخاف منهم لانك واثق انهم هيساعدوك,0
ذكرى وأحلى ذكرى أول واقفة فى  التالتة شمال  07  الأهلي,0
لافروف|| بعد تحرير جزء كبير من شرق  حلب لم يعد هناك ما يعيق ارسال المساعدات عبر الكاستيلو بإشراف الجيش السوري,0
ﻭﺯﻳﺮ ﺍﻟﺨﺎﺭﺟﻴﺔ ﺍﻟﺒﺮﻳﻄﺎﻧﻲ ﻓﻲﻣﻘﺎﺑﻠﺔ ﻣﻊ ﺻﺤﻴﻔﺔ ﺫﻱ ﺻﻦ ﺍﻟﺒﺮﻳﻄﺎﻧﻴﺔﻳﻘﻮﻝﺇﻥ ﻗﺮﺍﺭ ﺍﻟﻐﺮﺏ ﻋﺪﻡ ﺍﻟﺘﺪﺧﻞ ﺿﺪ ﺍﻟﺮﺋﻴﺲ ﺍﻟﺴﻮﺭﻱ ﺑﺸﺎﺭ ﺍﻷﺳﺪﻋﺎﻡ 2013 ﻛﺎﻥﺧﻄﺄ ﺣﻘﻴﻘﻴﺎً,0
في فن من أرقي الفنون في العالم تعلمناه من حبيبنا المصطفي إنه فن تجميع القلوب تعالوا نتعرف علي الفن ده و,0
حملة هيلاري كلنتون تؤكد وجود سماسرة اردنيين يشترون اصوات لترامب وخصوصا باوهايو 😂,0
جامعة هلسنكي(فينلندا)تختار  السادة المحترمون (بفريق عمله كاملا)البرنامج الأكثرمصداقية وحرفية في  مصر وتم إدراج بحث عنه في دوريتها  فلسطين,0
سيناء علي الخريطة اكبر علامة نصر في التاريخ  تحرير سيناء,0
اليوم السابع | كلاب بوليسية لتأمين  امتحانات  عين شمس و  الجامعة: منع دخول المفصولين,0
الفهم المصري المتحضر للإسلام أسس له الامام محمد عبده عام 1899فانطلقت مصر العظيمة لتبدع في كل مجال حتى وصل إلينا الفكر الوهابي الرجعي المتطرف,0
ليت الليالي تجيب الي على بالي واشوف زوله بعد ما طول الغيبه ان كان ماعاد له جيه بري حالي يمكن على عز هذا العمر اهذريبه  عادل,0
سحر النوم والراحة مع  مصطفى حسني ،، جميلة =),0
ماهي  علامات  محبة العبد لربه  المحبة  الحقيقية  الشيخ حمد العتيق -  السعودية  الكويت  الامارات  السلفية,0
ماذا لو المدارس مختلطه  زيت زيتون الجوفعصرة أولى على الباردللتواصل واتس اب 0532664958.,0
صفعة لناشطة هي صفعة على وجوهنا جميعا، اعتداءات وحشية أمام مقر جماعة غير شرعية تخرج على القانون وتحكم لتفكيك الدولة، الإخوان في مواجهة مصر!,0
متعودتش اشوف ف الناس غير الجمال  حمزة نمرة,0
جماليات الأدب العثماني.... معرض الكويت الدولي للكتاب  معرض الكتاب,0
يوم اللغه العربيه الجامعة السعودية الالكترونيةعندك واجبات ماث!!!!عندك واجب ومشغول وموقادرتحقق 100%...نحنا انحلها 0507797125,0
ي جماعه اللي عندو خبره ف الكمبيوتر.. انا عندي ويندوز 10.. حاطط باسورد كتابه من زمان اوي..  وكنت بستخدم اللي هوا باسورد الصوره ده..,0
يامن تتحدث باسم الاسلام ثم تلقى على من يخالفك في الراى بصندوق قمامة من البذاءات كثيرون ممن تشتمهم اكثر اسلاما منك لانهم مهذبون,0
ذات مومنت لما موبايلك يغطس في البطنيه وتقعد ادور فيه ما تلقشي واخر حاجه تنفض البطنيه يقعد الموبايل ايتخبط فيالوطى :/ اصلا عادي,0
أرى أن النظام المختلط بين النظام البرلماني والنظام الرئاسي هو الانسب لنا هذه الفترة التى تتوزع فيه السلطة,0
السياسة  الشرعية التي يعمل بها  السلفيون في بلاد  الحرمين مزورة ومكذوبة على  الاسلام وان صفق لها كبار  العلماء واتحدى في ذلك,0
هالاجازة مثل الطفل اللي راح مع أمه للجيران وكان مستحي يلعب مع عيالهم ويوم بدأ يمون عليهم ويلعب معهم قالت أمه مشينا🙄 ماذا لو المدارس مختلطه,0
نسأل الله أن يحفظ شيخنا من كل مكروه ويمن عليه الصحة والعافية  سلامتك يا خليفة,0
أنا بقعد أسأل جوجل أسئلة في منتهي الغباء وساعات بكتبله موضوع تعبير وبردو بلاقي إجابة وبلاقي ناس سألت نفس الأسئلة فبحمد ربنا والله  جوجل الحب,0
(إن الأبرار لفي نعيم) [المطففين:22]  ريال مدريد,0
شكراً جزيلاً على تعليقاتكم الجميلة ويا رب يعجبكم الفيلم إنتم كمان,0
الناتو  في بروكسل.. تحديات امنية والعلاقة مع ادارة ترامب وروسيا ازمة ســوريا وتقوية فاعلية التحالف ضد  داعش  ابرز نقاط البحث,0
ورضيت أعيشلك انت يا حبيبي كفايه ان انت حبيبي  عمرو دياب,0
متى النهاية ياحرب  سوريا  فلسطين  العراق  بورما,0
تحية لرئيس جمهورية فنزويلا الذي انحاز بقرار إعادة سفير بلاده للقاهرة لثورة مصر وارادة شعبها وأكد على متانة وعمق العلاقات بين الشعبين,0
زوجان مقدسيان يدشنان مبادرة   صح أو خطأ  لتصحيح المعلومات عن  المسجد الأقصى المبارك القدس فلسطين,0
أينما وجد العدل فثم شرع الله,0
رجل أكرمه الله بمصاهرة أكرم خلقه مرتين زهد في أمواله وتجارته طمعاً في مرضاة الله كانت الملائكة تستحي منه  عثمان بن عفان رضي الله عنه,0
🌸↶مـآذآ إعـْطَتک  فلسطين  لِتحبهآ إلى هذآ آلحد 🙊 ؟💚 💚-بكفي آنهآ آعطتني آلشرف ليكون آسمي  فلسطيني❤✋👑👑يمآ محلااهااآ هَآلنعمهه'ھ 😍🌸↶,0
كارلو أنشيلوتي : عندما غادرت ريال مدريد قام كريستيانو بدعمي على العلن ولكن أكبر دعم قدمه لي على الإطلاق هي أهدافه وكونه مِثال جيد للفريق.,0
الكرامة بدأت في  بنغازي باغتيال المشائخ وتبدأ الآن في  طرابلس باغتيال المشائخ,0
كيري: ندرك أن الوصول لحل مستقر ودائم يتطلب تنازلات ونشجع كل الاطراف للسعي لحل وسط يركز على صالح بلدهم ومستقبل أفضل لشعب  اليمن. 4/4,0
حقك كبير 😳😳قم عدل المنكر .. ولدك في خطر !! كريم  اوبر انتبهوا لعيالكم و شوفوا جوالاتهم لا يستغلونهم حقين النقل الخاص !,0
ارفض البذاءات التى يبثها الشيخ محمود شعبان ضد الثورة لكنى ارفض ما حدث له في ميدان التحرير من إهانات واستهزاء بكرامته الثورة نموذج أخلاقي,0
احمد شفيق هو الوحيد القادر علي تحريك الركود السياسي في البلاد و مواجهة  السيسي في 2018 ..ده واقع سواء بتكرهه او بتحبه,0
الأمم المتحدة: نحاول الوصول إلى 6 ملايين سوري بحاجة إلى مساعدات عاجلة وسنبدأ غداً بتوصيل المساعدات جواً في سوريا.. وجهتهم الفوعة وكفريا,0
دراكولا لو كان عايش معانا لغاية دلوقت كان زمانه بيمص قصب عشان محدش بقى عندك دم اليومين دول,0
تحسه انسان عايش لوحده.. مش حاسس ب اللى حواليه,0
الف مبروك الانتصار لفريقنا الزمالك، مدرب الفريق المنافس ىدلي بتصريحات سلبيه,0
الف مبروك الانتصار لفريق نادي الزمالك، مدرب الفريق الثاني المهزوم يعلق علي التحكيم,0
كل غربال وليه شده وكل الافعال لها حماس,0
شوفى مقموصه ازاى فاكره نفسها حاجه قال,0
الاهلى  ملك الكوره فى مصر  ولا يوجد نادى افضل منه,0
سخرية المصريين من الصاروخ الصيني يا رب يقع في سد إثيوبيا,0
انت متعرفش مصلحتك فين ولازم تبقى فاهم كويس,0
تاكى وجع فى بطنه وركبك يا واطيه يا زباله,0
بحبها وفى قلبى ساكن حبها ياريت يا شوق توصلها,0
البنت لما يحكولها ليه حطه مكياج كتير تقول ده جمالي طبيعي,0
خساره الاهلي للدوري يعتبر غباء وخذلان ثقه الجماهير,0
الهدية بالنسبة لمراتك زي الصدقة تمنع عنك الاذي,0
الراجل دائما متبع للشهوات والنساء,0
خساره الاهلي كانت مهزله بين الدول والناس,0
الام هي العطاء والتضحية ولكن من يهتم غير الابناء,0
خناقة أحمد مجاهد وشيكابالا إستمرت حوالي ٥ دقايق كاملة ..شيكابالا في الخمس دقايق مقالش لمجاهد غير أنت أهلاوي🤔,0
ايمن اشرف هيمسك لوكاكو اللى فان دايك مش عارف يمسكه,0
ليت كلْ الزوايا التي جمعتنا بهم تعيدهم إليها في اللحظات التي نتمنى وجودهم فيهآ ..!,0
ده محسسني انه ارشميدس يا عم هو مفكر نفسه مين الاهبل دا,0
محمد سامي دا فاضله تكه ويطلعله قرون عشان سايب مراته بتتناك,0
تحيا اليتيمة وماغد على فخووونسا,0
كان جاشعر يزيد فالفهامة كان لاعبين جزايرين علامة هذو خصوصيات يا معشر.......,0
طيب اوي اللي يفتكر ان حد هيحبه اكتر من نفسه,0
لا ينبغي أن يفوز الزمالك بالدورى بعد ذلك حتي لا نرى هذا الكم من السطحية والسذاجة والغباء,0
سؤال هل كرونا بتزيد وقت دخول المدارس ولماذا لم تزيد وقت مهرجانات في ساحل الشمالي والمصايف,0
بيقولك شيكابالا سرق كاس الدوري وقلب,0
دير الخير وانساه ودير الشر واتفكره.,0
لازم رضا عبد العال يكون عكس الآخرين لكي يستمر ظهوره إعلاميا مع أنه ضايع .,0
ياعم حسام البدري ينوبك ثواب أترك المنتخب دة أنت افشل مدرب وكنت أفشل لاعب ولاتصلح تدرب مركز شباب,0
ابراهيموفيتش : هناك أمر مؤكد بطولة العالم من دوني لا تستحق المشاهدة...لا داعٍ من انتظار النهائيات!,0
قال البشير أتحدى لو فيه زول سمع بالهوت دوغ قبل حكومة الإنقاذ,0
بتعمل مقالب كتير في الناس وتتكلم عليهم وترجع تقول انا طيبه,0
فقط بالمسلسلات !!    لمّا يحزن الرجل تطلع لحيته بسرعة ؟,0
شالفايده اطرش تويتات و مافي اي ريتويت و الفولورز قليلين !؟,0
الشعور بالملل قد يحولك إلى انسان اكثر ابداعا وانجازا,0
طب هو فين ام اللقاح قدمنا ومحدش رد علينا بقالنا شهور,0
اعمى ولا شايف نفسه عنتيل زمانه وكل الناس مبهورة بيه,0
الناس ف مصر بتحب الكورة زى عنيها . مش معقول الهبل,0
المتغافل دا ملك زمانه بيتغافل عن كل اللى بيضايقه وبكده بيعيش مرتاح نفسيا,0
البت لود عمها مهما كان فى جنوب صعيد مصر وهذه عاده غبيه,0
عوض أن يردم الحفرة التي كانت سببا في سقوطه و تأذيه بنى مستشفى بجوار الحفرة,0
الخال والد وانا بحب خالى جدا لانه مثل ابى كثيرا  ويعتنى بى,0
فى المدرسه بيعلموك ثم يعطوك الامتحان فى الحياه الامتحان الاول,0
حينما يتحدث العقل مع القلب في الصلاة فإن القلب ينعم بالدفئ,0
شوفت المقلب شو مسوي ، اعمل نفسك مو عارف,0
لا يوجد فى الهند سياسى شجاع بما فيه الكفاية لأن يحاول شرح أن الأبقار يمكن أكلها,0
عامل فيها ميسى و هو مش بيعرف يمشى اصلا,0
للاسف رغم انى دكتور و ناجح الا ان ابنى فشل باب النجار مخلع,0
غبي اوي اللي فاكر نفسه مفيش زيه,0
بحبك جدا رغم عيوبه بس هو حمار,0
فكر في سنة وتكلم في ثانية.,0
هو فيه مياة نروى بيها الزرع اصلا,0
ي أخي أحِب الناس اللي يتحمسُون مَعي يُوم أحط صورة يعلقُون ، ۈ يوم أرسِل بي سي يضحَكونْ ☹!! يجيبُون السعاادة الفئہ ذي,0
القهوة صديقة كلاسيكية جداً خُلقت سمراء لتُقنعنا أن البياض لا يعني جمالاً ^̵̵̵ ابدعت الكويحه اللي كاتبتها ☺,0
منكم لله اخر سنه ليا وهتخرج ومش لقيا شغل اسدد المصاريف منكم لله بحق الحالي الي انا فيها,0
اجمل خبر اقاله حسام البدري من تدريب المنتخب المصري,0
المرتب انصرف واستلفنا كمان ونقول يارب نعرف نكمل الشهر,0
دي تدخل بيتها تلاقي نضافة ع ايدك اليمين والشمال,0
لا تستهين بالقصيرات فالسنافر هزموا شرشبيل,0
لو مش عاجبك روح المركب اللي تودي احسن من المركب اللي تجيب,0
ده صوته شخص عامل زي الساقية صوت عالي على الفاضي,0
ليس كل ما يحفظه الطالب يفهمه وتأتي الاختبارات بما لا تحتويه الكتب,0
اذا اغضبك احد ما فلا تجادله فإن الحياة مليئةبالحجارة.. لا لتتعثر بها.. بل اجمعها واضرب فيها اليجالطك,0
عمال تاكل زي الحمار في النجيلة لا الحمار بيشبع ولا النجيلة بتخلص,0
لا مانع من الجلوس مع بعض المجانين لمعرفة قيمة العقل,0
اذا اخبرك أحدهم سره فلن يصبح سرا، لذا لا عليك إن اخبرت الجميع,0
جامعات خاصه واهليه علشان اللي معاه قرشين يطلعهم ولايبيع هدومه ربنا ينتقم منكم ياظلمه,0
مش بهدومك وشياكتم دى رجولتك هى اناقتك,0
كنت نزلت فى تنسيق الحكومى للطب بدل الخاص حسبى الله ونعم الوكيل,0
كفة رجولة ديما بتطب على مبدأنا مفيش تغير,0
لو مرة بتيجي سيرتنا بتسمع عننا احلى كلام,0
ومفيش زينا ناس تانية وعمر ما طلعت منا العيب,0
اهدرتوا القيمة العظيمة للفن المصري والنتيجة جيل ربنا يستر عليه منكم لله,0
والناس سابت كل مشاغلها وبيسألو مين خطيب نور دا انتو ناس فاضيه,0
وزارة التربية والتعليم دخلت التابلت المدارس والطلبه بيستخدوا التابلت فى الالعاب 😂,0
الشتا دخل علينا خلاص اخيرا هتوحشنا يا صيف,0
احلي حاجه الفديوهات السريعه اللي بتلخص اي حاجه محتاجه ف 3 ساعات,0
اللقمة ما تحلا ولا تطيب الا بوجود الحبيب,0
حتي الضحك صعبتوه علينا ليه كده,0
ده شغل برشام سواء كان من الكاتب والا المخرج ولا الممثلين,0
قبل ما تدور على مرة دور لابنك على خال,0
الشركة دى فاضلها 2 عملاء كمان علشان بس تقدر توصل لبداية الامل,0
انا بحب مراتى حب السكر للشاى بجد بموت فيها,0
المدرسة دلوقتى الطالب بيروح المدرسة علشان يلعب,0
الاوضة من كتر الدخان اللى خارج منها من كتر السجاير افتكرتها مصنع,0
لية يا عم أبو تريكة,0
ممكن اشوطك من قدامي عشان انت عيل هتيه مالكش فيها,0
ابدا نفذ و انا معاك في اي حاجة تقول عليها لكن مش هينفع  بس انت شورتها,0
البامبرز بتاع ابني بيفضل طول الليل مش بيسرب ابدا,0
احمر اخضر اصفر  مفيش غير كده نفسي تلبس حاجه غامقه,0
هو الطبيعي اني ارجع الاقي البيت كله مليان اكل,0
جدعه الدنيا مش بتوقف على شخص واحد فعلا كل واحد يعيش حياته بطرقته,0
قولنا 100 مرة ان السجاير الالكترونية ضارة جدا ولو عايز تبطل سجاير اشرب معسل,0
له يا حبايب بعتونى بالرخيص وانا الغالى,0
عيش وحس ان الدنيا سكر حلوة الدنيا سكر,0
هوده الشعب المصري الأصيل مالوش حل شعب روجوله,0
حسبي الله ونعم الوكيل الدنيا معليهاش أمان بعد ما الصاحب يغدر بصاحبه,0
اجرى يابنى ادم جرى الوحوش من رزقك مش تحوش دى فعلا اكتر حاجة حقيقية,0
على فكرة بقى انا نفسى اوى تكونى ام عيالى ونبنى بيتنا سوا,0
زن زن ومش هسمعك رن رن مش هرجعلك,0
مهما تعمل برضه ناسيك انت حابب اللي بياذيك,0
مش هعيشها حزين عشان خاينين صحاب فركة,0
انتي شمس بتنوريلي انتي صاحبي حبيبي زميلي,0
يلي عشقك جوا العرق انتي سارقة القلب سرق,0
اصل بان في عنيك غل كتير ونفسنة,0
منتخب الصالات يواجه جواتيمالا اليوم فى الجولة الثانية بكأس العالم,0
تبدأ بالحاف وتنتهي بمرتبه وهكذا الحياه...شدوا حيلكم والهو عقول الناس عشان بقينا تافهين جدا ورايقين جدا..,0
رد عليا بسرعه مش قادرة اتنفس,0
السينمات دلوقتي بقت تعمل فيشار حلو اووي مش بتعرض افلام,0
فين الشمس  بتاعه زمان كنت تاخد منها كميه فيتامين د,0
مش فاهم انا مين الذكي الي بوصل الطرد على رقم جوال فبيبعت رسالة لرقم جوال ثاني,0
النائب العام يأمر بإحالة الطبيب المتهم بالتنمر على ممرض وآخرين للمحاكمة الجنائية,0
عبد المنصف: كنت قريبا من الأهلى فى بدايتى وتعرضت للظلم فى الزمالك,0
الرئيس السيسي: معالجة التلوث فى بحيرة المنزلة متعملش فى الدنيا منذ 600 سنة,0
إيهاب جلال: لن أوافق على رحيل عبد الله السعيد ..وهدفنا المنافسة على كل البطولات,0
احذروا الموجة الرابعة لكورونا.. العدوى تصيب عائلات بأكملها.,0
رسائل الرئيس السيسى خلال إطلاق تقرير التنمية البشرية 2021.. إنفوجراف,0
ملخص وأهداف مباراة برشلونة ضد بايرن ميونخ بدورى أبطال أوروبا,0
أمطار ورياح وارتفاع الأمواج.. تعرف على أحوال الطقس حتى الإثنين المقبل,0
النائب العام يأمر بإحالة الطبيب المتهم بالتنمر على ممرض للمحاكمة,0
غدًا.. آخر موعد للتقديم لكلية الشرطة لطلاب الثانوية العامة لعام 2021,0
إصابة 22 فلسطينيا خلال قمع الاحتلال مسيرات لمساندة الأسرى في نابلس وبيت لحم,0
شربنا قهوة ورميته من فوق الكوبرى عشان الفلوس.. اعترفات قاتل صديقه بالدقهلية,0
إيمى سمير غانم تواصل حزنها على والديها بصورة جديدة وإيموشن دموع وقلب مكسور,0
جنش يعلن الرحيل عن نادى الزمالك: يعلم الله إننى لم ادخر نقطة عرق فى سبيل خدمة بيتى,0
اسألو السيد المحافظ المحترم عن عزبه نادى الصيد اللى اقسم بالله ان كل واحد هياخد حقه وفيها ناس اتشردت وضاعت,0
"قصة صور.. سعد سمير بطل فيلم دموع فى عيون مُخلصة"" بالأهلى""",0
التموين: استمرار صرف السلع التموينية اليوم ضمن مقررات سبتمبر,0
لو عاوز تخس .. أسباب هتخليك تعتمد الأسماك كوجبة رئيسية فى الريجيم,0
تفاصيل سقوط عصابة تتاجر فى المخدرات عبر نهر النيل,0
الصحة تسجل 569 إصابة جديدة بكورونا و13 حالة وفاة وخروج 477 متعافيًا,0
احلي حد تم 61 سنه و احلي حد عمل كم مسلسلات وافلام بطريقه مبدعه عبلة كامل ضحكت كل الأعمار بجد,0
كل يوم يافيفي تثبتي انك تستحقي لقب الام المثاليه بجداره,0
جمعيه معا لإنقاذ انسان ربنا يبارك لهم ممكن تروح هناك وهما هيراعوها بما يرضي الله,0
فتاة سيتي ستارز كانت محتاجه حضنك و هى عايشه مش و هى فى النعش,0
هو إهدار مال الأوقاف بس دا إهدار مآل البلد كلها حسبنا الله ونعم الوكيل,0
برضوا مصممين تكدبوا !! ما كفايه بجاحه بقى اتحاد عرة,0
ده انا محتاجه اعمل وريد صناعى علشان اغسل منه ومن شهر لحد دلوقتي معملتش العمليه والقرار موجود فى المستشفى,0
يعجبنى فى الاعلام الاحمر كيفية الغلوشة على الفشل او الهزيمة للاهلى عشان الناس تنسى ونضخم حجم المبارة الغير متكافئة اللى معروف ان الاهلى ذوق وعافية هايكسبها,0
الجمعية الأوروبية للجهاز التنفسي تطالب رفض شراء فيليب موريس لمصنع أجهزة علاج الربو,0
أمين الأعلى للآثار يتفقد مشروعات الكرنك لخدمة الموسم السياحى الشتوى,0
نشرة الظهيرة: غلق جزئى لكوبرى الجيزة.. اتحاد الكرة: فيفا لم يخطرنا بوقف القيد للزمالك,0
عطنا سبب واحد فقط و انا اول اللي بيصفق لك,0
من الذاكره  ابو تريكة : ريال مدريد خسر من فريق إسمه  الفيس لو فضل ع المستوى ده هيخسر الماتش الجاى من الانستجرام,0
الظاهرة الاداريه مرتضي منصور في 2019 مشي جروس قبل نهاية بطولة الدوري بكام ماتش عشان الزمالك كان هيكسب الدوري وجروس هياخد مكافأة 6 مليون رحنا خسرنا للدوري واتحكم علينا ندفع غرامة لجروس 9 مليون,0
بيراميدز يطلب 15 مليون جنيه لبيع ناصر منسي والزمالك يعرض 3.5 مليون جنيه,0
ابراهيم الصغير : بعد كلام حسن لبيب رئيس الزمالك باني مداين الزمالك بمليون جنيه تاني يوم الصبح جت الضرايب وخربت بيتي !!,0
رسميا : جونيور اجاي ينتقل الي فاركو بعد وعد من ادارة شركة فاركو بصرف ادوية مضاده للاكتئاب شهريا علي نفقة الشركه,0
"رمضان صبحى يحتفل بعيد ميلاد ابنه زين: عيد ميلاد سعيد زنزونا""",0
كواليس غرفة الملابس.. رمضان صبحى لحسام غالى: أنا مش جاى من الشارع,0
كواليس غرفة الملابس.. متعب يروى تفاصيل إصابة فراعنة 2010 بأنفلونزا الخنازير,0
محمد شريف يحطم رقم عماد متعب مع الأهلى ويعادل فلافيو بعد 13 عاماً,0
محمد صلاح يتصدر قائمة المحترفين المبدئية لمعسكر المنتخب استعدادا لليبيا,0
الزمالك يرفض الاستغناء عن لاعبيه المقيدين بسبب أزمة إيقاف القيد,0
"لاعبو الزمالك والجهاز الفني يزورون مستشفى الناس"" للأطفال""",0
ابنة نجيب محفوظ: اتفقت على نشر أعمال أبى إلكترونيا بدار جديدة وحصلت على حقوقه,0
رئيس الوزراء يتابع آليات صيانة وإدارة وتشغيل مشروعات العاصمة الإدارية الجديدة,0
بالتزكية.. اتحاد الكرة يعتمد خماسى رابطة الأندية,0
ارتفاع بالحرارة وشبورة ورياح.. تعرف على تفاصيل حالة الطقس حتى الجمعة,0
روسيا تتصدر منافسات السباحة لنهائى الشباب ببطولة العالم للخماسى الحديث,0
نيويورك تايمز: مشكلات تواجه بايدن فى شن هجمات الدرونز بسبب أفغانستان والصومال,0
ميسي يرفض مصافحة مدرب باريس سان جيرمان بعد استبداله أمام ليون.. فيديو,0
الصحة: فحص مليونى طفل ضمن المبادرة الرئاسية لعلاج ضعف وفقدان السمع,0
رئيس البرلمان الليبي يؤكد لمسؤول إيطالي دعمه لإجراء الانتخابات 24 ديسمبر المقبل,0
دونالد ترامب لقد قابلت ملكة إنجلترا المملكة المتحدة ، أمير الحيتان,0
لما حد يسألنى عن حالتى العاطفية والله ما اعرف😒😒😒,0
بدأت أسناني في السمرة، ظهرت الشقوق والبقع البنية,0
اسكتش راعي الغنم مشهد كوميدي قصير لمذيع تليفزيوني يجري,0
اسكتش هات الطاقية هو مشهد كوميدي خفيف,0
تدور أحداث الاسكتش عن مجموعة أفراد يتظاهرون بأشكال متناقضة,0
مشهد تمثيلى صامت لطالب في الثانوية ينتظر مرحلة,0
امبارح واحد صاحبى كان فاكر نفسه رمبو بس فى الاخر اتضرب,0
امبارح بنتكلم انا وواحد صاحبى و عمال يتكلم و يشكل فى نفسه اكنه اخترع الذرة !,0
مش فاهمة ازاي دي بقت ممثلة ولا عندها ابداع خالص وكمان مش مقبولة خالص,0
ل̲ؤ/تـعطﯾھم-منآل̲طﯾبَ [آطنآنّ] تبقىّ/آل̲حثاله	 مثلمآھي [حثآآآلہَ],0
عندما تريد قتل أحد استعمر قلبه ثم أرحل ببطء واتركه مابين الموت والجنون «,0
كل شخص مفطر نفسه طيب وخلوق زى الملاك,0
كل شخص كداب ومنافق زى القطط,0
ماجد المصرى يهدى زوجته يخت بمناسبة عيد ميلادها اخر هديه اهداهالك زوجك ايه,0
القراءة جعلت دونكيشوت إنساناً محترماً لكن تصديقه ما قرأ جعله مجنوناً,0
أريد أن أجمع قدراً من المال يكفي لعلاج الأمراض التي أصابتني أثناء جمعه,0
خير مرآة ترى فيها نفسك هي عملك.,0
من امن العقاب اساء الأدب,0
مرضاش يستقيل و إستنى فسخ العقد علشان ياخد الشرط الجزائي .... الواطى,0
هو اللى مرتبه ٣٠٠٠ وبيدفع ١٥٠٠ ايجار في شقه معفنه ده كده يبقي ٢٢ % من مرتبه,0
ياجماعه فى ناس مسجله بقالها شهور ولا جالها التطعيم ركزوا الاوال ان الناس كلها تطعم ولا هو شو وخلاص,0
اللى حيجنن اسرائيل ازى عدوا من النفق ضيق اووى,0
اكيد حسام البدري هددهم بفضايحهم ماهي شلة فاسدة كلها,0
ما تغور البدري ياعم ياللي بتعبد الجنيه انت خلينا نشوف الأحسن منك,0
المدربين الفشله يستقيلوا من الانديه علشان فاكرين انهم يمسكوا المنتخب احوووه,0
ربنا يكون في عون الطلبة الي بيطلع عينها وتتعقد نفسيا علشان توصل للكليه بتاعتوا,0
قلبك ضعيف قويه جايلك وقلبي راميه,0
دارى على شمعتك عشان تقيد دى الناس بقت بتحسد اللى بيكون يوم الجمعة,0
يابيه افتح دورات المياه فى المساجد خلى الناس تصلى ما انت فاتح الدنيا كلها,0
غور بعيد عنا بقى. وزير فاشل خربت بيتنا. حرام عليك,0
مش تطوير البنية التحتية للقطاع الطبي والتعليمي أولى من مشروع بالمليارات مش هايفيد غير اعداد معينة,0
هو لسه فيه جوامع ماهى باظت خلاص منكو لله,0
ياريت مختار يقعد ويبطل تدريب,0
لقاح كورونا علي جرعتين ليه مخلهوش تلاته,0
فوز ايطاليا باليورو وعندنا هذا الهجوم العفن ، انجاز كروي والله,0
انا بقول اني حسن شحاته اكتر مدير فني ممتاز لمنتخب مصر,0
"شوقي غريب يرفض تدريب المنتخب المصري و ترك المنتخب الاوليمبى معلقا انا بتاع عيال""",0
مصطفي محمد  انفعالي الزيادة لان الجول جه متأخر وكان بقالي فترة مبسجلش وبشكر كابتن حسام البدري وبوجه الشكر للسيد الرئيس راعي الرياضه في مصر,0
عجبا لاطفال اليومين دول يلعبوا طول اليوم  ويجوا ع بليل يقولوا مش لاقين حاجه نعملها,0
بقالى فترة حياتى بايظه يا بختك عندك حياة يادى النيلبة عليا وعلى سنينى السودة,0
سيبو المدرسين يدخلو بموبيلاتهم بدل ما يفشو غلهم فى العيال,0
الفرق الشاسع بين نصير الغلابة وحسن خاتمة المرحوم الحاج العربى وبين حسن راتب انسان مدعى,0
فائق حسن يتغزل في أصالة هنبتدى بقى وصلة الموحن اللى على السوشيال ميديا,0
المفروض دلوقتى دى مش قضيه الممرض متخصهوش خلاص الراجل ده لازم يتحبس ويتشطب ويمنع من مزاوله المهنه,0
طب وهي الناس ال تعبت لما راحو للراجل دا وكان هيتسبب ف شلل ليهم كانو ساكتين ليه كل دا,0
اكتر ناس كدابة وزارة الصحة احنا عندينا في البلد 500 حالة بس غير المحافظات التانية جايين تظيطو وتقولو ارقام وهمية,0
الصحافه بتاعتنا مالها بقت تافهه ليه كده خلاص مابقاش عندكم اخبار بقيتو بتصوروا التيران وياريت حقيقى ده بتصوروه لعبه,0
عقبالنا يااااااااااااااااارب احنا ٨ قاعدين فى غرفة واحدة بس. مفيش عندنا حياة كريمة .,0
رياض محرز يحتفل بخطوبته على عارضة الأزياء الإنجليزية الواحد كان بيحترمك فعلا ما فيش غير محمد صلاح فخر العرب,0
ابراهيم سعفان وشكوكو ومحمد رضا وغيرهم ملهمش،الا نسخه واحده الله يرحمهم,0
كتر من البيض للطلبة عشان مهم اليومين دول,0
حقهم طبعا اومال واحده تروح الكليه من غير بنطلون وتقولي حريه شخصيه ولما الدكاترة يعاتبوها يبقا تنمر,0
ايه النماذج اللى انتو بتجبوها وتعرضوها للشعب ديت يعنى لما واحد غلبان بيعمل نصبة شاى بتقوم البلديه تشيلو وتاخد كل شيء منه اشمعنى بتشجعو الستات,0
الهند عندها ساحر بيرقص التعبان بالمزمار ومصر عندها اللي ممشي التروسيكل بالكرباج واضح أنه بيربي التروسكل ويعلمو الادب,0
عين ايه يا عم انتوا بتبرروا فشلكم، الجماهير الصح بتفهم انه فشل منكم,0
لا تحاول البحث عن أخطائي فهي كثيرة ولا أريد أن أتعبك,0
ابتدينا الدوري  ووجع القلب مشش هقعد ادام التلفزيون,0
لو اتحطيت فى اختيار بين انك تختار الفلوس ام السلام النفسى اختار الفلوس طبعا السلام ده موقف اتوبيسات,0
أنا عندى ربط بين الأحداث رهيب يعنى تاخد بالك وانت بتحور عليا,0
هههه اقسم بالله احنا بنشوف العجب ، احسن لاعب باي امارة يابني وانت فريقك واخد ع دماغه طول الموسم وكنتوا سبب ضياع الدوري منه,0
عندي اخ في ضيقة بس الذنب مش ذنبه,0
طب انتى عارفه انه سمكرى الراجل مقلش انه دكتور,0
الأهالى لازم يدفعوا تبرعات للمدرسة هههههه,0
ايوة بفرح لما تجيلي هو مين اصلا يشبهك,0
يعنى هو ومحمد رمضان ابو زمل فى اادكتوراه الفخريه بس بجد رئيس سابق محترم,0
لا بجد فهمتي مفيش حاجة تساوي اي شيء كلوا في الفاضي الا رضا ربنا سبحانه وتعالى وطاعته هي الاساس الثابت والقيمة الكبري,0
سالكين مش زي ناس تانين منخافش بني ادمين نتعاملوا بالطريقة,0
احتفال بخسارة جميع بطولات الفرق الجماعية..القدم..السلة..الطائرة..اليد,0
منه لله يحي الدرع خلاهم يصرفو ملايين ويعملو احتفالية وهميه عشان ينسو جمهورهم القاضيه,0
الفنانين المحترمين أصحاب الملاين فين أن شاءالله,0
هو انتوا ليه كل الاخبار كرة قدم بس فين باقي الألعاب الرياضية,0
لا حول ولا قوه الا بالله مش عارفه الناس مالها اتجننت,0
يا ابن المحظوظه مش زي للي شخ عليهم كلب عندنا وتلبس محزق زملزق عشان يتعكسو وهما اساسن غفر,0
فين المستشفيات الحكومية اللى تقوم بعمل المسحه او التحليل,0
انا هدفى انك كا مذيع تمشى لانك مستفز وبارد,0
إلزام المدارس الخاصة بالمصروفات الدراسية وحلوه معاقبه المخالفين دي اي كلام فاضي وخلاص,0
تعرف على حقوق المؤمن عليه المصاب أثناء العمل بعجز جزئى مستديم وفقا للقانون,0
لا تعتب على من يكثر التحدث عن نفسه ، إنه غالبا ما لا يجيد التحدث في موضوع آخر,0
الإقلاع عن التدخين هو أسهل شيء . وأنا أعلم ما هو فقد قمت بذلك خمسين مرة,0
يا كابتن سعد انت مابلعبش بقالك مده اوعي تكون بتضحك على نفسك ان الاهلي حيرجعك لو عايزك ماكنتش طلعت اعاره يا كابتن,0
كمال ابو رية اجمل الشخصيات المحترمه ف الوسط الفني هو زوجته ناس محترمه وبيحترمو عقلية المشاهد,0
لاعب راجل محترم يستاهل كل الخير ان شاء الله بالتوفيق في الجاي يا مخلص ياوفي,0
اليوم السابع بيكذب علي متابعيه عشان بيقبض حق الدعايه الكذابه,0
حرام بقي فين الدبلومات الفنيه كفايه كده احنا خبنا اخرنا احنا ايه وقعنا يا عم افتكرنا ابوس ايدك احنا خللنا,0
والله العظيم هي ماشيه بستر ربنا ولطفه على الناس الموضوع ملوش علاقه بقرارات الحكومه الفظيعه دي,0
الصرف الصحى بيشغل الناس بدون اعدادات الأمان وباليوميه كله فساد,0
بوست سطحي غير مفيد لأي أحد ولا يستحق النشر .. وما تفعله ابنه د. هبة قطب غير مفيد ويهدف للشهرة بأي طريقة سطحية.,0
عشان تفهمو مقولة الاهلى فوق الجميع ...عندكو الجميع فوق الزمالك,0
ان شاء الله هتفتحي أكبر و أنجح شركة شحن بحماسك ومجهودك بعد توفيق ربنا,0
راجل من ظهر راجل ياكبير ايوه كده خلينا نخلص منهم,0
خلى بلك منه ولا تامن لة قليل الأصل لو طعيمتوا لحم كتاف بيخون,0
أنتحاري أستشاري يبقى ناري وشوف مساري الدفاعي موت جماعي من أي لاعيب ده خراب أجباري,0
وفي رقبتنا دول فرقة نتنه هات الأسلحة دي عيال ممله وعيال فانله أوضاع مخله العيشة غلاسة وعيال مجهده,0
زي مقال الحج أحمد كان زمان أللي عاوز يتسيط ميجيش في الأخر يعيط دماغي غيبوبة دماغي مطلوبة,0
أصحى يالي أمك صحبتي خلتك كمان كانت فردتي وختك بترقص على مطوتي أحسن من ايها سرسجي,0
الزمالك بطل الدورى والاهلى وصيف وعجبى,0
اتحاد فاشل يعني واحد اول مره يشتغل مدرب لحراس المرمى فيجيبوه مدرب حراس مرمى المنتخب,0
عار عليكم تبقوا لاعبين وتستخدموا شارة الماسون.,0
كلكم بقيتوا طيبين ومظلومين خلاص امال فين الوحشين,0
أصالة عجوز شمطاء وبقت مفتوحه على البحري زي الشاروقه,0
ماما ايه و بتباع ايه.... انتي هتعملي فيها بكر رشيد... انتي مدوباهم قبليه 3 ولا 4... اللهم لا اعتراض,0
الامن بيعرف ينظم حفلات المطربين اللي بالالف اشمعني المباريات يعني,0
عبارة مسيئة على عربية نقل بالشرقية يعنى نسافر الشرقية ونشوف بنفسنا كاتب إيه ؟؟,0
قلة دين وقلة تربيه وكل حاجه وحشه هوا كل واحد الدنيا تضيق بيه يروح منتحر,0
هيا القيامة مش عاوزه تقوم ليه خلاص فاضل ايه تاني الغش والضلال بقوا هما لغة الحياة بين الناس بيسموها فهلوة,0
انا وصغير كنت افكر البنت بتخلف بنات و الشب بخلف اولاد,0
هو الفيفا بيدخل ف كل حاجه كده حتى ف قيد اللاعبين وف كل الفرق بالعالم !!!!!!!!!!!,0
بلا حفيدة ام كلثوم بلا قرف الموهبة مابتتنقلش من الأم لبنتها,0
والله ما يحتاج صناعة صاروخ اول شي قبل المدرب اللياقة + اللياقة ثم المدرب,0
ذُنوب الخطوبة من أهم أسباب فشل الزواج .. خطيبك ليس حلالك !,0
غنكتب على حجرة كبيرة توحشتك وكنتمنى تطيح على راسك باش تجربي الالم لي كنحس به فغيابك,0
روكي ترامب” و”بيضة” و”عيد ميلاد حفرة,0
كَـلْ ما ضـآقْ بِـيْ الواقِـعْ أسلِـيْ خ ـآطِريْ بـِ { النـومْ } و هـِذيْ حَ ـآلة أيآمِ ـيْ صـآرتْ فرح ـِتيْ بـِ { نومِ ـيْ } ..,0
اليوم السابع ملهوش غير اللي مات والزواج والطلاق اللي اتخرب بيته وناسى اهم شىء اعلامى وضع المجتمع ومشاكلة,0
انتم صحيفة هايفه فيفي عبده مين وزفت مين ماتشوفوا المشاكل الحقيقية للمصريين,0
احنا مالنا بفيفي ماتجيبو طلاب الثانوي المظلوميين,0
احنا اصلا شعب تافه واي حاجه ملهاش لازمه تلاقي الصحافه كل شويه بتنشرها,0
اول مره اشوف واحد ماعنده الا غمازه واحده شيء غريب,0
تسخايل روحك ذكي أما أنت بوهالي,0
كل شوية امسحى هنا نضفى هنا .. جوزي قارفني و مطلع عينى,0
أنا مشوفتش المسلسل أساسا بس لما بشوف البوستات بفرح أن في حد أغبى منى 😅❤,0
